title,videoUrl,channelName,channelUrl,videoId,label,label_source,label_version,label_confidence,categoryId
the hardest math test,https://www.youtube.com/watch?v=utXyHKcb9GM,gohar khan,https://www.youtube.com/channel/UCPk2s5c4R_d-EUUNvFFODoA,utXyHKcb9GM,1,category,cat-v1,0.6,27
calculus at a fifth grade level,https://www.youtube.com/watch?v=TzDhdvVg9_c,lukey b the physics g,https://www.youtube.com/channel/UC3cRUKVHL5tk44KzyXbV7Cg,TzDhdvVg9_c,1,category,cat-v1,0.6,27
math integration timelapse  reallife application of calculus math maths justicethetutor,https://www.youtube.com/watch?v=IuOLMNX9zaU,justice shepard,https://www.youtube.com/channel/UC4UdwOtQsRxmhwkfTQXF5Qg,IuOLMNX9zaU,1,category,cat-v1,0.6,27
be lazy,https://www.youtube.com/watch?v=m6ltzaOpPl8,oxford mathematics,https://www.youtube.com/channel/UCLnGGRG__uGSPLBLzyhg8dQ,m6ltzaOpPl8,1,category,cat-v1,0.6,27
vectors  chapter 1 essence of linear algebra,https://www.youtube.com/watch?v=fNk_zzaMoSs,3blue1brown,https://www.youtube.com/channel/UCYO_jab_esuFRV4b17AJtAw,fNk_zzaMoSs,1,category,cat-v1,0.6,27
you can now preorder my math tricks book 🥳 i hope this helps calculus mathtrick math,https://www.youtube.com/watch?v=uxL04QhqJwk,pink pencil,https://www.youtube.com/channel/UCvqt9r_vhZVJtmeImy6eyMA,uxL04QhqJwk,1,category,cat-v1,0.6,27
the essence of calculus,https://www.youtube.com/watch?v=WUvTyaaNkzM,3blue1brown,https://www.youtube.com/channel/UCYO_jab_esuFRV4b17AJtAw,WUvTyaaNkzM,1,category,cat-v1,0.6,27
calculus 1  full college course,https://www.youtube.com/watch?v=HfACrKJ_Y2w,freecodecamporg,https://www.youtube.com/channel/UC8butISFwT-Wl7EV0hUK0BQ,HfACrKJ_Y2w,1,category,cat-v1,0.6,27
calculus 1  introduction to limits,https://www.youtube.com/watch?v=YNstP0ESndU,the organic chemistry tutor,https://www.youtube.com/channel/UCEWpbFLzoYGPfuWUMFPSaoA,YNstP0ESndU,1,category,cat-v1,0.6,27
how to solve math percentage word problem,https://www.youtube.com/watch?v=7G7UIQStEIk,math vibe,https://www.youtube.com/channel/UC2o9Vjg9g2mS6QPFGMV8duQ,7G7UIQStEIk,1,category,cat-v1,0.6,27
introduction to limits  limits  differential calculus  khan academy,https://www.youtube.com/watch?v=riXcZT2ICjA,khan academy,https://www.youtube.com/channel/UC4a-Gbdw7vOaccHmFo40b9g,riXcZT2ICjA,1,category,cat-v1,0.6,27
differential equations a tourists guide  de1,https://www.youtube.com/watch?v=p_di4Zn4wz4,3blue1brown,https://www.youtube.com/channel/UCYO_jab_esuFRV4b17AJtAw,p_di4Zn4wz4,1,category,cat-v1,0.6,27
indefinite integral  basic integration rules problems formulas trig functions calculus,https://www.youtube.com/watch?v=o75AqTInKDU,the organic chemistry tutor,https://www.youtube.com/channel/UCEWpbFLzoYGPfuWUMFPSaoA,o75AqTInKDU,1,category,cat-v1,0.6,27
understand calculus in 35 minutes,https://www.youtube.com/watch?v=WsQQvHm4lSw,the organic chemistry tutor,https://www.youtube.com/channel/UCEWpbFLzoYGPfuWUMFPSaoA,WsQQvHm4lSw,1,category,cat-v1,0.6,27
whats so special about eulers number e  chapter 5 essence of calculus,https://www.youtube.com/watch?v=m2MIpDrF7Es,3blue1brown,https://www.youtube.com/channel/UCYO_jab_esuFRV4b17AJtAw,m2MIpDrF7Es,1,category,cat-v1,0.6,27
taylor series  chapter 11 essence of calculus,https://www.youtube.com/watch?v=3d6DsjIBzJ4,3blue1brown,https://www.youtube.com/channel/UCYO_jab_esuFRV4b17AJtAw,3d6DsjIBzJ4,1,category,cat-v1,0.6,27
calculus 1  derivatives,https://www.youtube.com/watch?v=5yfh5cf4-0w,the organic chemistry tutor,https://www.youtube.com/channel/UCEWpbFLzoYGPfuWUMFPSaoA,5yfh5cf4-0w,1,category,cat-v1,0.6,27
algebra basics what are functions  math antics,https://www.youtube.com/watch?v=52tpYl2tTqk,mathantics,https://www.youtube.com/channel/UCBuMwlP7kHkNxdPAqtFSJTw,52tpYl2tTqk,1,category,cat-v1,0.6,27
square root trick long division method,https://www.youtube.com/watch?v=WGDtHzpfa2o,saraswati maths academy,https://www.youtube.com/channel/UCuITCMABV2C2Bod0lIihpJw,WGDtHzpfa2o,1,category,cat-v1,0.6,27
missing angles geometry problem  tricky math question  justicethetutor maths math shorts,https://www.youtube.com/watch?v=LiP7IkD0-fk,justice shepard,https://www.youtube.com/channel/UC4UdwOtQsRxmhwkfTQXF5Qg,LiP7IkD0-fk,1,category,cat-v1,0.6,27
calculus 1 lecture 11  an introduction to limits,https://www.youtube.com/watch?v=54_XRjHhZzI,professor leonard,https://www.youtube.com/channel/UCoHhuummRZaIVX7bD4t2czg,54_XRjHhZzI,1,category,cat-v1,0.6,27
implicit differentiation explained  product rule quotient  chain rule  calculus,https://www.youtube.com/watch?v=LGY-DjFsALc,the organic chemistry tutor,https://www.youtube.com/channel/UCEWpbFLzoYGPfuWUMFPSaoA,LGY-DjFsALc,1,category,cat-v1,0.6,27
taylor series and maclaurin series  calculus 2,https://www.youtube.com/watch?v=LDBnS4c7YbA,the organic chemistry tutor,https://www.youtube.com/channel/UCEWpbFLzoYGPfuWUMFPSaoA,LDBnS4c7YbA,1,category,cat-v1,0.6,27
are you flossing properly dentaltips dentaleducation,https://www.youtube.com/watch?v=uSI8pW7hHoo,providentdentistry,https://www.youtube.com/channel/UCjVDJ-GmQRRSZM7-j3IXPfQ,uSI8pW7hHoo,1,category,cat-v1,0.6,27
integration and the fundamental theorem of calculus  chapter 8 essence of calculus,https://www.youtube.com/watch?v=rfG8ce4nNh0,3blue1brown,https://www.youtube.com/channel/UCYO_jab_esuFRV4b17AJtAw,rfG8ce4nNh0,1,category,cat-v1,0.6,27
why shrek is in your calculus textbook,https://www.youtube.com/watch?v=nt-y5iBrIrs,wrath of math,https://www.youtube.com/channel/UCyEKvaxi8mt9FMc62MHcliw,nt-y5iBrIrs,1,category,cat-v1,0.6,27
calculus 1  integration  antiderivatives,https://www.youtube.com/watch?v=6WUjbJEeJwM,the organic chemistry tutor,https://www.youtube.com/channel/UCEWpbFLzoYGPfuWUMFPSaoA,6WUjbJEeJwM,1,category,cat-v1,0.6,27
definite integral calculus examples integration  basic introduction practice problems,https://www.youtube.com/watch?v=rCWOdfQ3cwQ,the organic chemistry tutor,https://www.youtube.com/channel/UCEWpbFLzoYGPfuWUMFPSaoA,rCWOdfQ3cwQ,1,category,cat-v1,0.6,27
partial derivatives  multivariable calculus,https://www.youtube.com/watch?v=JAf_aSIJryg,the organic chemistry tutor,https://www.youtube.com/channel/UCEWpbFLzoYGPfuWUMFPSaoA,JAf_aSIJryg,1,category,cat-v1,0.6,27
3 step continuity test discontinuity piecewise functions  limits  calculus,https://www.youtube.com/watch?v=WT7oxiiFYt8,the organic chemistry tutor,https://www.youtube.com/channel/UCEWpbFLzoYGPfuWUMFPSaoA,WT7oxiiFYt8,1,category,cat-v1,0.6,27
❌ horrors of jee integration  jee mains 2024  jee 2025  jee advanced 2024  cbse 2024 jee,https://www.youtube.com/watch?v=AGcATRnXiQA,jee with ajay ,https://www.youtube.com/channel/UCuAlHkFs9SGaiKr8u8siyTw,AGcATRnXiQA,1,category,cat-v1,0.6,27
derivatives of exponential functions  logarithmic differentiation calculus  lnx e2x xx xsinx,https://www.youtube.com/watch?v=zmnh448y_ZU,the organic chemistry tutor,https://www.youtube.com/channel/UCEWpbFLzoYGPfuWUMFPSaoA,zmnh448y_ZU,1,category,cat-v1,0.6,27
derivatives of trigonometric functions  product rule quotient  chain rule  calculus tutorial,https://www.youtube.com/watch?v=_niP0JaOgHY,the organic chemistry tutor,https://www.youtube.com/channel/UCEWpbFLzoYGPfuWUMFPSaoA,_niP0JaOgHY,1,category,cat-v1,0.6,27
logarithms explained  steve kelly,https://www.youtube.com/watch?v=zzu2POfYv0Y,teded,https://www.youtube.com/channel/UCsooa4yRKGN_zEE8iknghZA,zzu2POfYv0Y,1,category,cat-v1,0.6,27
basic math calculus – understand simple calculus with just basic math in 5 minutes,https://www.youtube.com/watch?v=IFlXeFwA_2A,brain station advanced,https://www.youtube.com/channel/UCGPUOBWuUVm6l28mOlUMfxg,IFlXeFwA_2A,1,category,cat-v1,0.6,27
logarithms explained rules  properties condense expand graphing  solving equations introduction,https://www.youtube.com/watch?v=LRbi_pMX1DM,the organic chemistry tutor,https://www.youtube.com/channel/UCEWpbFLzoYGPfuWUMFPSaoA,LRbi_pMX1DM,1,category,cat-v1,0.6,27
precalculus course,https://www.youtube.com/watch?v=eI4an8aSsgw,freecodecamporg,https://www.youtube.com/channel/UC8butISFwT-Wl7EV0hUK0BQ,eI4an8aSsgw,1,category,cat-v1,0.6,27
disk  washer method  calculus,https://www.youtube.com/watch?v=SAHSVg7Jw_A,the organic chemistry tutor,https://www.youtube.com/channel/UCEWpbFLzoYGPfuWUMFPSaoA,SAHSVg7Jw_A,1,category,cat-v1,0.6,27
finding the tangent line equation with derivatives  calculus problems,https://www.youtube.com/watch?v=5-TKfOzwu9w,the organic chemistry tutor,https://www.youtube.com/channel/UCEWpbFLzoYGPfuWUMFPSaoA,5-TKfOzwu9w,1,category,cat-v1,0.6,27
how to self study pure math  a stepbystep guide,https://www.youtube.com/watch?v=byNaO_zn2fI,aleph 0,https://www.youtube.com/channel/UCzBjutX2PmitNF4avysL-vg,byNaO_zn2fI,1,category,cat-v1,0.6,27
electric flux gausss law  electric fields through a cube sphere  disk physics problems,https://www.youtube.com/watch?v=q1eor6oIuUo,the organic chemistry tutor,https://www.youtube.com/channel/UCEWpbFLzoYGPfuWUMFPSaoA,q1eor6oIuUo,1,category,cat-v1,0.6,27
summation formulas and sigma notation  calculus,https://www.youtube.com/watch?v=XJkIaw2e1Pw,the organic chemistry tutor,https://www.youtube.com/channel/UCEWpbFLzoYGPfuWUMFPSaoA,XJkIaw2e1Pw,1,category,cat-v1,0.6,27
calculus made easy finally understand it in minutes,https://www.youtube.com/watch?v=AVWrB1vt5nM,tabletclass math,https://www.youtube.com/channel/UCglNXzBo6bmKc9otKf-OuGQ,AVWrB1vt5nM,1,category,cat-v1,0.6,27
improper integrals  convergence and divergence  calculus 2,https://www.youtube.com/watch?v=ND9cEdfCFr0,the organic chemistry tutor,https://www.youtube.com/channel/UCEWpbFLzoYGPfuWUMFPSaoA,ND9cEdfCFr0,1,category,cat-v1,0.6,27
single variable calculus differential calculusrolles theoremlecture 01all university,https://www.youtube.com/watch?v=bQ_B9cHBYfQ,pradeep giri academy,https://www.youtube.com/channel/UCOgMBTdFTSCtr8p7yVzSHkw,bQ_B9cHBYfQ,1,category,cat-v1,0.6,27
calculus 1 review   basic introduction,https://www.youtube.com/watch?v=GiCojsAWRj0,the organic chemistry tutor,https://www.youtube.com/channel/UCEWpbFLzoYGPfuWUMFPSaoA,GiCojsAWRj0,1,category,cat-v1,0.6,27
optimization problems  calculus,https://www.youtube.com/watch?v=lx8RcYcYVuU,the organic chemistry tutor,https://www.youtube.com/channel/UCEWpbFLzoYGPfuWUMFPSaoA,lx8RcYcYVuU,1,category,cat-v1,0.6,27
calculator techniqueoring quadratic polynomials,https://www.youtube.com/watch?v=idiks6Gw5-M,engineerelah,https://www.youtube.com/channel/UCnYdV0Ka5F4x8VRhN-Dd0yQ,idiks6Gw5-M,1,category,cat-v1,0.6,27
algebra 1  basics for beginners,https://www.youtube.com/watch?v=tTomwopxKFE,ultimatealgebra,https://www.youtube.com/channel/UCS1YNEY54RYgt9ObzGW2mfg,tTomwopxKFE,1,category,cat-v1,0.6,27
fundamental theorem of calculus part 1,https://www.youtube.com/watch?v=aeB5BWY0RlE,the organic chemistry tutor,https://www.youtube.com/channel/UCEWpbFLzoYGPfuWUMFPSaoA,aeB5BWY0RlE,1,category,cat-v1,0.6,27
memorization trick for graphing functions part 1  algebra math hack shorts math school,https://www.youtube.com/watch?v=RSAD7QNT1hs,justice shepard,https://www.youtube.com/channel/UC4UdwOtQsRxmhwkfTQXF5Qg,RSAD7QNT1hs,1,category,cat-v1,0.6,27
how to do math like this kid,https://www.youtube.com/watch?v=MqvIqR45_wg,your math bestie,https://www.youtube.com/channel/UChZLc_8cf3bZiBKdiLPl1VQ,MqvIqR45_wg,1,category,cat-v1,0.6,27
algebra basics what is algebra  math antics,https://www.youtube.com/watch?v=NybHckSEQBI,mathantics,https://www.youtube.com/channel/UCBuMwlP7kHkNxdPAqtFSJTw,NybHckSEQBI,1,category,cat-v1,0.6,27
how to solve quadratic equations by factoring  quick  simple  algebra online course,https://www.youtube.com/watch?v=qeByhTF8WEw,the organic chemistry tutor,https://www.youtube.com/channel/UCEWpbFLzoYGPfuWUMFPSaoA,qeByhTF8WEw,1,category,cat-v1,0.6,27
linear combinations span and basis vectors  chapter 2 essence of linear algebra,https://www.youtube.com/watch?v=k7RM-ot2NWY,3blue1brown,https://www.youtube.com/channel/UCYO_jab_esuFRV4b17AJtAw,k7RM-ot2NWY,1,category,cat-v1,0.6,27
linear transformations and matrices  chapter 3 essence of linear algebra,https://www.youtube.com/watch?v=kYB8IZa5AuE,3blue1brown,https://www.youtube.com/channel/UCYO_jab_esuFRV4b17AJtAw,kYB8IZa5AuE,1,category,cat-v1,0.6,27
algebra basics solving 2step equations  math antics,https://www.youtube.com/watch?v=LDIiYKYvvdA,mathantics,https://www.youtube.com/channel/UCBuMwlP7kHkNxdPAqtFSJTw,LDIiYKYvvdA,1,category,cat-v1,0.6,27
algebra basics solving basic equations part 1  math antics,https://www.youtube.com/watch?v=l3XzepN03KQ,mathantics,https://www.youtube.com/channel/UCBuMwlP7kHkNxdPAqtFSJTw,l3XzepN03KQ,1,category,cat-v1,0.6,27
eigenvectors and eigenvalues  chapter 14 essence of linear algebra,https://www.youtube.com/watch?v=PFDu9oVAE-g,3blue1brown,https://www.youtube.com/channel/UCYO_jab_esuFRV4b17AJtAw,PFDu9oVAE-g,1,category,cat-v1,0.6,27
algebra basics what are polynomials  math antics,https://www.youtube.com/watch?v=ffLLmV4mZwU,mathantics,https://www.youtube.com/channel/UCBuMwlP7kHkNxdPAqtFSJTw,ffLLmV4mZwU,1,category,cat-v1,0.6,27
learn mathematics from start to finish,https://www.youtube.com/watch?v=pTnEG_WGd2Q,the math sorcerer,https://www.youtube.com/channel/UCr7lmzIk63PZnBw3bezl-Mg,pTnEG_WGd2Q,1,category,cat-v1,0.6,27
long division with polynomials  the easy way,https://www.youtube.com/watch?v=_FSXJmESFmQ,the organic chemistry tutor,https://www.youtube.com/channel/UCEWpbFLzoYGPfuWUMFPSaoA,_FSXJmESFmQ,1,category,cat-v1,0.6,27
algebra introduction  basic overview  online crash course review video tutorial lessons,https://www.youtube.com/watch?v=grnP3mduZkM,the organic chemistry tutor,https://www.youtube.com/channel/UCEWpbFLzoYGPfuWUMFPSaoA,grnP3mduZkM,1,category,cat-v1,0.6,27
algebra  how to solve equations quickly,https://www.youtube.com/watch?v=Z-ZkmpQBIFo,the organic chemistry tutor,https://www.youtube.com/channel/UCEWpbFLzoYGPfuWUMFPSaoA,Z-ZkmpQBIFo,1,category,cat-v1,0.6,27
the determinant  chapter 6 essence of linear algebra,https://www.youtube.com/watch?v=Ip3X9LOh2dk,3blue1brown,https://www.youtube.com/channel/UCYO_jab_esuFRV4b17AJtAw,Ip3X9LOh2dk,1,category,cat-v1,0.6,27
algebra 2 introduction basic review factoring slope absolute value linear quadratic equations,https://www.youtube.com/watch?v=i6sbjtJjJ-A,the organic chemistry tutor,https://www.youtube.com/channel/UCEWpbFLzoYGPfuWUMFPSaoA,i6sbjtJjJ-A,1,category,cat-v1,0.6,27
algebra basics solving basic equations part 2  math antics,https://www.youtube.com/watch?v=Qyd_v3DGzTM,mathantics,https://www.youtube.com/channel/UCBuMwlP7kHkNxdPAqtFSJTw,Qyd_v3DGzTM,1,category,cat-v1,0.6,27
matrix multiplication as composition  chapter 4 essence of linear algebra,https://www.youtube.com/watch?v=XkY2DOUCWMU,3blue1brown,https://www.youtube.com/channel/UCYO_jab_esuFRV4b17AJtAw,XkY2DOUCWMU,1,category,cat-v1,0.6,27
algebra basics graphing on the coordinate plane  math antics,https://www.youtube.com/watch?v=9Uc62CuQjc4,mathantics,https://www.youtube.com/channel/UCBuMwlP7kHkNxdPAqtFSJTw,9Uc62CuQjc4,1,category,cat-v1,0.6,27
arithmetic sequences and arithmetic series  basic introduction,https://www.youtube.com/watch?v=XZJdyPkCxuE,the organic chemistry tutor,https://www.youtube.com/channel/UCEWpbFLzoYGPfuWUMFPSaoA,XZJdyPkCxuE,1,category,cat-v1,0.6,27
algebra basics the distributive property  math antics,https://www.youtube.com/watch?v=v-6MShC82ow,mathantics,https://www.youtube.com/channel/UCBuMwlP7kHkNxdPAqtFSJTw,v-6MShC82ow,1,category,cat-v1,0.6,27
gaussian elimination  row echelon form,https://www.youtube.com/watch?v=eDb6iugi6Uk,the organic chemistry tutor,https://www.youtube.com/channel/UCEWpbFLzoYGPfuWUMFPSaoA,eDb6iugi6Uk,1,category,cat-v1,0.6,27
solving systems of equations by elimination  substitution with 2 variables,https://www.youtube.com/watch?v=oKqtgz2eo-Y,the organic chemistry tutor,https://www.youtube.com/channel/UCEWpbFLzoYGPfuWUMFPSaoA,oKqtgz2eo-Y,1,category,cat-v1,0.6,27
inverse matrices column space and null space  chapter 7 essence of linear algebra,https://www.youtube.com/watch?v=uQhTuRlWMxw,3blue1brown,https://www.youtube.com/channel/UCYO_jab_esuFRV4b17AJtAw,uQhTuRlWMxw,1,category,cat-v1,0.6,27
vector space   definition of vector space   examples of vector space  linear algebra,https://www.youtube.com/watch?v=1XlT3Y2oyAU,drgajendra purohit,https://www.youtube.com/channel/UC_4NoVAkQzeSaxCgm-to25A,1XlT3Y2oyAU,1,category,cat-v1,0.6,27
group theory abstraction and the 196883dimensional monster,https://www.youtube.com/watch?v=mH0oCDa74tE,3blue1brown,https://www.youtube.com/channel/UCYO_jab_esuFRV4b17AJtAw,mH0oCDa74tE,1,category,cat-v1,0.6,27
statquest principal component analysis pca stepbystep,https://www.youtube.com/watch?v=FgakZw6K1QQ,statquest with josh starmer,https://www.youtube.com/channel/UCtYLUTtgS3k1Fg4y5tAhLbw,FgakZw6K1QQ,1,category,cat-v1,0.6,27
intro to matrices,https://www.youtube.com/watch?v=yRwQ7A6jVLk,the organic chemistry tutor,https://www.youtube.com/channel/UCEWpbFLzoYGPfuWUMFPSaoA,yRwQ7A6jVLk,1,category,cat-v1,0.6,27
learn functions – understand in 7 minutes,https://www.youtube.com/watch?v=lGfsp2CWjok,tabletclass math,https://www.youtube.com/channel/UCglNXzBo6bmKc9otKf-OuGQ,lGfsp2CWjok,1,category,cat-v1,0.6,27
dot products and duality  chapter 9 essence of linear algebra,https://www.youtube.com/watch?v=LyGKycYT2v0,3blue1brown,https://www.youtube.com/channel/UCYO_jab_esuFRV4b17AJtAw,LyGKycYT2v0,1,category,cat-v1,0.6,27
the applications of matrices  what i wish my teachers told me way earlier,https://www.youtube.com/watch?v=rowWM-MijXU,zach star,https://www.youtube.com/channel/UCpCSAcbqs-sjEVfk_hMfY9w,rowWM-MijXU,1,category,cat-v1,0.6,27
inverse of a 3x3 matrix,https://www.youtube.com/watch?v=Fg7_mv3izR0,the organic chemistry tutor,https://www.youtube.com/channel/UCEWpbFLzoYGPfuWUMFPSaoA,Fg7_mv3izR0,1,category,cat-v1,0.6,27
gil strangs final 1806 linear algebra lecture,https://www.youtube.com/watch?v=lUUte2o2Sn8,mit opencourseware,https://www.youtube.com/channel/UCEBb1b_L6zDS3xTUrIALZOw,lUUte2o2Sn8,1,category,cat-v1,0.6,27
linear equations  algebra,https://www.youtube.com/watch?v=Ft2_QtXAnh8,the organic chemistry tutor,https://www.youtube.com/channel/UCEWpbFLzoYGPfuWUMFPSaoA,Ft2_QtXAnh8,1,category,cat-v1,0.6,27
eigen values and eigen vectors in hindi solved problem 1 in matrices tiklesacademy,https://www.youtube.com/watch?v=apmSB7kmF38,tikles academy of maths,https://www.youtube.com/channel/UCFOt62F9cFogxtHqgPnhyHA,apmSB7kmF38,1,category,cat-v1,0.6,27
rank of matrix solved examples 1  unit  matrices  tiklesacademy,https://www.youtube.com/watch?v=4Augy2kdEUE,tikles academy of maths,https://www.youtube.com/channel/UCFOt62F9cFogxtHqgPnhyHA,4Augy2kdEUE,1,category,cat-v1,0.6,27
algebra 1 full course,https://www.youtube.com/watch?v=GAN-jgzYsIo,greenemathcom,https://www.youtube.com/channel/UCTy8D3wAtiJtSuA-2YOEfAw,GAN-jgzYsIo,1,category,cat-v1,0.6,27
how to solve linear inequalities basic introduction algebra,https://www.youtube.com/watch?v=DrZJKdXlZ3I,the organic chemistry tutor,https://www.youtube.com/channel/UCEWpbFLzoYGPfuWUMFPSaoA,DrZJKdXlZ3I,1,category,cat-v1,0.6,27
first order linear differential equations,https://www.youtube.com/watch?v=gd1FYn86P0c,the organic chemistry tutor,https://www.youtube.com/channel/UCEWpbFLzoYGPfuWUMFPSaoA,gd1FYn86P0c,1,category,cat-v1,0.6,27
gauss jordan elimination  reduced row echelon form,https://www.youtube.com/watch?v=eYSASx8_nyg,the organic chemistry tutor,https://www.youtube.com/channel/UCEWpbFLzoYGPfuWUMFPSaoA,eYSASx8_nyg,1,category,cat-v1,0.6,27
essence of linear algebra preview,https://www.youtube.com/watch?v=kjBOesZCoqc,3blue1brown,https://www.youtube.com/channel/UCYO_jab_esuFRV4b17AJtAw,kjBOesZCoqc,1,category,cat-v1,0.6,27
1 the geometry of linear equations,https://www.youtube.com/watch?v=J7DzL2_Na80,mit opencourseware,https://www.youtube.com/channel/UCEBb1b_L6zDS3xTUrIALZOw,J7DzL2_Na80,1,category,cat-v1,0.6,27
rank of matrix  how to find rank of matrix  matrices  linear algebra,https://www.youtube.com/watch?v=ccaHV-ukK2o,drgajendra purohit,https://www.youtube.com/channel/UC_4NoVAkQzeSaxCgm-to25A,ccaHV-ukK2o,1,category,cat-v1,0.6,27
threedimensional linear transformations  chapter 5 essence of linear algebra,https://www.youtube.com/watch?v=rHLEWRxRGiM,3blue1brown,https://www.youtube.com/channel/UCYO_jab_esuFRV4b17AJtAw,rHLEWRxRGiM,1,category,cat-v1,0.6,27
kya aap kar sakte hain  anubhavsir theoryofphysics centrifugalforce,https://www.youtube.com/watch?v=925WErWQkSA,theory of physics  anubhav shrivastava,https://www.youtube.com/channel/UCSrwhbt5DQZgTRnlPZ7EwXw,925WErWQkSA,1,category,cat-v1,0.6,27
does the spinning wheel defy gravity no it obeys physics funny fyp reels shorts shortsvideo,https://www.youtube.com/watch?v=jhwvCKrUq9U,tamu physics  astronomy,https://www.youtube.com/channel/UC4BzfoDeAwqdNckkp0htOuQ,jhwvCKrUq9U,1,category,cat-v1,0.6,27
so how does a tubeless tyre works   theoryofphysics anubhavsir tubelesstyres 500k,https://www.youtube.com/watch?v=wTdqMlF7QE4,theory of physics  anubhav shrivastava,https://www.youtube.com/channel/UCSrwhbt5DQZgTRnlPZ7EwXw,wTdqMlF7QE4,1,category,cat-v1,0.6,27
can you fill an inverted flask  anubhavsir theoryofphysics physics,https://www.youtube.com/watch?v=cwrAsJlHuFQ,theory of physics  anubhav shrivastava,https://www.youtube.com/channel/UCSrwhbt5DQZgTRnlPZ7EwXw,cwrAsJlHuFQ,1,category,cat-v1,0.6,27
dont underestimate the atmospheric pressuretheoryofphysics atmosphericpressure anubhavsir,https://www.youtube.com/watch?v=t0LUAnEDc7E,theory of physics  anubhav shrivastava,https://www.youtube.com/channel/UCSrwhbt5DQZgTRnlPZ7EwXw,t0LUAnEDc7E,1,category,cat-v1,0.6,27
can you hang a bottle without a counterweight theoryofphysics anubhavsir counterweight gwalior,https://www.youtube.com/watch?v=Ty7du63T1LA,theory of physics  anubhav shrivastava,https://www.youtube.com/channel/UCSrwhbt5DQZgTRnlPZ7EwXw,Ty7du63T1LA,1,category,cat-v1,0.6,27
anti gravity balloon theoryofphysics anubhavsir physics,https://www.youtube.com/watch?v=BSpLNnPMMSQ,theory of physics  anubhav shrivastava,https://www.youtube.com/channel/UCSrwhbt5DQZgTRnlPZ7EwXw,BSpLNnPMMSQ,1,category,cat-v1,0.6,27
anti gravity wheel theoryofphysics physics anubhavsir,https://www.youtube.com/watch?v=Id0IksGVpMY,theory of physics  anubhav shrivastava,https://www.youtube.com/channel/UCSrwhbt5DQZgTRnlPZ7EwXw,Id0IksGVpMY,1,category,cat-v1,0.6,27
the power of atmospheric pressure theoryofphysics anubhavsir,https://www.youtube.com/watch?v=IJmIJov5XL0,theory of physics  anubhav shrivastava,https://www.youtube.com/channel/UCSrwhbt5DQZgTRnlPZ7EwXw,IJmIJov5XL0,1,category,cat-v1,0.6,27
will you accept the challenge momentofinertia theoryofphysics anubhavsir,https://www.youtube.com/watch?v=UDUHxDGOEqk,theory of physics  anubhav shrivastava,https://www.youtube.com/channel/UCSrwhbt5DQZgTRnlPZ7EwXw,UDUHxDGOEqk,1,category,cat-v1,0.6,27
so how many pins can you fit intheoryofphysics physics anubhavsir,https://www.youtube.com/watch?v=CUt7T3fQXQQ,theory of physics  anubhav shrivastava,https://www.youtube.com/channel/UCSrwhbt5DQZgTRnlPZ7EwXw,CUt7T3fQXQQ,1,category,cat-v1,0.6,27
comment the concept used theoryofphysics anubhavsir,https://www.youtube.com/watch?v=rcVU5VMJdwY,theory of physics  anubhav shrivastava,https://www.youtube.com/channel/UCSrwhbt5DQZgTRnlPZ7EwXw,rcVU5VMJdwY,1,category,cat-v1,0.6,27
are you brave enough   theoryofphysics anubhavsir physics classexperiment gwalior mlb,https://www.youtube.com/watch?v=XW-Cuo8yZBg,theory of physics  anubhav shrivastava,https://www.youtube.com/channel/UCSrwhbt5DQZgTRnlPZ7EwXw,XW-Cuo8yZBg,1,category,cat-v1,0.6,27
can welding really make you blind 3d animation shorts,https://www.youtube.com/watch?v=5HITopEzRlk,professor of how,https://www.youtube.com/channel/UCepBxbSrGZkgjgGJuY04c-Q,5HITopEzRlk,1,category,cat-v1,0.6,27
ready for a big cloud these kids sure were physics funny fyp reels shorts shortsvideo,https://www.youtube.com/watch?v=CVHo7y9oh9g,tamu physics  astronomy,https://www.youtube.com/channel/UC4BzfoDeAwqdNckkp0htOuQ,CVHo7y9oh9g,1,category,cat-v1,0.6,27
can you read anubhavsir theoryofphysics reflection refractionoflight,https://www.youtube.com/watch?v=i_BQHnBqWqo,theory of physics  anubhav shrivastava,https://www.youtube.com/channel/UCSrwhbt5DQZgTRnlPZ7EwXw,i_BQHnBqWqo,1,category,cat-v1,0.6,27
magnetic glass  anubhavsir theoryofphysics,https://www.youtube.com/watch?v=H-9plYfkywc,theory of physics  anubhav shrivastava,https://www.youtube.com/channel/UCSrwhbt5DQZgTRnlPZ7EwXw,H-9plYfkywc,1,category,cat-v1,0.6,27
inertia samjha theoryofphysics physics anubhavsir,https://www.youtube.com/watch?v=Z056mVUQesc,theory of physics  anubhav shrivastava,https://www.youtube.com/channel/UCSrwhbt5DQZgTRnlPZ7EwXw,Z056mVUQesc,1,category,cat-v1,0.6,27
watch till the end comment below the concept usedtheoryofphysics hobermansphere,https://www.youtube.com/watch?v=MGM-NdYLcT0,theory of physics  anubhav shrivastava,https://www.youtube.com/channel/UCSrwhbt5DQZgTRnlPZ7EwXw,MGM-NdYLcT0,1,category,cat-v1,0.6,27
whats the fastest way to empty a bottle  theoryofphysics anubhavsir physics airpressure,https://www.youtube.com/watch?v=CoiLUtu4Pj0,theory of physics  anubhav shrivastava,https://www.youtube.com/channel/UCSrwhbt5DQZgTRnlPZ7EwXw,CoiLUtu4Pj0,1,category,cat-v1,0.6,27
topic ❌ physics ✅ ✅ theoryofphysics anubhavsir,https://www.youtube.com/watch?v=99QEoELl790,theory of physics  anubhav shrivastava,https://www.youtube.com/channel/UCSrwhbt5DQZgTRnlPZ7EwXw,99QEoELl790,1,category,cat-v1,0.6,27
kya aap kar sakte hain  anubhavsir theoryofphysics physics physicsfun gwalior,https://www.youtube.com/watch?v=c3WXQvtoqJQ,theory of physics  anubhav shrivastava,https://www.youtube.com/channel/UCSrwhbt5DQZgTRnlPZ7EwXw,c3WXQvtoqJQ,1,category,cat-v1,0.6,27
kya tute hue bulb ko jala sakte haintheoryofphysics physics anubhavsir gwalior liquidnitrogen,https://www.youtube.com/watch?v=G1pDL9VqXN4,theory of physics  anubhav shrivastava,https://www.youtube.com/channel/UCSrwhbt5DQZgTRnlPZ7EwXw,G1pDL9VqXN4,1,category,cat-v1,0.6,27
ray optics practical  light reflection and refraction class 10,https://www.youtube.com/watch?v=yXvU6HDwAaM,physics by m anwar,https://www.youtube.com/channel/UCYGXsjLa0Y3ypLcOaJxHuew,yXvU6HDwAaM,1,category,cat-v1,0.6,27
bernoullis principle,https://www.youtube.com/watch?v=e6Ot4v6rxKE,paulo flores,https://www.youtube.com/channel/UCWs3-lovtuiCi-YiXLq_IQQ,e6Ot4v6rxKE,1,category,cat-v1,0.6,27
the most misunderstood concept in physics,https://www.youtube.com/watch?v=DxL2HoqLbyA,veritasium,https://www.youtube.com/channel/UCHnyfMqiRRG1u-2MsSQLbXA,DxL2HoqLbyA,1,category,cat-v1,0.6,27
friction vs waves one shot ⚠️ physics jee shorts namokaul,https://www.youtube.com/watch?v=7Fj31kQCfZo, beastchemist x unacademy jee,https://www.youtube.com/channel/UCZNNx4KYmCkwxCLdsHyWqQA,7Fj31kQCfZo,1,category,cat-v1,0.6,27
class ka sabse bahadur bachha theoryofphysics physics anubhavsir teachingismypassion inertia,https://www.youtube.com/watch?v=PXexgALczwQ,theory of physics  anubhav shrivastava,https://www.youtube.com/channel/UCSrwhbt5DQZgTRnlPZ7EwXw,PXexgALczwQ,1,category,cat-v1,0.6,27
something strange happens when you trust quantum mechanics,https://www.youtube.com/watch?v=qJZ1Ez28C-A,veritasium,https://www.youtube.com/channel/UCHnyfMqiRRG1u-2MsSQLbXA,qJZ1Ez28C-A,1,category,cat-v1,0.6,27
physics h ya jaadu   com balance glass on plate shorts,https://www.youtube.com/watch?v=hKOQJKhBl6w,fun in pathshala,https://www.youtube.com/channel/UCIQD6GdYGmx6N-65Y8iz1MA,hKOQJKhBl6w,1,category,cat-v1,0.6,27
reflection of light🤗  best practical  light shorts light science education,https://www.youtube.com/watch?v=JYpGPRA9-xk,science boy ,https://www.youtube.com/channel/UC0FwWBRuHw3pzsB_bioQGNA,JYpGPRA9-xk,1,category,cat-v1,0.6,27
the biggest misconception in physics,https://www.youtube.com/watch?v=lcjdwSY2AzM,veritasium,https://www.youtube.com/channel/UCHnyfMqiRRG1u-2MsSQLbXA,lcjdwSY2AzM,1,category,cat-v1,0.6,27
dos and donts while studying  shorts physicswallah,https://www.youtube.com/watch?v=WYy1XQeUni4,physics wallah foundation,https://www.youtube.com/channel/UCphU2bAGmw304CFAzy0Enuw,WYy1XQeUni4,1,category,cat-v1,0.6,27
how to inflate a huge bag in one breath use physics ️,https://www.youtube.com/watch?v=X9UEcXjjUzQ,tamu physics  astronomy,https://www.youtube.com/channel/UC4BzfoDeAwqdNckkp0htOuQ,X9UEcXjjUzQ,1,category,cat-v1,0.6,27
the beauty of physicsmust watch  sciencelove physics physicsfundamentals,https://www.youtube.com/watch?v=zKbCIR3mJhA,anjali sharma,https://www.youtube.com/channel/UC5CacsJKMLVhE3TvFMqtXzA,zKbCIR3mJhA,1,category,cat-v1,0.6,27
newtons third law  best demonstration ever   by prof walter lewin,https://www.youtube.com/watch?v=ruBfXIVSYZ8,the physicsmaths wizard,https://www.youtube.com/channel/UCF2IdSvpCUXPLQ1Q_r5JW1A,ruBfXIVSYZ8,1,category,cat-v1,0.6,27
a day in the life of a physics major,https://www.youtube.com/watch?v=tBwFRnTzcYY,gohar khan,https://www.youtube.com/channel/UCPk2s5c4R_d-EUUNvFFODoA,tBwFRnTzcYY,1,category,cat-v1,0.6,27
einstein was nice to everyone except one man  avshalom elitzur,https://www.youtube.com/watch?v=ZkcjYFj8BCs,the institute of art and ideas,https://www.youtube.com/channel/UCTsiZiMomJo6FOyiBaFeaIw,ZkcjYFj8BCs,1,category,cat-v1,0.6,27
how to ace your next science exam,https://www.youtube.com/watch?v=KeSyKl7zHG0,gohar khan,https://www.youtube.com/channel/UCPk2s5c4R_d-EUUNvFFODoA,KeSyKl7zHG0,1,category,cat-v1,0.6,27
light  reflection  refraction class 10  complete chapter in one shot  class 10  alakh pandey,https://www.youtube.com/watch?v=kHVAk96r05Y,alakh pandey  class 9th  10th,https://www.youtube.com/channel/UCFLdnJ7lV_s64MKTXNGp-EQ,kHVAk96r05Y,1,category,cat-v1,0.6,27
all of physics explained in 14 minutes,https://www.youtube.com/watch?v=ZAqIoDhornk,wacky science,https://www.youtube.com/channel/UC8VhAX-voAUegprM4SpHQJQ,ZAqIoDhornk,1,category,cat-v1,0.6,27
how to solve physics numericals  how to study physics  how to get 90 in physics ,https://www.youtube.com/watch?v=AIMfSclMnts,physics wallah  alakh pandey,https://www.youtube.com/channel/UCiGyWN6DEbnj2alu7iapuKQ,AIMfSclMnts,1,category,cat-v1,0.6,27
🤯 real life example ❤️ study for jee practically physics jee 2023iit jee shorts iitbombay  neet,https://www.youtube.com/watch?v=y17e12Au3RU,harshal bits pilani  10q challenge,https://www.youtube.com/channel/UCf4KV0fvs49gWIG0Hm_j7fA,y17e12Au3RU,1,category,cat-v1,0.6,27
law of conservation of mechanical energy class 11 physics experiment neet pyqs cbse rbse ncert jee,https://www.youtube.com/watch?v=lIr1fK7rLg4,magical physics by shekhar sir ,https://www.youtube.com/channel/UC5Qn7D5lpUIlVJRO3p0EWww,lIr1fK7rLg4,1,category,cat-v1,0.6,27
lecture 1 introduction to superposition,https://www.youtube.com/watch?v=lZ3bPUKo5zc,mit opencourseware,https://www.youtube.com/channel/UCEBb1b_L6zDS3xTUrIALZOw,lZ3bPUKo5zc,1,category,cat-v1,0.6,27
class 10th science  complete physics in one shot prashant kirad,https://www.youtube.com/watch?v=iwdChb3QZ7I,mission jeet,https://www.youtube.com/channel/UC-0IVeBhFeI2K-x11TF-qhQ,iwdChb3QZ7I,1,category,cat-v1,0.6,27
1234 physics wallah ki jay jaykaar ❤️,https://www.youtube.com/watch?v=fZ324iUiQtk,physics wallah foundation,https://www.youtube.com/channel/UCphU2bAGmw304CFAzy0Enuw,fZ324iUiQtk,1,category,cat-v1,0.6,27
kya barf ki madad se pani ko ubaal sakte haintheoryofphysics physics anubhavsir boilingpoint,https://www.youtube.com/watch?v=OkLJ6DJkYiE,theory of physics  anubhav shrivastava,https://www.youtube.com/channel/UCSrwhbt5DQZgTRnlPZ7EwXw,OkLJ6DJkYiE,1,category,cat-v1,0.6,27
einsteins general theory of relativity  lecture 1,https://www.youtube.com/watch?v=hbmf0bB38h0,stanford,https://www.youtube.com/channel/UC-EnprmCZ3OXyAoG7vjVNCA,hbmf0bB38h0,1,category,cat-v1,0.6,27
for the love of physics walter lewins last lecture,https://www.youtube.com/watch?v=4a0FbQdH3dY,for the allure of physics,https://www.youtube.com/channel/UCliSRiiRVQuDfgxI_QN_Fmw,4a0FbQdH3dY,1,category,cat-v1,0.6,27
iupac  nomenclature of organic  carbon  its compound  functional groups,https://www.youtube.com/watch?v=2t9BCOeWAyI,physics wallah  alakh pandey,https://www.youtube.com/channel/UCiGyWN6DEbnj2alu7iapuKQ,2t9BCOeWAyI,1,category,cat-v1,0.6,27
11 chap 12   iupac nomenclature 01  some basic principles and   naming of alkanes jee mainsneet,https://www.youtube.com/watch?v=ZgccHLOj3W4,physics wallah  alakh pandey,https://www.youtube.com/channel/UCiGyWN6DEbnj2alu7iapuKQ,ZgccHLOj3W4,1,category,cat-v1,0.6,27
11 chap 12  organic chemistry  goc 01  inductive effect and acidic strength jee mains neet ,https://www.youtube.com/watch?v=hdAW3ng8gx0,physics wallah  alakh pandey,https://www.youtube.com/channel/UCiGyWN6DEbnj2alu7iapuKQ,hdAW3ng8gx0,1,category,cat-v1,0.6,27
🤪right pronunciation in chemistry  shorts reels jee neet,https://www.youtube.com/watch?v=L9fTLoZMgrY,vineet khatri chemistry,https://www.youtube.com/channel/UCW2VhxXe5jfPShIE8vz4Qwg,L9fTLoZMgrY,1,category,cat-v1,0.6,27
iupac nomenclature 01  some basic principles and techniques  chapter 12  class 11  jee  neet ,https://www.youtube.com/watch?v=F_cBOZl0KfU,physics wallah  alakh pandey,https://www.youtube.com/channel/UCiGyWN6DEbnj2alu7iapuKQ,F_cBOZl0KfU,1,category,cat-v1,0.6,27
organic chemistry class 11  chapter 12  ncert cbse neet jee  1,https://www.youtube.com/watch?v=L88uuqmAioU,learnohub  class 11 12,https://www.youtube.com/channel/UCEg3PHVR0vt3azbs_Qk_6cw,L88uuqmAioU,1,category,cat-v1,0.6,27
iupac  nomenclature of any compound in 5 seconds  short tricks for class 10th  prashant kirad,https://www.youtube.com/watch?v=u9LQPjWxdQI,exphub 9th 10th,https://www.youtube.com/channel/UC4rZpoEdeFLF4x9walsyoSw,u9LQPjWxdQI,1,category,cat-v1,0.6,27
general chemistry explained in 19 minutes,https://www.youtube.com/watch?v=5iTOphGnCtg,wacky science,https://www.youtube.com/channel/UC8VhAX-voAUegprM4SpHQJQ,5iTOphGnCtg,1,category,cat-v1,0.6,27
complete organic chemistry in 1 shot  all concepts  pyqs  jee 2025,https://www.youtube.com/watch?v=kwG6zR-Gvso,physics wallah  alakh pandey,https://www.youtube.com/channel/UCiGyWN6DEbnj2alu7iapuKQ,kwG6zR-Gvso,1,category,cat-v1,0.6,27
iupac nomenclature of organic chemistry,https://www.youtube.com/watch?v=PYZJXWBMqBE,manocha academy,https://www.youtube.com/channel/UCeAnrUKcxFGrMXfHgj0eMjg,PYZJXWBMqBE,1,category,cat-v1,0.6,27
organic chemistry क्यों समझ  नहीं  आती  how to start class 12th organic chemistry i,https://www.youtube.com/watch?v=1pIRKUrq-ZY,physics wallah  alakh pandey,https://www.youtube.com/channel/UCiGyWN6DEbnj2alu7iapuKQ,1pIRKUrq-ZY,1,category,cat-v1,0.6,27
physical chemistry can be so easy if you do this jahnavi banotra air 51 shorts neet neet2023,https://www.youtube.com/watch?v=hAH6io_Tcu0,ctwt shorts,https://www.youtube.com/channel/UCuUotW14kzvZqnOIC8xNKUA,hAH6io_Tcu0,1,category,cat-v1,0.6,27
organic chemistry concepts az in just 1 hour  goc  play chemistry,https://www.youtube.com/watch?v=nP0gDV0xDLY,play chemistry,https://www.youtube.com/channel/UCoKhI1PBOKdebYcG-m5Wing,nP0gDV0xDLY,1,category,cat-v1,0.6,27
organic chemistry  basic introduction,https://www.youtube.com/watch?v=B_ketdzJtY8,the organic chemistry tutor,https://www.youtube.com/channel/UCEWpbFLzoYGPfuWUMFPSaoA,B_ketdzJtY8,1,category,cat-v1,0.6,27
complete organic chemistry in 1 shot  concepts  most important questions  neet 2024,https://www.youtube.com/watch?v=Feap2zbEz_k,physics wallah  alakh pandey,https://www.youtube.com/channel/UCiGyWN6DEbnj2alu7iapuKQ,Feap2zbEz_k,1,category,cat-v1,0.6,27
iupac naming complete in just 1 hour  organic chemistry  class 11th 12th and iit jee,https://www.youtube.com/watch?v=GYq9cQ3H4FU,play chemistry,https://www.youtube.com/channel/UCoKhI1PBOKdebYcG-m5Wing,GYq9cQ3H4FU,1,category,cat-v1,0.6,27
manzil 2025 goc in one shot all concepts  pyqs covered  jee main  advanced,https://www.youtube.com/watch?v=wA3qYrCoydE,jee wallah,https://www.youtube.com/channel/UCVJU_IChPMOe8RWkdVQjtfQ,wA3qYrCoydE,1,category,cat-v1,0.6,27
organic chemistry class 11 one shot some basic principles and techniques  cbse 11th chemistry,https://www.youtube.com/watch?v=soIba7r34ZM,next toppers  11th science,https://www.youtube.com/channel/UCgGj2fHUQSHyJ_uGCWg2bIQ,soIba7r34ZM,1,category,cat-v1,0.6,27
lag gaye guru  organic chemistry 11th vs 12th iit jeemainchemistry chemistry organic neet,https://www.youtube.com/watch?v=sm2us1Ah8gk,periodic edge ,https://www.youtube.com/channel/UCuqAQaszORXSjf5-Ol1-QpA,sm2us1Ah8gk,1,category,cat-v1,0.6,27
iupac nomenclature   complete chapter in one video  conceptspyqs  class 11th neet,https://www.youtube.com/watch?v=IzraupTOq8s,competition wallah,https://www.youtube.com/channel/UCD16eo98AXl-9T61Xd711kQ,IzraupTOq8s,1,category,cat-v1,0.6,27
organic chemistry,https://www.youtube.com/watch?v=zFyR1JNJbwk,the organic chemistry tutor,https://www.youtube.com/channel/UCEWpbFLzoYGPfuWUMFPSaoA,zFyR1JNJbwk,1,category,cat-v1,0.6,27
iupac nomenclature of alkanes  naming organic compounds,https://www.youtube.com/watch?v=TYU_JluleME,the organic chemistry tutor,https://www.youtube.com/channel/UCEWpbFLzoYGPfuWUMFPSaoA,TYU_JluleME,1,category,cat-v1,0.6,27
stoichiometry  limiting  excess reactant theoretical  percent yield  chemistry,https://www.youtube.com/watch?v=CK2yK_JTUH4,the organic chemistry tutor,https://www.youtube.com/channel/UCEWpbFLzoYGPfuWUMFPSaoA,CK2yK_JTUH4,1,category,cat-v1,0.6,27
when genz jee aspirant studies organic chemistry jee2026 jee2027,https://www.youtube.com/watch?v=6_50RHWZ86g,jee one,https://www.youtube.com/channel/UCd-XqUDfWdEElLMbL5Wyp4A,6_50RHWZ86g,1,category,cat-v1,0.6,27
goc in one shot  all concepts tricks  pyq  ummeed neet,https://www.youtube.com/watch?v=GVBNjAvYk6g,competition wallah,https://www.youtube.com/channel/UCD16eo98AXl-9T61Xd711kQ,GVBNjAvYk6g,1,category,cat-v1,0.6,27
iupac in one shot  all concepts tricks  pyq  ummeed neet,https://www.youtube.com/watch?v=Jeu_NRimKqY,competition wallah,https://www.youtube.com/channel/UCD16eo98AXl-9T61Xd711kQ,Jeu_NRimKqY,1,category,cat-v1,0.6,27
predicting the products of chemical reactions  chemistry examples and practice problems,https://www.youtube.com/watch?v=MYmrWHzT1oI,the organic chemistry tutor,https://www.youtube.com/channel/UCEWpbFLzoYGPfuWUMFPSaoA,MYmrWHzT1oI,1,category,cat-v1,0.6,27
trick to learn 20 name reactions in organic chemistry  cass 12,https://www.youtube.com/watch?v=c5XZbsyqQXs,najam academy,https://www.youtube.com/channel/UC_ltCdLVMRZ7r3IPzF2Toyg,c5XZbsyqQXs,1,category,cat-v1,0.6,27
first law of thermodynamics basic introduction  internal energy heat and work  chemistry,https://www.youtube.com/watch?v=NyOYW07-L5g,the organic chemistry tutor,https://www.youtube.com/channel/UCEWpbFLzoYGPfuWUMFPSaoA,NyOYW07-L5g,1,category,cat-v1,0.6,27
class 12 organic chemistry complete revision ⚡  full board exam prep 2026  shourya maam,https://www.youtube.com/watch?v=xDdZcBH2Vh0,ncert wallah,https://www.youtube.com/channel/UC8zCnnfhz-dvIpVdZ1CheuA,xDdZcBH2Vh0,1,category,cat-v1,0.6,27
chemistry,https://www.youtube.com/watch?v=-KfG8kH-r3Y,the organic chemistry tutor,https://www.youtube.com/channel/UCEWpbFLzoYGPfuWUMFPSaoA,-KfG8kH-r3Y,1,category,cat-v1,0.6,27
class 11th organic chemistry 🥵  iit jee jee neet boards motivation,https://www.youtube.com/watch?v=C9LU03fAceo,selfpadhai  rohit nagar,https://www.youtube.com/channel/UC-dlSfcAvBNTthrlA6X8ZOw,C9LU03fAceo,1,category,cat-v1,0.6,27
dream 45  organic chemistry  neet 2025 most predictable questions   pankaj sir,https://www.youtube.com/watch?v=80ZpPteawOY,competition wallah,https://www.youtube.com/channel/UCD16eo98AXl-9T61Xd711kQ,80ZpPteawOY,1,category,cat-v1,0.6,27
hesss law problems  enthalpy change  chemistry,https://www.youtube.com/watch?v=2ixEf2zpR8E,the organic chemistry tutor,https://www.youtube.com/channel/UCEWpbFLzoYGPfuWUMFPSaoA,2ixEf2zpR8E,1,category,cat-v1,0.6,27
functional groups,https://www.youtube.com/watch?v=m9jM8lWxrAE,the organic chemistry tutor,https://www.youtube.com/channel/UCEWpbFLzoYGPfuWUMFPSaoA,m9jM8lWxrAE,1,category,cat-v1,0.6,27
common chemical and formula list in chemistry  ,https://www.youtube.com/watch?v=OPTAudsYKU8,raktim  jyoti,https://www.youtube.com/channel/UCkOrNwNzZspFWu1yO7An4DA,OPTAudsYKU8,1,category,cat-v1,0.6,27
neet ke liye chemistry kaise padhe🤫🩺 neet mbbs neet2025 motivation neetaspirant,https://www.youtube.com/watch?v=j0n9opURZFI,sourabh neet,https://www.youtube.com/channel/UCf99X8msqq8EsYIgrwqouFQ,j0n9opURZFI,1,category,cat-v1,0.6,27
general organic chemistry goc  full chapter in one shot  chapter 12  class 11 chemistry ,https://www.youtube.com/watch?v=rF3es9wABNg,pw class 11 science,https://www.youtube.com/channel/UCQCflB1jT0LitJ6NX9K9bzA,rF3es9wABNg,1,category,cat-v1,0.6,27
iupac nomenclature in 1 shot  all concepts  pyqs covered  prachand neet,https://www.youtube.com/watch?v=SDolHieq6nU,yakeen,https://www.youtube.com/channel/UCk19x9BG23f5xkHOzihhclA,SDolHieq6nU,1,category,cat-v1,0.6,27
naming alkenes iupac nomenclature practice substituent e z system cycloalkenes organic chemistry,https://www.youtube.com/watch?v=RgbQya8HXBM,the organic chemistry tutor,https://www.youtube.com/channel/UCEWpbFLzoYGPfuWUMFPSaoA,RgbQya8HXBM,1,category,cat-v1,0.6,27
organic chemistry faculty revealed arjuna neet 2027 pw neet physicswallah,https://www.youtube.com/watch?v=3gDCBNDqLeA,competition wallah,https://www.youtube.com/channel/UCD16eo98AXl-9T61Xd711kQ,3gDCBNDqLeA,1,category,cat-v1,0.6,27
how to study chemistry  chemistry  5 effective tips for study chemistry  shorts short,https://www.youtube.com/watch?v=ycjIRlIDdXY,you can learn it,https://www.youtube.com/channel/UC3HlRu2RS1yss06c8IEKw8Q,ycjIRlIDdXY,1,category,cat-v1,0.6,27
best tricks of all naming reactions of organic chemistry class 12 ,https://www.youtube.com/watch?v=zIiKP2311Q0,ncert wallah,https://www.youtube.com/channel/UC8zCnnfhz-dvIpVdZ1CheuA,zIiKP2311Q0,1,category,cat-v1,0.6,27
dna replication  leading strand vs lagging strand  okazaki fragments,https://www.youtube.com/watch?v=3jslVQDGkLU,the organic chemistry tutor,https://www.youtube.com/channel/UCEWpbFLzoYGPfuWUMFPSaoA,3jslVQDGkLU,1,category,cat-v1,0.6,27
the king of organic chemistryshorts pw jee jee2027,https://www.youtube.com/watch?v=ui-S444Pg-E,jee wallah,https://www.youtube.com/channel/UCVJU_IChPMOe8RWkdVQjtfQ,ui-S444Pg-E,1,category,cat-v1,0.6,27
chemistry mcq 2026  chemistry mcq  chemistry mcq for all competitive exam,https://www.youtube.com/watch?v=Nj1OQpde2yw,all test mcqs,https://www.youtube.com/channel/UCr0IbML17FvRzS1vLBgKEhg,Nj1OQpde2yw,1,category,cat-v1,0.6,27
haloalkanes  haloarenes in one shot  all concepts tricks  pyq  ummeed neet,https://www.youtube.com/watch?v=UPIHai5JT4Q,competition wallah,https://www.youtube.com/channel/UCD16eo98AXl-9T61Xd711kQ,UPIHai5JT4Q,1,category,cat-v1,0.6,27
iupac नाम 12th chemistry  iupac nomenclature 12th chemistry  iupac name class 12  iupac organic,https://www.youtube.com/watch?v=063PJVdEECw,topper galaxy  amit bhaiya,https://www.youtube.com/channel/UCifMFw03YdRhryx2qdOenQw,063PJVdEECw,1,category,cat-v1,0.6,27
manzil 2026 iupac nomenclature in 1 shot all concepts  pyqs covered  jee main  advanced,https://www.youtube.com/watch?v=A2QTsYu3fWo,jee wallah,https://www.youtube.com/channel/UCVJU_IChPMOe8RWkdVQjtfQ,A2QTsYu3fWo,1,category,cat-v1,0.6,27
🧠 the human nervous system 🧠 brain spinalcord humanbody anatomy science teacher education,https://www.youtube.com/watch?v=LX_kuBHi2yo,nancy bullard mrs b tv,https://www.youtube.com/channel/UCfnuZk44VjeHQq_5IIEJAnw,LX_kuBHi2yo,1,category,cat-v1,0.6,27
shorts short shortsvideo viralshorts neet aiims biology physicswallah iud  mbbs doctor🥀,https://www.youtube.com/watch?v=WEDfsfWl-2Q,biology with aastha,https://www.youtube.com/channel/UC3XaSSFp7IzNLPNW72v8C3w,WEDfsfWl-2Q,1,category,cat-v1,0.6,27
biology cell structure i nucleus medical media,https://www.youtube.com/watch?v=URUJD5NEXC8,nucleus medical media,https://www.youtube.com/channel/UC85VW73bQLEjs_taFKP7TwQ,URUJD5NEXC8,1,category,cat-v1,0.6,27
digestion and absorption class 11  neet 2023  studyanimated shorts biology 3danimation,https://www.youtube.com/watch?v=iXgMOnZdkPM,study animated,https://www.youtube.com/channel/UCn3ELI-MQ1Tl6uL45-B6LCg,iXgMOnZdkPM,1,category,cat-v1,0.6,27
1 introduction to human behavioral biology,https://www.youtube.com/watch?v=NNnIGh9g6fA,stanford,https://www.youtube.com/channel/UC-EnprmCZ3OXyAoG7vjVNCA,NNnIGh9g6fA,1,category,cat-v1,0.6,27
the fundamental unit of life complete chapter class 9th science ncert covered prashant kirad,https://www.youtube.com/watch?v=3YuuphvXYmo,exphub 9th 10th,https://www.youtube.com/channel/UC4rZpoEdeFLF4x9walsyoSw,3YuuphvXYmo,1,category,cat-v1,0.6,27
physiology practical 🩸blood group🩸mbbs medico medicalstudent neetmotivation neet cimsbilaspur,https://www.youtube.com/watch?v=uoFJxosHqfI,medvin mbbs,https://www.youtube.com/channel/UCUwzr5jtDciwyRi22p-z4Hg,uoFJxosHqfI,1,category,cat-v1,0.6,27
mitosis the amazing cell process that uses division to multiply updated,https://www.youtube.com/watch?v=f-ldPgEfAHI,amoeba sisters,https://www.youtube.com/channel/UCb2GCoLSBXjmI_Qj1vk-44g,f-ldPgEfAHI,1,category,cat-v1,0.6,27
introduction to anatomy  physiology crash course anatomy  physiology 1,https://www.youtube.com/watch?v=uBGl2BujkPQ,crashcourse,https://www.youtube.com/channel/UCX6b17PVsYBQ0ip5gyeme-Q,uBGl2BujkPQ,1,category,cat-v1,0.6,27
male or female reproductive organs biology reproductivesystem shorts neet bio,https://www.youtube.com/watch?v=wvmqCemclvI,neet gyaan guru,https://www.youtube.com/channel/UC2ARWoleglKHXjdHwQ_C3Fg,wvmqCemclvI,1,category,cat-v1,0.6,27
life processes complete chapter class 10 science  ncert covered prashant kirad,https://www.youtube.com/watch?v=2anxgj0TUgQ,exphub 9th 10th,https://www.youtube.com/channel/UC4rZpoEdeFLF4x9walsyoSw,2anxgj0TUgQ,1,category,cat-v1,0.6,27
introduction to cells the grand cell tour,https://www.youtube.com/watch?v=8IlzKri08kk,amoeba sisters,https://www.youtube.com/channel/UCb2GCoLSBXjmI_Qj1vk-44g,8IlzKri08kk,1,category,cat-v1,0.6,27
heart chambers heart heartanatomy anatomy cardiology animation shorts,https://www.youtube.com/watch?v=rBZ2W-hcnz4,daily cardiology,https://www.youtube.com/channel/UC9bIjJIDtLHr0TMgSUpzdcA,rBZ2W-hcnz4,1,category,cat-v1,0.6,27
mystery organ humanbody organs anatomy science teacher placenta education humananatomy,https://www.youtube.com/watch?v=D7ohScOliCA,nancy bullard mrs b tv,https://www.youtube.com/channel/UCfnuZk44VjeHQq_5IIEJAnw,D7ohScOliCA,1,category,cat-v1,0.6,27
human body anatomy system human nervoussystem biology,https://www.youtube.com/watch?v=s_yL1YG2cJY,the vigyance,https://www.youtube.com/channel/UCBC930kWXjQLVqFlvq3zl8Q,s_yL1YG2cJY,1,category,cat-v1,0.6,27
fig fruit insect  dharmendrasir biology upsc civilservices figfruit,https://www.youtube.com/watch?v=1R2gx2m5A6E,gyrus sulcus,https://www.youtube.com/channel/UCpBRZ6j0oAkjyd3FLr4yPtA,1R2gx2m5A6E,1,category,cat-v1,0.6,27
ekg interpretation  master fundamentals of ecg  electrocardiography,https://www.youtube.com/watch?v=IOvmhrmN3p0,dr najeeb lectures,https://www.youtube.com/channel/UCPHpx55tgrbm8FrYYCflAHw,IOvmhrmN3p0,1,category,cat-v1,0.6,27
circulatory system and pathway of blood through the heart,https://www.youtube.com/watch?v=_vZ0lefPg_0,amoeba sisters,https://www.youtube.com/channel/UCb2GCoLSBXjmI_Qj1vk-44g,_vZ0lefPg_0,1,category,cat-v1,0.6,27
life processes class 10 science biology  complete chapter in one shot  ncert covered ,https://www.youtube.com/watch?v=NLv0qeWmBDk,alakh pandey  class 9th  10th,https://www.youtube.com/channel/UCFLdnJ7lV_s64MKTXNGp-EQ,NLv0qeWmBDk,1,category,cat-v1,0.6,27
class 10th science  complete biology in one shot prashant kirad,https://www.youtube.com/watch?v=SJvDo7yd1e4,mission jeet,https://www.youtube.com/channel/UC-0IVeBhFeI2K-x11TF-qhQ,SJvDo7yd1e4,1,category,cat-v1,0.6,27
prokaryotic vs eukaryotic cells updated,https://www.youtube.com/watch?v=Pxujitlv8wc,amoeba sisters,https://www.youtube.com/channel/UCb2GCoLSBXjmI_Qj1vk-44g,Pxujitlv8wc,1,category,cat-v1,0.6,27
cell  the unit of life neet mcq questions short videos neetmcq neetmotivation shorts biology,https://www.youtube.com/watch?v=V6s2p_YTSyA,dm11 gaming ,https://www.youtube.com/channel/UChlVmHB4f6sGrAblo_KvW_g,V6s2p_YTSyA,1,category,cat-v1,0.6,27
cell  the unit of life   complete chapter in one video  conceptspyqs  class 11th neet,https://www.youtube.com/watch?v=hJi3S1haN3Y,competition wallah,https://www.youtube.com/channel/UCD16eo98AXl-9T61Xd711kQ,hJi3S1haN3Y,1,category,cat-v1,0.6,27
the living world  full chapter in one shot  chapter 1  class 11 biology ,https://www.youtube.com/watch?v=AAih1XvW33g,pw class 11 science,https://www.youtube.com/channel/UCQCflB1jT0LitJ6NX9K9bzA,AAih1XvW33g,1,category,cat-v1,0.6,27
dna vs rna updated,https://www.youtube.com/watch?v=JQByjprj_mA,amoeba sisters,https://www.youtube.com/channel/UCb2GCoLSBXjmI_Qj1vk-44g,JQByjprj_mA,1,category,cat-v1,0.6,27
मानव कोशिका  human cell  types of cell  biology  part  2   khan gs research center,https://www.youtube.com/watch?v=CQPFCFYTSNE,khan gs research centre,https://www.youtube.com/channel/UCatL-c6pmnjzEOHSyjn-sHA,CQPFCFYTSNE,1,category,cat-v1,0.6,27
cell structure and function  complete unit in one shot  neet 2026  vipin sharma,https://www.youtube.com/watch?v=Qbg54zDKBck,pw neet,https://www.youtube.com/channel/UCGw8iWmsw1cPlfcrww-3C0g,Qbg54zDKBck,1,category,cat-v1,0.6,27
inflating lungs biology class,https://www.youtube.com/watch?v=qM1lghnrto4,matt green,https://www.youtube.com/channel/UCFvDMQ0DRm0Jjp6XaukjJSA,qM1lghnrto4,1,category,cat-v1,0.6,27
anatomy kidney shortvideo educationalvideo biology,https://www.youtube.com/watch?v=iQ9lqRfc4Wk,teem us classes ,https://www.youtube.com/channel/UC_jn2r8Dr9RJNtrCZKPCanA,iQ9lqRfc4Wk,1,category,cat-v1,0.6,27
pregnancy and embryonic development class 12 biology concepts  human reproduction  neet 2023,https://www.youtube.com/watch?v=OK_65-tmNQk,study animated,https://www.youtube.com/channel/UCn3ELI-MQ1Tl6uL45-B6LCg,OK_65-tmNQk,1,category,cat-v1,0.6,27
class 10th science  complete biology most important questions  prashant kirad,https://www.youtube.com/watch?v=7CK8yqii2iI,exphub 9th 10th,https://www.youtube.com/channel/UC4rZpoEdeFLF4x9walsyoSw,7CK8yqii2iI,1,category,cat-v1,0.6,27
kya blood blue color ka bhi hota hai  shorts physicswallah,https://www.youtube.com/watch?v=1YW-cUHi4vk,physics wallah foundation,https://www.youtube.com/channel/UCphU2bAGmw304CFAzy0Enuw,1YW-cUHi4vk,1,category,cat-v1,0.6,27
biological classification  full chapter in one shot  chapter 2  class 11 biology ,https://www.youtube.com/watch?v=soS6dnpNSIg,pw class 11 science,https://www.youtube.com/channel/UCQCflB1jT0LitJ6NX9K9bzA,soS6dnpNSIg,1,category,cat-v1,0.6,27
life processes in one shot ✅  class 10 science chapter 5  ncert  pyqs  by samridhi sharma,https://www.youtube.com/watch?v=PpddfbakC_w,samridhi sharma  9th  10th,https://www.youtube.com/channel/UC4nQ8UaXT6ar_CcpDH0Hreg,PpddfbakC_w,1,category,cat-v1,0.6,27
nervous system,https://www.youtube.com/watch?v=RNLceVI8jcc,amoeba sisters,https://www.youtube.com/channel/UCb2GCoLSBXjmI_Qj1vk-44g,RNLceVI8jcc,1,category,cat-v1,0.6,27
tomato  fruit or vegitable dharmendrasir gyrussulcus science biology botany education upsc,https://www.youtube.com/watch?v=FBq9PPwW6b0,gyrus sulcus,https://www.youtube.com/channel/UCpBRZ6j0oAkjyd3FLr4yPtA,FBq9PPwW6b0,1,category,cat-v1,0.6,27
complete biology in 1 video  class 10 science board exam  most important questions  alakh sir,https://www.youtube.com/watch?v=pH1EJzMI7Ug,alakh pandey  class 9th  10th,https://www.youtube.com/channel/UCFLdnJ7lV_s64MKTXNGp-EQ,pH1EJzMI7Ug,1,category,cat-v1,0.6,27
സവാള ഗിരി ഗിരി ഗിരി🧅🧅🧅biology onion viral viralshorts facts,https://www.youtube.com/watch?v=ogjiz-WBt9A,exam winner sslc,https://www.youtube.com/channel/UCk19iYDCu8aV_KTDdELiucw,ogjiz-WBt9A,1,category,cat-v1,0.6,27
human heart diagram drawing class 10 science cbse class10 biology ncert,https://www.youtube.com/watch?v=RpeK8wYvKiY,engineering drawing with umang,https://www.youtube.com/channel/UC22s1Pa2i9p9EpRgiQ1DCuA,RpeK8wYvKiY,1,category,cat-v1,0.6,27
most important diagrams class10 biology you must practice  class10 biology all important diagrams,https://www.youtube.com/watch?v=e3oYwai3FMU,om art techno  class 9th  10th,https://www.youtube.com/channel/UCswYHxzkhRrMQDN75JB0u5A,e3oYwai3FMU,1,category,cat-v1,0.6,27
a day in the life of a biology major,https://www.youtube.com/watch?v=gGiYMJI1Abg,gohar khan,https://www.youtube.com/channel/UCPk2s5c4R_d-EUUNvFFODoA,gGiYMJI1Abg,1,category,cat-v1,0.6,27
class 10  complete biology one shot   cbse boards exam 2026  samridhi maam,https://www.youtube.com/watch?v=n9_lnvs1KKY,physics wallah foundation,https://www.youtube.com/channel/UCphU2bAGmw304CFAzy0Enuw,n9_lnvs1KKY,1,category,cat-v1,0.6,27
biology explained in 17 minutes,https://www.youtube.com/watch?v=3tisOnOkwzo,wacky science,https://www.youtube.com/channel/UC8VhAX-voAUegprM4SpHQJQ,3tisOnOkwzo,1,category,cat-v1,0.6,27
biological classification  complete chapter in one video  conceptspyqs  class 11th neet,https://www.youtube.com/watch?v=6ZAttkFaQ1I,competition wallah,https://www.youtube.com/channel/UCD16eo98AXl-9T61Xd711kQ,6ZAttkFaQ1I,1,category,cat-v1,0.6,27
live class main reproduction ka practical kara do 🤬🤬 bhaiya angry  this moment  practical ,https://www.youtube.com/watch?v=VXla72yElhU,nexttoppers hub,https://www.youtube.com/channel/UCsxA17djxwN1lWVEawbX56g,VXla72yElhU,1,category,cat-v1,0.6,27
stroll through the playlist a biology review,https://www.youtube.com/watch?v=7xeFP0SEDdc,amoeba sisters,https://www.youtube.com/channel/UCb2GCoLSBXjmI_Qj1vk-44g,7xeFP0SEDdc,1,category,cat-v1,0.6,27
biology mein 360360 kaise laaye🤫 neet mbbs neet2025 motivation neetaspirant,https://www.youtube.com/watch?v=IYQGpaxD7jw,sourabh neet,https://www.youtube.com/channel/UCf99X8msqq8EsYIgrwqouFQ,IYQGpaxD7jw,1,category,cat-v1,0.6,27
sexual reproduction in flowering plants class 12  ncert  diagram  pyqs  biology chapter 1,https://www.youtube.com/watch?v=lW8hbdNGhBE,ncert wallah,https://www.youtube.com/channel/UC8zCnnfhz-dvIpVdZ1CheuA,lW8hbdNGhBE,1,category,cat-v1,0.6,27
chlorophyll is necessary for photosynthesis  amazing byjus science experiment  shorts,https://www.youtube.com/watch?v=ac59kpNM8dQ,byjus   class 9  10,https://www.youtube.com/channel/UCSIRmKsrk-tYW8p736ZYhfg,ac59kpNM8dQ,1,category,cat-v1,0.6,27
microsoft excel tutorial for beginners  full course,https://www.youtube.com/watch?v=Vl0H-qTclOg,freecodecamporg,https://www.youtube.com/channel/UC8butISFwT-Wl7EV0hUK0BQ,Vl0H-qTclOg,1,category,cat-v1,0.6,27
data analytics full course for beginners to pro in 29 hours  2025 edition,https://www.youtube.com/watch?v=VaSjiJMrq24,wscube tech,https://www.youtube.com/channel/UC0T6MVd3wQDB5ICAe45OxaQ,VaSjiJMrq24,1,category,cat-v1,0.6,27
excel interview question students marksheet in excel excel exceltips exceltutorial msexcel,https://www.youtube.com/watch?v=UeHLQ7g-34Q,developersguides,https://www.youtube.com/channel/UCnxqF4t_F7B1dN1BmoTMbBA,UeHLQ7g-34Q,1,category,cat-v1,0.6,27
math antics  mean median and mode,https://www.youtube.com/watch?v=B1HEzNTGeZ4,mathantics,https://www.youtube.com/channel/UCBuMwlP7kHkNxdPAqtFSJTw,B1HEzNTGeZ4,1,category,cat-v1,0.6,27
is this microsoft excel financial statistics dashboards system  tutorial 1,https://www.youtube.com/watch?v=z26zbiGJnd4,other level’s,https://www.youtube.com/channel/UCuDF09RGFE3V3lY77Z_cA9g,z26zbiGJnd4,1,category,cat-v1,0.6,27
mean median and mode of grouped data  frequency distribution tables   statistics,https://www.youtube.com/watch?v=zjHfAhcU6kE,the organic chemistry tutor,https://www.youtube.com/channel/UCEWpbFLzoYGPfuWUMFPSaoA,zjHfAhcU6kE,1,category,cat-v1,0.6,27
algorithms and data structures tutorial  full course for beginners,https://www.youtube.com/watch?v=8hly31xKli0,freecodecamporg,https://www.youtube.com/channel/UC8butISFwT-Wl7EV0hUK0BQ,8hly31xKli0,1,category,cat-v1,0.6,27
how to calculate the standard deviation,https://www.youtube.com/watch?v=IaTFpp-uzp0,the organic chemistry tutor,https://www.youtube.com/channel/UCEWpbFLzoYGPfuWUMFPSaoA,IaTFpp-uzp0,1,category,cat-v1,0.6,27
r programming tutorial  learn the basics of statistical computing,https://www.youtube.com/watch?v=_V8eKsto3Ug,freecodecamporg,https://www.youtube.com/channel/UC8butISFwT-Wl7EV0hUK0BQ,_V8eKsto3Ug,1,category,cat-v1,0.6,27
learn spss in 15 minutes,https://www.youtube.com/watch?v=TZPyOJ8tFcI,data for development,https://www.youtube.com/channel/UCyzh0DEqXiYLzlT-jMz9D9A,TZPyOJ8tFcI,1,category,cat-v1,0.6,27
permutations and combinations tutorial,https://www.youtube.com/watch?v=XJnIdRXUi7A,the organic chemistry tutor,https://www.youtube.com/channel/UCEWpbFLzoYGPfuWUMFPSaoA,XJnIdRXUi7A,1,category,cat-v1,0.6,27
math antics  basic probability,https://www.youtube.com/watch?v=KzfWUEJjG18,mathantics,https://www.youtube.com/channel/UCBuMwlP7kHkNxdPAqtFSJTw,KzfWUEJjG18,1,category,cat-v1,0.6,27
learn data science tutorial  full course for beginners,https://www.youtube.com/watch?v=ua-CiDNNj30,freecodecamporg,https://www.youtube.com/channel/UC8butISFwT-Wl7EV0hUK0BQ,ua-CiDNNj30,1,category,cat-v1,0.6,27
intro to hypothesis testing in statistics  hypothesis testing statistics problems  examples,https://www.youtube.com/watch?v=VK-rnA3-41c,math and science,https://www.youtube.com/channel/UCYgL81lc7DOLNhnel1_J6Vg,VK-rnA3-41c,1,category,cat-v1,0.6,27
data analysis with python  full course for beginners numpy pandas matplotlib seaborn,https://www.youtube.com/watch?v=r-uOLxNrNk8,freecodecamporg,https://www.youtube.com/channel/UC8butISFwT-Wl7EV0hUK0BQ,r-uOLxNrNk8,1,category,cat-v1,0.6,27
hypothesis testing problems  z test  t statistics  one  two tailed tests   2,https://www.youtube.com/watch?v=zJ8e_wAWUzE,the organic chemistry tutor,https://www.youtube.com/channel/UCEWpbFLzoYGPfuWUMFPSaoA,zJ8e_wAWUzE,1,category,cat-v1,0.6,27
introduction to probability basic overview  sample space  tree diagrams,https://www.youtube.com/watch?v=SkidyDQuupA,the organic chemistry tutor,https://www.youtube.com/channel/UCEWpbFLzoYGPfuWUMFPSaoA,SkidyDQuupA,1,category,cat-v1,0.6,27
statistics  a full university course on data science basics,https://www.youtube.com/watch?v=xxpc-HPKN28,freecodecamporg,https://www.youtube.com/channel/UC8butISFwT-Wl7EV0hUK0BQ,xxpc-HPKN28,1,category,cat-v1,0.6,27
excel for fresher excel tutoring excel for beginners job interview questions,https://www.youtube.com/watch?v=JNYlGTtX34A,professional inc,https://www.youtube.com/channel/UCowTnaRUEowN-iLZlBnyhjQ,JNYlGTtX34A,1,category,cat-v1,0.6,27
python machine learning tutorial data science,https://www.youtube.com/watch?v=7eh4d6sabA0,programming with mosh,https://www.youtube.com/channel/UCWv7vMbMWH4-V0ZXdmDpPBA,7eh4d6sabA0,1,category,cat-v1,0.6,27
complete python pandas data science tutorial reading csvexcel files sorting filtering groupby,https://www.youtube.com/watch?v=vmEHCJofslg,keith galli,https://www.youtube.com/channel/UCq6XkhO5SZ66N04IcPbqNcw,vmEHCJofslg,1,category,cat-v1,0.6,27
teach me statistics in half an hour seriously,https://www.youtube.com/watch?v=kyjlxsLW1Is,zedstatistics,https://www.youtube.com/channel/UC6AVa0vSrCpuskzGDDKz_EQ,kyjlxsLW1Is,1,category,cat-v1,0.6,27
multiplication  addition rule  probability  mutually exclusive  independent events,https://www.youtube.com/watch?v=94AmzeR9n2w,the organic chemistry tutor,https://www.youtube.com/channel/UCEWpbFLzoYGPfuWUMFPSaoA,94AmzeR9n2w,1,category,cat-v1,0.6,27
learn basic sql in 15 minutes  business intelligence for beginners  sql tutorial for beginners 13,https://www.youtube.com/watch?v=kbKty5ZVKMY,adam finer  learn bi,https://www.youtube.com/channel/UC1bhYMFuSFREIQ5bgclLDkQ,kbKty5ZVKMY,1,category,cat-v1,0.6,27
data analysis with python course  numpy pandas data visualization,https://www.youtube.com/watch?v=GPVsHOlRBBI,freecodecamporg,https://www.youtube.com/channel/UC8butISFwT-Wl7EV0hUK0BQ,GPVsHOlRBBI,1,category,cat-v1,0.6,27
class 10th statistics one shot   class 10 maths ch 13  14days14chapters,https://www.youtube.com/watch?v=a9P3hJ7VcrM,mission jeet,https://www.youtube.com/channel/UC-0IVeBhFeI2K-x11TF-qhQ,a9P3hJ7VcrM,1,category,cat-v1,0.6,27
master data analysis on excel in just 10 minutes,https://www.youtube.com/watch?v=_g5roKHj95o,kenji explains,https://www.youtube.com/channel/UCkHdBeQ4DuvBXTahMYZVlMA,_g5roKHj95o,1,category,cat-v1,0.6,27
standard normal distribution tables z scores probability  empirical rule   stats,https://www.youtube.com/watch?v=CjF_yQ2N638,the organic chemistry tutor,https://www.youtube.com/channel/UCEWpbFLzoYGPfuWUMFPSaoA,CjF_yQ2N638,1,category,cat-v1,0.6,27
statistics one shot  full chapter  class 9 maths  chapter 14,https://www.youtube.com/watch?v=Ol-y2HO18Kg,pw class 9  neev,https://www.youtube.com/channel/UCVs9oKvZbUe0Mq9zBL62ZSw,Ol-y2HO18Kg,1,category,cat-v1,0.6,27
statistics  mean median  mode for a grouped frequency data,https://www.youtube.com/watch?v=RALOqYe9JEI,vectors academy,https://www.youtube.com/channel/UCFUTIAx5h703U3gEcM1157Q,RALOqYe9JEI,1,category,cat-v1,0.6,27
3 essential skills you can start learning today excel shorts,https://www.youtube.com/watch?v=yOpZ5dz8yng,error makes clever,https://www.youtube.com/channel/UCwr-evhuzGZgDFrq_1pLt_A,yOpZ5dz8yng,1,category,cat-v1,0.6,27
mean median mode range,https://www.youtube.com/watch?v=RUVplPR2Mgc,mathcelebrity,https://www.youtube.com/channel/UCWIa4D0zR6i0ANoGFTNe46g,RUVplPR2Mgc,1,category,cat-v1,0.6,27
mean median and mode of grouped datalesson 1,https://www.youtube.com/watch?v=Urz4NGkXwis,oninab resources,https://www.youtube.com/channel/UCMPwUBfQerqVwHO_TiKjuxg,Urz4NGkXwis,1,category,cat-v1,0.6,27
correlation coefficient,https://www.youtube.com/watch?v=11c9cs6WpJU,the organic chemistry tutor,https://www.youtube.com/channel/UCEWpbFLzoYGPfuWUMFPSaoA,11c9cs6WpJU,1,category,cat-v1,0.6,27
01 how to use spss  an introduction to spss for beginners,https://www.youtube.com/watch?v=_zFBUfZEBWQ,research by design,https://www.youtube.com/channel/UCXLbK1bH-w1oklGm4dLYrHw,_zFBUfZEBWQ,1,category,cat-v1,0.6,27
finding the probability of a binomial distribution plus mean  standard deviation,https://www.youtube.com/watch?v=3PWKQiLK41M,the organic chemistry tutor,https://www.youtube.com/channel/UCEWpbFLzoYGPfuWUMFPSaoA,3PWKQiLK41M,1,category,cat-v1,0.6,27
a powerpoint idea for your next presentation ✨ powerpoint mspowerpoint powerpointtutorial,https://www.youtube.com/watch?v=iOvznRQEuoc,luis urrutia,https://www.youtube.com/channel/UC0Pa0bQ0LU-NL1v-B1Eg3lQ,iOvznRQEuoc,1,category,cat-v1,0.6,27
power bi full course tutorial 8 hours,https://www.youtube.com/watch?v=e6QD8lP-m6E,learn skills daily,https://www.youtube.com/channel/UCqyBfm_H9ugGirk1ufYA2YA,e6QD8lP-m6E,1,category,cat-v1,0.6,27
data analyst portfolio project  sql data exploration  project 14,https://www.youtube.com/watch?v=qfyynHBFOsM,alex the analyst,https://www.youtube.com/channel/UC7cs8q-gJRlGwj4A8OmCmXg,qfyynHBFOsM,1,category,cat-v1,0.6,27
how to calculate percentage in excel  percentage formula shorts excel,https://www.youtube.com/watch?v=m0nwGntFSdw,tutorialspoint,https://www.youtube.com/channel/UCVLbzhxVTiTLiVKeGV7WEBg,m0nwGntFSdw,1,category,cat-v1,0.6,27
introduction to statistics,https://www.youtube.com/watch?v=XZo4xyJXCak,the organic chemistry tutor,https://www.youtube.com/channel/UCEWpbFLzoYGPfuWUMFPSaoA,XZo4xyJXCak,1,category,cat-v1,0.6,27
standard deviation formula statistics variance sample and population mean,https://www.youtube.com/watch?v=Uk98hiMQgN0,the organic chemistry tutor,https://www.youtube.com/channel/UCEWpbFLzoYGPfuWUMFPSaoA,Uk98hiMQgN0,1,category,cat-v1,0.6,27
dont consolidate data manually in excel️instead use amazing trick day 21  learn excel exceltips,https://www.youtube.com/watch?v=0W_nKAnvrXc,short and clear excel,https://www.youtube.com/channel/UCXaOCH5VB0s-fZAzFFFE5nA,0W_nKAnvrXc,1,category,cat-v1,0.6,27
big data in 5 minutes  what is big data big data analytics  big data tutorial  simplilearn,https://www.youtube.com/watch?v=bAyrObl7TYE,simplilearn,https://www.youtube.com/channel/UCsvqVGtbbyHaMoevxPAq9Fg,bAyrObl7TYE,1,category,cat-v1,0.6,27
variables and data types  python tutorial  day 6,https://www.youtube.com/watch?v=ORCuz7s5cCY,codewithharry,https://www.youtube.com/channel/UCeVMnSShP_Iviwkknt83cww,ORCuz7s5cCY,1,category,cat-v1,0.6,27
what is statistics crash course statistics 1,https://www.youtube.com/watch?v=sxQaBpKfDRk,crashcourse,https://www.youtube.com/channel/UCX6b17PVsYBQ0ip5gyeme-Q,sxQaBpKfDRk,1,category,cat-v1,0.6,27
statistics for data science  probability and statistics  statistics tutorial  phd stanford,https://www.youtube.com/watch?v=Vfo5le26IhY,great learning,https://www.youtube.com/channel/UCObs0kLIrDjX2LLSybqNaEA,Vfo5le26IhY,1,category,cat-v1,0.6,27
what is data analytics  an introduction full guide,https://www.youtube.com/watch?v=yZvFH7B6gKI,careerfoundry,https://www.youtube.com/channel/UCzAF54cHk1ZO82af-8E3qOQ,yZvFH7B6gKI,1,category,cat-v1,0.6,27
chi square test,https://www.youtube.com/watch?v=f53nXHoMXx4,vectors academy,https://www.youtube.com/channel/UCFUTIAx5h703U3gEcM1157Q,f53nXHoMXx4,1,category,cat-v1,0.6,27
02  random variables and discrete probability distributions,https://www.youtube.com/watch?v=UnzbuqgU2LE,math and science,https://www.youtube.com/channel/UCYgL81lc7DOLNhnel1_J6Vg,UnzbuqgU2LE,1,category,cat-v1,0.6,27
c language tutorial for beginners with notes  practice questions,https://www.youtube.com/watch?v=irqbmMNs2Bo,apna college,https://www.youtube.com/channel/UCBwmMxybNva6P_5VmxjzwqA,irqbmMNs2Bo,1,category,cat-v1,0.6,27
learn python  full course for beginners tutorial,https://www.youtube.com/watch?v=rfscVS0vtbw,freecodecamporg,https://www.youtube.com/channel/UC8butISFwT-Wl7EV0hUK0BQ,rfscVS0vtbw,1,category,cat-v1,0.6,27
python full course for beginners,https://www.youtube.com/watch?v=_uQrJ0TkZlc,programming with mosh,https://www.youtube.com/channel/UCWv7vMbMWH4-V0ZXdmDpPBA,_uQrJ0TkZlc,1,category,cat-v1,0.6,27
html tutorial for beginners  complete html with notes  code,https://www.youtube.com/watch?v=HcOc7P5BMi4,apna college,https://www.youtube.com/channel/UCBwmMxybNva6P_5VmxjzwqA,HcOc7P5BMi4,1,category,cat-v1,0.6,27
python tutorial for beginners in hindi with notes ,https://www.youtube.com/watch?v=gfDE2a7MKjA,codewithharry,https://www.youtube.com/channel/UCeVMnSShP_Iviwkknt83cww,gfDE2a7MKjA,1,category,cat-v1,0.6,27
python for beginners  learn coding with python in 1 hour,https://www.youtube.com/watch?v=kqtD5dpn9C8,programming with mosh,https://www.youtube.com/channel/UCWv7vMbMWH4-V0ZXdmDpPBA,kqtD5dpn9C8,1,category,cat-v1,0.6,27
python tutorial for beginners in hindi  complete python course ,https://www.youtube.com/watch?v=UrsmFxEIp5k,codewithharry,https://www.youtube.com/channel/UCeVMnSShP_Iviwkknt83cww,UrsmFxEIp5k,1,category,cat-v1,0.6,27
c programming tutorial for beginners,https://www.youtube.com/watch?v=KJgsSFOSQv0,freecodecamporg,https://www.youtube.com/channel/UC8butISFwT-Wl7EV0hUK0BQ,KJgsSFOSQv0,1,category,cat-v1,0.6,27
sql course for beginners full course,https://www.youtube.com/watch?v=7S_tz1z_5bA,programming with mosh,https://www.youtube.com/channel/UCWv7vMbMWH4-V0ZXdmDpPBA,7S_tz1z_5bA,1,category,cat-v1,0.6,27
python tutorial for beginners  full course with notes  practice questions,https://www.youtube.com/watch?v=ERCMXc8x7mc,apna college,https://www.youtube.com/channel/UCBwmMxybNva6P_5VmxjzwqA,ERCMXc8x7mc,1,category,cat-v1,0.6,27
python tutorial for beginners  learn python in 15 hours,https://www.youtube.com/watch?v=vLqTf2b6GZw,apna college,https://www.youtube.com/channel/UCBwmMxybNva6P_5VmxjzwqA,vLqTf2b6GZw,1,category,cat-v1,0.6,27
introduction to programming  python  python tutorial  day 1,https://www.youtube.com/watch?v=7wnove7K-ZQ,codewithharry,https://www.youtube.com/channel/UCeVMnSShP_Iviwkknt83cww,7wnove7K-ZQ,1,category,cat-v1,0.6,27
4 years of coding in 4 minutes  a short movie,https://www.youtube.com/watch?v=_N6j8HXPt2U,apna college,https://www.youtube.com/channel/UCBwmMxybNva6P_5VmxjzwqA,_N6j8HXPt2U,1,category,cat-v1,0.6,27
how to start coding  programming for beginners  learn coding  intellipaat,https://www.youtube.com/watch?v=HIj8wU_rGIU,intellipaat,https://www.youtube.com/channel/UCCktnahuRFYIBtNnKT5IYyg,HIj8wU_rGIU,1,category,cat-v1,0.6,27
python full course for free ,https://www.youtube.com/watch?v=ix9cRaBkVe0,bro code,https://www.youtube.com/channel/UC4SVo0Ue36XCfOyb5Lh1viQ,ix9cRaBkVe0,1,category,cat-v1,0.6,27
how to start coding learn programming for beginners,https://www.youtube.com/watch?v=eKqY-oP1d_Y,apna college,https://www.youtube.com/channel/UCBwmMxybNva6P_5VmxjzwqA,eKqY-oP1d_Y,1,category,cat-v1,0.6,27
python tutorial for absolute beginners 1  what are variables,https://www.youtube.com/watch?v=Z1Yd7upQsXY,cs dojo,https://www.youtube.com/channel/UCxX9wt5FWQUAAz4UrysqK9A,Z1Yd7upQsXY,1,category,cat-v1,0.6,27
harvard cs50’s introduction to programming with python – full university course,https://www.youtube.com/watch?v=nLRL_NcnK-4,freecodecamporg,https://www.youtube.com/channel/UC8butISFwT-Wl7EV0hUK0BQ,nLRL_NcnK-4,1,category,cat-v1,0.6,27
python full course for beginners in 16 hour with projects  questions  learn python tutorial,https://www.youtube.com/watch?v=sCOw5y1RQpY,wscube tech,https://www.youtube.com/channel/UC0T6MVd3wQDB5ICAe45OxaQ,sCOw5y1RQpY,1,category,cat-v1,0.6,27
python for everybody  full university python course,https://www.youtube.com/watch?v=8DvywoWv6fI,freecodecamporg,https://www.youtube.com/channel/UC8butISFwT-Wl7EV0hUK0BQ,8DvywoWv6fI,1,category,cat-v1,0.6,27
python tutorial  python full course for beginners in tamil,https://www.youtube.com/watch?v=m67-bOpOoPU,error makes clever,https://www.youtube.com/channel/UCwr-evhuzGZgDFrq_1pLt_A,m67-bOpOoPU,1,category,cat-v1,0.6,27
struggling with python programming learn it in a  simplest way shorts pythonprogramming,https://www.youtube.com/watch?v=ufRLns-QQh0,error makes clever,https://www.youtube.com/channel/UCwr-evhuzGZgDFrq_1pLt_A,ufRLns-QQh0,1,category,cat-v1,0.6,27
python full course  12 hours  python for beginners  full course  python tutorial  edureka,https://www.youtube.com/watch?v=WGJJIrtnfpk,edureka,https://www.youtube.com/channel/UCkw4JCwteGrDHIsyIIKo4tQ,WGJJIrtnfpk,1,category,cat-v1,0.6,27
python tutorial for beginners  learn python in 5 hours full course,https://www.youtube.com/watch?v=t8pPdKYpowI,techworld with nana,https://www.youtube.com/channel/UCdngmbVKX1Tgre699-XLlUA,t8pPdKYpowI,1,category,cat-v1,0.6,27
drone programming with python course  3 hours  including x4 projects  computer vision,https://www.youtube.com/watch?v=LmEcyQnfpDA,murtazas workshop  robotics and ai,https://www.youtube.com/channel/UCYUjYU5FveRAscQ8V21w81A,LmEcyQnfpDA,1,category,cat-v1,0.6,27
c tutorial for beginners  learn c in 1 hour,https://www.youtube.com/watch?v=ZzaPdXTrSb8,programming with mosh,https://www.youtube.com/channel/UCWv7vMbMWH4-V0ZXdmDpPBA,ZzaPdXTrSb8,1,category,cat-v1,0.6,27
python full course for beginners,https://www.youtube.com/watch?v=K5KVEU3aaeQ,programming with mosh,https://www.youtube.com/channel/UCWv7vMbMWH4-V0ZXdmDpPBA,K5KVEU3aaeQ,1,category,cat-v1,0.6,27
how to become a senior developer ♥️  programming javascript python coding developer coder ,https://www.youtube.com/watch?v=yymyLXPbP1Y,divine classes an institution of education,https://www.youtube.com/channel/UCrqAddL1VDf4e5V1AojoOYQ,yymyLXPbP1Y,1,category,cat-v1,0.6,27
react tutorial for beginners,https://www.youtube.com/watch?v=SqcY0GlETPk,programming with mosh,https://www.youtube.com/channel/UCWv7vMbMWH4-V0ZXdmDpPBA,SqcY0GlETPk,1,category,cat-v1,0.6,27
solar system  html css,https://www.youtube.com/watch?v=LOSCrYq0ZB4,learning axis,https://www.youtube.com/channel/UCJaX72yu95GttcLP2u92Oew,LOSCrYq0ZB4,1,category,cat-v1,0.6,27
top 8 fastest programing languages in 2024 check discription,https://www.youtube.com/watch?v=Fm3iH1PPgMw,vlog with engineer ,https://www.youtube.com/channel/UCjhdBsNZvpbgPlnwNMHEc1w,Fm3iH1PPgMw,1,category,cat-v1,0.6,27
python programming,https://www.youtube.com/watch?v=N4mEzFDjqtA,derek banas,https://www.youtube.com/channel/UCwRXb5dUK4cvsHbx-rGzSgw,N4mEzFDjqtA,1,category,cat-v1,0.6,27
opencv course  full tutorial with python,https://www.youtube.com/watch?v=oXlwWbU8l2o,freecodecamporg,https://www.youtube.com/channel/UC8butISFwT-Wl7EV0hUK0BQ,oXlwWbU8l2o,1,category,cat-v1,0.6,27
how to learn to code,https://www.youtube.com/watch?v=NGlX-1jhYJE,gohar khan,https://www.youtube.com/channel/UCPk2s5c4R_d-EUUNvFFODoA,NGlX-1jhYJE,1,category,cat-v1,0.6,27
python oop tutorial 1 classes and instances,https://www.youtube.com/watch?v=ZDa-Z5JzLYM,corey schafer,https://www.youtube.com/channel/UCCezIgC97PvUuR4_gbFUs5g,ZDa-Z5JzLYM,1,category,cat-v1,0.6,27
learn coding  get a job in 2026 ,https://www.youtube.com/watch?v=0HyIda5eub8,codewithharry,https://www.youtube.com/channel/UCeVMnSShP_Iviwkknt83cww,0HyIda5eub8,1,category,cat-v1,0.6,27
how much a python developer earn   python developer salary in india shorts simplilearn,https://www.youtube.com/watch?v=o4F3G5g5H-Y,simplilearn,https://www.youtube.com/channel/UCsvqVGtbbyHaMoevxPAq9Fg,o4F3G5g5H-Y,1,category,cat-v1,0.6,27
bfs vs dfs in maze coding visualization dsa algorithm programming javascript  python,https://www.youtube.com/watch?v=0tbhUumLwLQ,coding blocks,https://www.youtube.com/channel/UCICWIYEx2mo4wYZzLwJ7wVw,0tbhUumLwLQ,1,category,cat-v1,0.6,27
python for beginners – full course programming tutorial,https://www.youtube.com/watch?v=eWRfhZUzrAc,freecodecamporg,https://www.youtube.com/channel/UC8butISFwT-Wl7EV0hUK0BQ,eWRfhZUzrAc,1,category,cat-v1,0.6,27
intermediate python programming course,https://www.youtube.com/watch?v=HGOBQPFzWKo,freecodecamporg,https://www.youtube.com/channel/UC8butISFwT-Wl7EV0hUK0BQ,HGOBQPFzWKo,1,category,cat-v1,0.6,27
🦎 reptilestyle interactive cursor tail  ripple  htmlcssjs shorts viral codewithlord,https://www.youtube.com/watch?v=ZKk5biPk3S8,codewithlord ,https://www.youtube.com/channel/UCDpwSLdj3lwIu-dN3f0Ir5A,ZKk5biPk3S8,1,category,cat-v1,0.6,27
తెలుగులో python నేర్చుకోండి  learn python programming from basics with examples 2025,https://www.youtube.com/watch?v=9hVzEKZQyMU,sundeep saradhi kanthety,https://www.youtube.com/channel/UC63URkuUvnugRBeTNqmToKg,9hVzEKZQyMU,1,category,cat-v1,0.6,27
which programming language do developers prefer in 2024  intellipaat shorts programminglanguage,https://www.youtube.com/watch?v=-lHQEZjWbLI,intellipaat,https://www.youtube.com/channel/UCCktnahuRFYIBtNnKT5IYyg,-lHQEZjWbLI,1,category,cat-v1,0.6,27
python tutorial for beginners 1 install and setup for mac and windows,https://www.youtube.com/watch?v=YYXdXT2l-Gg,corey schafer,https://www.youtube.com/channel/UCCezIgC97PvUuR4_gbFUs5g,YYXdXT2l-Gg,1,category,cat-v1,0.6,27
created reptile  html  css  javascript youtubeshorts trending coding animation ai learning,https://www.youtube.com/watch?v=Y3Lmf5QoaKA,shivin tutorial,https://www.youtube.com/channel/UCSSIHLR6QUvioALzCYkj0_A,Y3Lmf5QoaKA,1,category,cat-v1,0.6,27
apprendre python tuto programmation complet débutant,https://www.youtube.com/watch?v=oUJolR5bX6g,codeavecjonathan,https://www.youtube.com/channel/UCnjZz4nv490fE4SzUacSbBA,oUJolR5bX6g,1,category,cat-v1,0.6,27
python object oriented programming oop  for beginners,https://www.youtube.com/watch?v=JeznW_7DlB0,tech with tim,https://www.youtube.com/channel/UC4JX40jDee_tINbkjycV4Sg,JeznW_7DlB0,1,category,cat-v1,0.6,27
c vs python hello world program  coding shorts coding javascript python,https://www.youtube.com/watch?v=WoaMeKdZBA8,codewithmay,https://www.youtube.com/channel/UCtIsKdJL9hQKhahQ5yXHIKQ,WoaMeKdZBA8,1,category,cat-v1,0.6,27
advanced algorithms compsci 224 lecture 1,https://www.youtube.com/watch?v=0JUN9aDxVmI,harvard university,https://www.youtube.com/channel/UCLv7Gzc3VTO6ggFlXY0sOyw,0JUN9aDxVmI,1,category,cat-v1,0.6,27
introduction to data structures  algorithms,https://www.youtube.com/watch?v=5_5oE5lgrhw,codewithharry,https://www.youtube.com/channel/UCeVMnSShP_Iviwkknt83cww,5_5oE5lgrhw,1,category,cat-v1,0.6,27
data structures easy to advanced course  full tutorial from a google engineer,https://www.youtube.com/watch?v=RBSGKlAvoiM,freecodecamporg,https://www.youtube.com/channel/UC8butISFwT-Wl7EV0hUK0BQ,RBSGKlAvoiM,1,category,cat-v1,0.6,27
1 introduction to algorithms,https://www.youtube.com/watch?v=0IAPZzGSbME,abdul bari,https://www.youtube.com/channel/UCZCFT11CWBi3MHNlGf019nw,0IAPZzGSbME,1,category,cat-v1,0.6,27
lecture 1  flowchart  pseudocode  installation  dsa series by shradha khapra maam  c,https://www.youtube.com/watch?v=VTLCoHnyACE,apna college,https://www.youtube.com/channel/UCBwmMxybNva6P_5VmxjzwqA,VTLCoHnyACE,1,category,cat-v1,0.6,27
lecture 1 algorithmic thinking peak finding,https://www.youtube.com/watch?v=HtSuA80QTyo,mit opencourseware,https://www.youtube.com/channel/UCEBb1b_L6zDS3xTUrIALZOw,HtSuA80QTyo,1,category,cat-v1,0.6,27
best data structures  algorithms dsa course  clear any faang interview,https://www.youtube.com/watch?v=rZ41y93P2Qo,kunal kushwaha,https://www.youtube.com/channel/UCBGOUQHNNtNGcGzVq5rIXjw,rZ41y93P2Qo,1,category,cat-v1,0.6,27
51 graph traversals  bfs  dfs breadth first search and depth first search,https://www.youtube.com/watch?v=pcKY4hjDrxk,abdul bari,https://www.youtube.com/channel/UCZCFT11CWBi3MHNlGf019nw,pcKY4hjDrxk,1,category,cat-v1,0.6,27
36 dijkstra algorithm  single source shortest path  greedy method,https://www.youtube.com/watch?v=XB4MIexjvY0,abdul bari,https://www.youtube.com/channel/UCZCFT11CWBi3MHNlGf019nw,XB4MIexjvY0,1,category,cat-v1,0.6,27
11 arrays in data structure  declaration initialization memory representation,https://www.youtube.com/watch?v=AT14lCXuMKI,jennys lectures cs it,https://www.youtube.com/channel/UCM-yUTYGmrNvKOCcAl21g3w,AT14lCXuMKI,1,category,cat-v1,0.6,27
281  quicksort algorithm,https://www.youtube.com/watch?v=7h1s2SojIRw,abdul bari,https://www.youtube.com/channel/UCZCFT11CWBi3MHNlGf019nw,7h1s2SojIRw,1,category,cat-v1,0.6,27
data structures  full course using c and c,https://www.youtube.com/watch?v=B31LgI4Y4DQ,freecodecamporg,https://www.youtube.com/channel/UC8butISFwT-Wl7EV0hUK0BQ,B31LgI4Y4DQ,1,category,cat-v1,0.6,27
35 prims and kruskals algorithms  greedy method,https://www.youtube.com/watch?v=4ZlRH0eK-qQ,abdul bari,https://www.youtube.com/channel/UCZCFT11CWBi3MHNlGf019nw,4ZlRH0eK-qQ,1,category,cat-v1,0.6,27
l410 dijkstras algorithm  single source shortest path  greedy method,https://www.youtube.com/watch?v=Gd92jSu_cZk,gate smashers,https://www.youtube.com/channel/UCJihyK0A38SZ6SdJirEdIOw,Gd92jSu_cZk,1,category,cat-v1,0.6,27
l31 how quick sort works  performance of quick sort with example  divide and conquer,https://www.youtube.com/watch?v=tWCaFVJMUi8,gate smashers,https://www.youtube.com/channel/UCJihyK0A38SZ6SdJirEdIOw,tWCaFVJMUi8,1,category,cat-v1,0.6,27
42 all pairs shortest path floydwarshall  dynamic programming,https://www.youtube.com/watch?v=oNI0rf2P9gE,abdul bari,https://www.youtube.com/channel/UCZCFT11CWBi3MHNlGf019nw,oNI0rf2P9gE,1,category,cat-v1,0.6,27
76 quick sort in data structure  sorting algorithm  dsa full course,https://www.youtube.com/watch?v=QN9hnmAgmOc,jennys lectures cs it,https://www.youtube.com/channel/UCM-yUTYGmrNvKOCcAl21g3w,QN9hnmAgmOc,1,category,cat-v1,0.6,27
c basics in one shot  strivers a2z dsa course  l1,https://www.youtube.com/watch?v=EAR7De6Goz4,take u forward,https://www.youtube.com/channel/UCJskGeByzRRSvmOyZOz61ig,EAR7De6Goz4,1,category,cat-v1,0.6,27
62 bfs and dfs graph traversals breadth first search and depth first search  data structures,https://www.youtube.com/watch?v=vf-cxgUXcMk,jennys lectures cs it,https://www.youtube.com/channel/UCM-yUTYGmrNvKOCcAl21g3w,vf-cxgUXcMk,1,category,cat-v1,0.6,27
l13 asymptotic notations  big o  big omega  theta notations  most imp topic of algorithm,https://www.youtube.com/watch?v=7dz8Iaf_weM,gate smashers,https://www.youtube.com/channel/UCJihyK0A38SZ6SdJirEdIOw,7dz8Iaf_weM,1,category,cat-v1,0.6,27
data structures and algorithms in python  full course for beginners,https://www.youtube.com/watch?v=pkYVOmU3MgA,freecodecamporg,https://www.youtube.com/channel/UC8butISFwT-Wl7EV0hUK0BQ,pkYVOmU3MgA,1,category,cat-v1,0.6,27
151 time complexity 1,https://www.youtube.com/watch?v=9TlHvipP5yA,abdul bari,https://www.youtube.com/channel/UCZCFT11CWBi3MHNlGf019nw,9TlHvipP5yA,1,category,cat-v1,0.6,27
263 heap  heap sort  heapify  priority queues,https://www.youtube.com/watch?v=HqPJF2L5h9U,abdul bari,https://www.youtube.com/channel/UCZCFT11CWBi3MHNlGf019nw,HqPJF2L5h9U,1,category,cat-v1,0.6,27
l48 kruskal algorithm for minimum spanning tree in hindi  algorithm,https://www.youtube.com/watch?v=huQojf2tevI,gate smashers,https://www.youtube.com/channel/UCJihyK0A38SZ6SdJirEdIOw,huQojf2tevI,1,category,cat-v1,0.6,27
complete ds data structure in one shot  semester exam  hindi,https://www.youtube.com/watch?v=MdG0Vw9f1A4,knowledgegate by sanchit sir,https://www.youtube.com/channel/UCA6yfpYhy5sWMjRGOT-OAIQ,MdG0Vw9f1A4,1,category,cat-v1,0.6,27
77 merge sort in data structure  sorting algorithms dsa full course,https://www.youtube.com/watch?v=jlHkDBEumP0,jennys lectures cs it,https://www.youtube.com/channel/UCM-yUTYGmrNvKOCcAl21g3w,jlHkDBEumP0,1,category,cat-v1,0.6,27
l49 prims algorithm for minimum cost spanning tree  prims vs kruskal,https://www.youtube.com/watch?v=_KX8GDvRzBc,gate smashers,https://www.youtube.com/channel/UCJihyK0A38SZ6SdJirEdIOw,_KX8GDvRzBc,1,category,cat-v1,0.6,27
quick sort in 4 minutes,https://www.youtube.com/watch?v=Hoixgm4-P4M,michael sambol,https://www.youtube.com/channel/UCzDJwLWoYCUQowF_nG3m5OQ,Hoixgm4-P4M,1,category,cat-v1,0.6,27
24 linked list implementation in cc  creation and display  dsa tutorials,https://www.youtube.com/watch?v=6wXZ_m3SbEs,jennys lectures cs it,https://www.youtube.com/channel/UCM-yUTYGmrNvKOCcAl21g3w,6wXZ_m3SbEs,1,category,cat-v1,0.6,27
l61 what is hashing with example  hashing in data structure,https://www.youtube.com/watch?v=W5q0xgxmRd8,gate smashers,https://www.youtube.com/channel/UCJihyK0A38SZ6SdJirEdIOw,W5q0xgxmRd8,1,category,cat-v1,0.6,27
data structures  algorithms 1  what are data structures,https://www.youtube.com/watch?v=bum_19loj9A,cs dojo,https://www.youtube.com/channel/UCxX9wt5FWQUAAz4UrysqK9A,bum_19loj9A,1,category,cat-v1,0.6,27
36 infix to postfix using stack  data structure and algorithm,https://www.youtube.com/watch?v=PAceaOSnxQs,jennys lectures cs it,https://www.youtube.com/channel/UCM-yUTYGmrNvKOCcAl21g3w,PAceaOSnxQs,1,category,cat-v1,0.6,27
91 knuthmorrispratt kmp string matching algorithm,https://www.youtube.com/watch?v=V5-7GzOfADQ,abdul bari,https://www.youtube.com/channel/UCZCFT11CWBi3MHNlGf019nw,V5-7GzOfADQ,1,category,cat-v1,0.6,27
74 insertion sort algorithm explanation with c program data structure tutorials,https://www.youtube.com/watch?v=yCxV0kBpA6M,jennys lectures cs it,https://www.youtube.com/channel/UCM-yUTYGmrNvKOCcAl21g3w,yCxV0kBpA6M,1,category,cat-v1,0.6,27
44 bellman ford algorithm  single source shortest path  dynamic programming,https://www.youtube.com/watch?v=FtN3BYH2Zes,abdul bari,https://www.youtube.com/channel/UCZCFT11CWBi3MHNlGf019nw,FtN3BYH2Zes,1,category,cat-v1,0.6,27
binary tree in data structures  all about binary tree  dsa course,https://www.youtube.com/watch?v=-DzowlcaUmE,apna college,https://www.youtube.com/channel/UCBwmMxybNva6P_5VmxjzwqA,-DzowlcaUmE,1,category,cat-v1,0.6,27
211 recurrence relation tn tn1  1 1,https://www.youtube.com/watch?v=4V30R3I1vLI,abdul bari,https://www.youtube.com/channel/UCZCFT11CWBi3MHNlGf019nw,4V30R3I1vLI,1,category,cat-v1,0.6,27
introduction to big o notation and time complexity data structures  algorithms 7,https://www.youtube.com/watch?v=D6xkbGLQesk,cs dojo,https://www.youtube.com/channel/UCxX9wt5FWQUAAz4UrysqK9A,D6xkbGLQesk,1,category,cat-v1,0.6,27
introduction to linked list,https://www.youtube.com/watch?v=R9PTBwOzceo,neso academy,https://www.youtube.com/channel/UCQYMhOMi_Cdj1CEAU-fv80A,R9PTBwOzceo,1,category,cat-v1,0.6,27
61 graph representation in data structuregraph theoryadjacency matrix and adjacency list,https://www.youtube.com/watch?v=5hPfm_uqXmw,jennys lectures cs it,https://www.youtube.com/channel/UCM-yUTYGmrNvKOCcAl21g3w,5hPfm_uqXmw,1,category,cat-v1,0.6,27
613 dijkstra algorithm  single source shortest path greedy method,https://www.youtube.com/watch?v=smHnz2RHJBY,jennys lectures cs it,https://www.youtube.com/channel/UCM-yUTYGmrNvKOCcAl21g3w,smHnz2RHJBY,1,category,cat-v1,0.6,27
data structures and algorithms for beginners,https://www.youtube.com/watch?v=BBpAmxU_NQo,programming with mosh,https://www.youtube.com/channel/UCWv7vMbMWH4-V0ZXdmDpPBA,BBpAmxU_NQo,1,category,cat-v1,0.6,27
l43 huffman coding algorithm in hindi with example  greedy techniquesalgorithm,https://www.youtube.com/watch?v=uDS8AkTAcIU,gate smashers,https://www.youtube.com/channel/UCJihyK0A38SZ6SdJirEdIOw,uDS8AkTAcIU,1,category,cat-v1,0.6,27
73 bubble sort algorithm data structures tutorials,https://www.youtube.com/watch?v=o4bAoo_gFBU,jennys lectures cs it,https://www.youtube.com/channel/UCM-yUTYGmrNvKOCcAl21g3w,o4bAoo_gFBU,1,category,cat-v1,0.6,27
dijkstras algorithm in 3 minutes,https://www.youtube.com/watch?v=_lHSawdgXpI,michael sambol,https://www.youtube.com/channel/UCzDJwLWoYCUQowF_nG3m5OQ,_lHSawdgXpI,1,category,cat-v1,0.6,27
the best language for dsa ‍,https://www.youtube.com/watch?v=sJtgDXBu1is,codewithharry,https://www.youtube.com/channel/UCeVMnSShP_Iviwkknt83cww,sJtgDXBu1is,1,category,cat-v1,0.6,27
510 binary search trees bst  insertion and deletion  dsa full course,https://www.youtube.com/watch?v=cySVml6e_Fc,jennys lectures cs it,https://www.youtube.com/channel/UCM-yUTYGmrNvKOCcAl21g3w,cySVml6e_Fc,1,category,cat-v1,0.6,27
how dijkstras algorithm works,https://www.youtube.com/watch?v=EFg3u_E6eHU,spanning tree,https://www.youtube.com/channel/UCDzVUXiTr3hClI-zzCWbYzg,EFg3u_E6eHU,1,category,cat-v1,0.6,27
introduction to linked list  data structures  algorithms  java placement course,https://www.youtube.com/watch?v=oAja8-Ulz6o,apna college,https://www.youtube.com/channel/UCBwmMxybNva6P_5VmxjzwqA,oAja8-Ulz6o,1,category,cat-v1,0.6,27
but what is a neural network  deep learning chapter 1,https://www.youtube.com/watch?v=aircAruvnKk,3blue1brown,https://www.youtube.com/channel/UCYO_jab_esuFRV4b17AJtAw,aircAruvnKk,1,category,cat-v1,0.6,27
ai cant explain how ai works,https://www.youtube.com/watch?v=R9OHn5ZF4Uo,cgp grey,https://www.youtube.com/channel/UC2C_jShtL725hvbm1arSV9w,R9OHn5ZF4Uo,1,category,cat-v1,0.6,27
transformers the tech behind llms  deep learning chapter 5,https://www.youtube.com/watch?v=wjZofJX0v4M,3blue1brown,https://www.youtube.com/channel/UCYO_jab_esuFRV4b17AJtAw,wjZofJX0v4M,1,category,cat-v1,0.6,27
machine learning for everybody – full course,https://www.youtube.com/watch?v=i_LwzRVP7bg,freecodecamporg,https://www.youtube.com/channel/UC8butISFwT-Wl7EV0hUK0BQ,i_LwzRVP7bg,1,category,cat-v1,0.6,27
gradient descent how neural networks learn  deep learning chapter 2,https://www.youtube.com/watch?v=IHZwWFHWa-w,3blue1brown,https://www.youtube.com/channel/UCYO_jab_esuFRV4b17AJtAw,IHZwWFHWa-w,1,category,cat-v1,0.6,27
large language models explained briefly,https://www.youtube.com/watch?v=LPZh9BOjkQs,3blue1brown,https://www.youtube.com/channel/UCYO_jab_esuFRV4b17AJtAw,LPZh9BOjkQs,1,category,cat-v1,0.6,27
backpropagation intuitively  deep learning chapter 3,https://www.youtube.com/watch?v=Ilg3gGewQ5U,3blue1brown,https://www.youtube.com/channel/UCYO_jab_esuFRV4b17AJtAw,Ilg3gGewQ5U,1,category,cat-v1,0.6,27
bayes theorem the geometry of changing beliefs,https://www.youtube.com/watch?v=HZGCoVF3YvM,3blue1brown,https://www.youtube.com/channel/UCYO_jab_esuFRV4b17AJtAw,HZGCoVF3YvM,1,category,cat-v1,0.6,27
machine learning  what is machine learning  introduction to machine learning  2026  simplilearn,https://www.youtube.com/watch?v=ukzFI9rgwfU,simplilearn,https://www.youtube.com/channel/UCsvqVGtbbyHaMoevxPAq9Fg,ukzFI9rgwfU,1,category,cat-v1,0.6,27
harvard cs50’s artificial intelligence with python – full university course,https://www.youtube.com/watch?v=5NgNicANyqM,freecodecamporg,https://www.youtube.com/channel/UC8butISFwT-Wl7EV0hUK0BQ,5NgNicANyqM,1,category,cat-v1,0.6,27
ai agents clearly explained,https://www.youtube.com/watch?v=FwOTs4UxQS4,jeff su,https://www.youtube.com/channel/UCwAnu01qlnVg1Ai2AbtTMaA,FwOTs4UxQS4,1,category,cat-v1,0.6,27
attention in transformers stepbystep  deep learning chapter 6,https://www.youtube.com/watch?v=eMlx5fFNoYc,3blue1brown,https://www.youtube.com/channel/UCYO_jab_esuFRV4b17AJtAw,eMlx5fFNoYc,1,category,cat-v1,0.6,27
backpropagation calculus  deep learning chapter 4,https://www.youtube.com/watch?v=tIeHLnjs5U8,3blue1brown,https://www.youtube.com/channel/UCYO_jab_esuFRV4b17AJtAw,tIeHLnjs5U8,1,category,cat-v1,0.6,27
what is ai  artificial intelligence  what is artificial intelligence  ai in 5 mins simplilearn,https://www.youtube.com/watch?v=ad79nYk2keg,simplilearn,https://www.youtube.com/channel/UCsvqVGtbbyHaMoevxPAq9Fg,ad79nYk2keg,1,category,cat-v1,0.6,27
but what is a convolution,https://www.youtube.com/watch?v=KuXjwB4LzSA,3blue1brown,https://www.youtube.com/channel/UCYO_jab_esuFRV4b17AJtAw,KuXjwB4LzSA,1,category,cat-v1,0.6,27
google’s ai course for beginners in 10 minutes,https://www.youtube.com/watch?v=Yq0QkCxoTHM,jeff su,https://www.youtube.com/channel/UCwAnu01qlnVg1Ai2AbtTMaA,Yq0QkCxoTHM,1,category,cat-v1,0.6,27
ai machine learning deep learning and generative ai explained,https://www.youtube.com/watch?v=qYNweeDHiyU,ibm technology,https://www.youtube.com/channel/UCKWaEZ-_VweaEx1j62do_vQ,qYNweeDHiyU,1,category,cat-v1,0.6,27
how word vectors encode meaning,https://www.youtube.com/watch?v=FJtFZwbvkI4,3blue1brown,https://www.youtube.com/channel/UCYO_jab_esuFRV4b17AJtAw,FJtFZwbvkI4,1,category,cat-v1,0.6,27
generative ai explained in 5 minutes  what is genai  introduction to generative ai  simplilearn,https://www.youtube.com/watch?v=NRmAXDWJVnU,simplilearn,https://www.youtube.com/channel/UCsvqVGtbbyHaMoevxPAq9Fg,NRmAXDWJVnU,1,category,cat-v1,0.6,27
ai vs ml vs dl vs data science,https://www.youtube.com/watch?v=k2P_pHQDlp0,krish naik,https://www.youtube.com/channel/UCNU_lfiiWBdtULKOw6X0Dig,k2P_pHQDlp0,1,category,cat-v1,0.6,27
ai complete oneshot course for beginners  learn ai  ml fundamentals from scratch,https://www.youtube.com/watch?v=D1eL1EnxXXQ,apna college,https://www.youtube.com/channel/UCBwmMxybNva6P_5VmxjzwqA,D1eL1EnxXXQ,1,category,cat-v1,0.6,27
statquest logistic regression,https://www.youtube.com/watch?v=yIYKR4sgzI8,statquest with josh starmer,https://www.youtube.com/channel/UCtYLUTtgS3k1Fg4y5tAhLbw,yIYKR4sgzI8,1,category,cat-v1,0.6,27
what is artificial intelligence  chatgpt  the dr binocs show  peekaboo kidz,https://www.youtube.com/watch?v=ttIOdAdQaUE,peekaboo kidz,https://www.youtube.com/channel/UCxlJ45KjG4XVcQ_hd8j227A,ttIOdAdQaUE,1,category,cat-v1,0.6,27
what is data science  complete roadmap  simply explained by shradha khapra maam,https://www.youtube.com/watch?v=uIUvpJdYgSA,apna college,https://www.youtube.com/channel/UCBwmMxybNva6P_5VmxjzwqA,uIUvpJdYgSA,1,category,cat-v1,0.6,27
statquest kmeans clustering,https://www.youtube.com/watch?v=4b5d3muPQmA,statquest with josh starmer,https://www.youtube.com/channel/UCtYLUTtgS3k1Fg4y5tAhLbw,4b5d3muPQmA,1,category,cat-v1,0.6,27
reality behind data science machine learning jobs,https://www.youtube.com/watch?v=R6u5EBWAssY,codebasics,https://www.youtube.com/channel/UCh9nVJoWXmFb7sLApWGcLPQ,R6u5EBWAssY,1,category,cat-v1,0.6,27
stanford cs229 i machine learning i building large language models llms,https://www.youtube.com/watch?v=9vM4p9NN0Ts,stanford online,https://www.youtube.com/channel/UCBa5G_ESCn8Yd4vw5U-gIcg,9vM4p9NN0Ts,1,category,cat-v1,0.6,27
video 1 introduction to simple linear regression,https://www.youtube.com/watch?v=owI7zxCqNY0,dataminingincae,https://www.youtube.com/channel/UCbdsyFBdG0Fmjroqk-ZoPcg,owI7zxCqNY0,1,category,cat-v1,0.6,27
which course is best to master ai  tamil ceo sidd ahmed,https://www.youtube.com/watch?v=-HJJdIU3tok,sidd ahmed,https://www.youtube.com/channel/UCHetsKn3hHUg4J48onIKQZQ,-HJJdIU3tok,1,category,cat-v1,0.6,27
all machine learning algorithms explained in 17 min,https://www.youtube.com/watch?v=E0Hmnixke2g,infinite codes,https://www.youtube.com/channel/UCktMIWomeuj4pwvBb-OBwMw,E0Hmnixke2g,1,category,cat-v1,0.6,27
stanford cs229 machine learning  linear regression and gradient descent   lecture 2 autumn 2018,https://www.youtube.com/watch?v=4b4MUYve_U8,stanford online,https://www.youtube.com/channel/UCBa5G_ESCn8Yd4vw5U-gIcg,4b4MUYve_U8,1,category,cat-v1,0.6,27
complete machine learning in 6 hours krish naik,https://www.youtube.com/watch?v=JxgmHe2NyeY,krish naik,https://www.youtube.com/channel/UCNU_lfiiWBdtULKOw6X0Dig,JxgmHe2NyeY,1,category,cat-v1,0.6,27
roc and auc clearly explained,https://www.youtube.com/watch?v=4jRBRDbJemM,statquest with josh starmer,https://www.youtube.com/channel/UCtYLUTtgS3k1Fg4y5tAhLbw,4jRBRDbJemM,1,category,cat-v1,0.6,27
machine learning full course with practical 10 hours  learn free ml in 2025  part1,https://www.youtube.com/watch?v=LvC68w9JS4Y,wscube tech,https://www.youtube.com/channel/UC0T6MVd3wQDB5ICAe45OxaQ,LvC68w9JS4Y,1,category,cat-v1,0.6,27
markov chains clearly explained part  1,https://www.youtube.com/watch?v=i3AkTO9HLXo,normalized nerd,https://www.youtube.com/channel/UC7Fs-Fdpe0I8GYg3lboEuXw,i3AkTO9HLXo,1,category,cat-v1,0.6,27
data analyst explained in 1 minute   shorts dataanalyst,https://www.youtube.com/watch?v=jmXDnRHR4cw,error makes clever,https://www.youtube.com/channel/UCwr-evhuzGZgDFrq_1pLt_A,jmXDnRHR4cw,1,category,cat-v1,0.6,27
11 introduction to machine learning,https://www.youtube.com/watch?v=h0e2HAPTGF4,mit opencourseware,https://www.youtube.com/channel/UCEBb1b_L6zDS3xTUrIALZOw,h0e2HAPTGF4,1,category,cat-v1,0.6,27
1 solved example naive bayes classifier to classify new instance playtennis example mahesh huddar,https://www.youtube.com/watch?v=XzSlEA4ck2I,mahesh huddar,https://www.youtube.com/channel/UCPi23Ql765_5smMj2-r0X4g,XzSlEA4ck2I,1,category,cat-v1,0.6,27
support vector machines part 1 of 3 main ideas,https://www.youtube.com/watch?v=efR1C6CvhmE,statquest with josh starmer,https://www.youtube.com/channel/UCtYLUTtgS3k1Fg4y5tAhLbw,efR1C6CvhmE,1,category,cat-v1,0.6,27
maximum likelihood clearly explained,https://www.youtube.com/watch?v=XepXtl9YKwc,statquest with josh starmer,https://www.youtube.com/channel/UCtYLUTtgS3k1Fg4y5tAhLbw,XepXtl9YKwc,1,category,cat-v1,0.6,27
neural network in 5 minutes  what is a neural network  how neural networks work  simplilearn,https://www.youtube.com/watch?v=bfmFfD2RIcg,simplilearn,https://www.youtube.com/channel/UCsvqVGtbbyHaMoevxPAq9Fg,bfmFfD2RIcg,1,category,cat-v1,0.6,27
machine learning tutorial python 1 what is machine learning,https://www.youtube.com/watch?v=gmvvaobm7eQ,codebasics,https://www.youtube.com/channel/UCh9nVJoWXmFb7sLApWGcLPQ,gmvvaobm7eQ,1,category,cat-v1,0.6,27
machine learning fundamentals bias and variance,https://www.youtube.com/watch?v=EuBBz3bI-aA,statquest with josh starmer,https://www.youtube.com/channel/UCtYLUTtgS3k1Fg4y5tAhLbw,EuBBz3bI-aA,1,category,cat-v1,0.6,27
deep learning  what is deep learning  deep learning tutorial for beginners  2026  simplilearn,https://www.youtube.com/watch?v=6M5VXKLf4D4,simplilearn,https://www.youtube.com/channel/UCsvqVGtbbyHaMoevxPAq9Fg,6M5VXKLf4D4,1,category,cat-v1,0.6,27
lec37 supervised unsupervised and reinforcement learning in artificial intelligence in hindi,https://www.youtube.com/watch?v=4dwsSz_fNSQ,gate smashers,https://www.youtube.com/channel/UCJihyK0A38SZ6SdJirEdIOw,4dwsSz_fNSQ,1,category,cat-v1,0.6,27
transistors explained  how transistors work,https://www.youtube.com/watch?v=J4oO7PT_nzQ,the engineering mindset,https://www.youtube.com/channel/UCk0fGHsCEzGig-rSzkfCjMw,J4oO7PT_nzQ,1,category,cat-v1,0.6,27
capacitors explained  the basics how capacitors work working principle,https://www.youtube.com/watch?v=X4EUwTwZ110,the engineering mindset,https://www.youtube.com/channel/UCk0fGHsCEzGig-rSzkfCjMw,X4EUwTwZ110,1,category,cat-v1,0.6,27
subscriber sent me this junk nintendo ds lite for restoration,https://www.youtube.com/watch?v=GNxpctsMtus,odd tinkering,https://www.youtube.com/channel/UCf_suVrG2dA5BTjJhNLwthQ,GNxpctsMtus,1,category,cat-v1,0.6,27
how electricity works  working principle,https://www.youtube.com/watch?v=mc979OhitAg,the engineering mindset,https://www.youtube.com/channel/UCk0fGHsCEzGig-rSzkfCjMw,mc979OhitAg,1,category,cat-v1,0.6,27
wave soldering explained in 30 seconds,https://www.youtube.com/watch?v=UZ5d5UYx2jc,vtphysics,https://www.youtube.com/channel/UCuO1xKv8PwUCdQ1b3eY1TrA,UZ5d5UYx2jc,1,category,cat-v1,0.6,27
lesson 1  voltage current resistance engineering circuit analysis,https://www.youtube.com/watch?v=OGa_b26eK2c,math and science,https://www.youtube.com/channel/UCYgL81lc7DOLNhnel1_J6Vg,OGa_b26eK2c,1,category,cat-v1,0.6,27
how resistor work  unravel the mysteries of how resistors work,https://www.youtube.com/watch?v=DYcLFHgVCn0,the engineering mindset,https://www.youtube.com/channel/UCk0fGHsCEzGig-rSzkfCjMw,DYcLFHgVCn0,1,category,cat-v1,0.6,27
inductors explained  the basics how inductors work working principle,https://www.youtube.com/watch?v=KSylo01n5FY,the engineering mindset,https://www.youtube.com/channel/UCk0fGHsCEzGig-rSzkfCjMw,KSylo01n5FY,1,category,cat-v1,0.6,27
how to use a multimeter like a pro the ultimate guide,https://www.youtube.com/watch?v=0loXukB302Q,james gatlin,https://www.youtube.com/channel/UC4JLjBBedLqXjBF7u09lFyQ,0loXukB302Q,1,category,cat-v1,0.6,27
simple electric circuit fan  school science project  simple and easy  learning is always fun ,https://www.youtube.com/watch?v=bHQoVeEB0ko,nenu mee prahaladayuvan,https://www.youtube.com/channel/UCwTjT2lhuK8_oZNgIFg-uYQ,bHQoVeEB0ko,1,category,cat-v1,0.6,27
5v regulator design tutorial  how it works how to design pcb  altium,https://www.youtube.com/watch?v=d-j0onzzuNQ,the engineering mindset,https://www.youtube.com/channel/UCk0fGHsCEzGig-rSzkfCjMw,d-j0onzzuNQ,1,category,cat-v1,0.6,27
tutorial hard reset tablet android resetearformatear tablet,https://www.youtube.com/watch?v=9uas6Ujs5bQ,lctutorialss,https://www.youtube.com/channel/UCeeiCQezfR-uqU0VG0CqG5w,9uas6Ujs5bQ,1,category,cat-v1,0.6,27
variable frequency drives explained  vfd basics igbt inverter,https://www.youtube.com/watch?v=yEPe7RDtkgo,the engineering mindset,https://www.youtube.com/channel/UCk0fGHsCEzGig-rSzkfCjMw,yEPe7RDtkgo,1,category,cat-v1,0.6,27
arduino masterclass  full programming workshop in 90 minutes,https://www.youtube.com/watch?v=BLrHTHUjPuw,programming electronics academy,https://www.youtube.com/channel/UCDGAg1pqcy8IScMqHHTy9Gg,BLrHTHUjPuw,1,category,cat-v1,0.6,27
how electricity works  for visual learners,https://www.youtube.com/watch?v=3KePcASD0NQ,the engineering mindset,https://www.youtube.com/channel/UCk0fGHsCEzGig-rSzkfCjMw,3KePcASD0NQ,1,category,cat-v1,0.6,27
diodes explained  the basics how diodes work working principle pn junction,https://www.youtube.com/watch?v=Fwj_d3uO5g8,the engineering mindset,https://www.youtube.com/channel/UCk0fGHsCEzGig-rSzkfCjMw,Fwj_d3uO5g8,1,category,cat-v1,0.6,27
transistors explained  what is a transistor,https://www.youtube.com/watch?v=EACjoPZPYzI,the engineering mindset,https://www.youtube.com/channel/UCk0fGHsCEzGig-rSzkfCjMw,EACjoPZPYzI,1,category,cat-v1,0.6,27
how to use a multimeter like a pro the ultimate guide,https://www.youtube.com/watch?v=4lAyzRxsbDc,the engineering mindset,https://www.youtube.com/channel/UCk0fGHsCEzGig-rSzkfCjMw,4lAyzRxsbDc,1,category,cat-v1,0.6,27
introduction to multiplexers  mux basic,https://www.youtube.com/watch?v=FKvnmxte98A,neso academy,https://www.youtube.com/channel/UCQYMhOMi_Cdj1CEAU-fv80A,FKvnmxte98A,1,category,cat-v1,0.6,27
basic electronics part 1,https://www.youtube.com/watch?v=nb4ovfwqup8,nerds lesson,https://www.youtube.com/channel/UCyFWoLmPTgZ3BkHIKMRSV1g,nb4ovfwqup8,1,category,cat-v1,0.6,27
mosfet explained  how mosfet works,https://www.youtube.com/watch?v=AwRJsze_9m4,the engineering mindset,https://www.youtube.com/channel/UCk0fGHsCEzGig-rSzkfCjMw,AwRJsze_9m4,1,category,cat-v1,0.6,27
making logic gates from transistors,https://www.youtube.com/watch?v=sTu3LwpF6XI,ben eater,https://www.youtube.com/channel/UCS0N5baNlQWJCUrhCEo8WlA,sTu3LwpF6XI,1,category,cat-v1,0.6,27
logic gates truth tables boolean algebra   and or not nand  nor,https://www.youtube.com/watch?v=JQBRzsPhw2w,the organic chemistry tutor,https://www.youtube.com/channel/UCEWpbFLzoYGPfuWUMFPSaoA,JQBRzsPhw2w,1,category,cat-v1,0.6,27
programable logic controller basics explained  automation engineering,https://www.youtube.com/watch?v=uOtdWHMKhnw,the engineering mindset,https://www.youtube.com/channel/UCk0fGHsCEzGig-rSzkfCjMw,uOtdWHMKhnw,1,category,cat-v1,0.6,27
complete de digital electronics in one shot  semester exam  hindi,https://www.youtube.com/watch?v=pHNbm-4reIc,knowledgegate by sanchit sir,https://www.youtube.com/channel/UCA6yfpYhy5sWMjRGOT-OAIQ,pHNbm-4reIc,1,category,cat-v1,0.6,27
arduino course for beginners  opensource electronics platform,https://www.youtube.com/watch?v=zJ-LqeX_fLU,freecodecamporg,https://www.youtube.com/channel/UC8butISFwT-Wl7EV0hUK0BQ,zJ-LqeX_fLU,1,category,cat-v1,0.6,27
how relays work  basic working principle  electronics engineering  electrician amp,https://www.youtube.com/watch?v=n594CkrP6xE,the engineering mindset,https://www.youtube.com/channel/UCk0fGHsCEzGig-rSzkfCjMw,n594CkrP6xE,1,category,cat-v1,0.6,27
basic electronics for beginners,https://www.youtube.com/watch?v=uXr4lXYjXuU,the organic chemistry tutor,https://www.youtube.com/channel/UCEWpbFLzoYGPfuWUMFPSaoA,uXr4lXYjXuU,1,category,cat-v1,0.6,27
introduction to control system,https://www.youtube.com/watch?v=XMfH2P2Fc6Q,tutorialspoint,https://www.youtube.com/channel/UCVLbzhxVTiTLiVKeGV7WEBg,XMfH2P2Fc6Q,1,category,cat-v1,0.6,27
lecture 1 introduction to power electronics,https://www.youtube.com/watch?v=f7oXhDatwtY,mit opencourseware,https://www.youtube.com/channel/UCEBb1b_L6zDS3xTUrIALZOw,f7oXhDatwtY,1,category,cat-v1,0.6,27
the power of circuits  technology for kids  scishow kids,https://www.youtube.com/watch?v=HOFp8bHTN30,scishow kids,https://www.youtube.com/channel/UCRFIPG2u1DxKLNuE3y2SjHA,HOFp8bHTN30,1,category,cat-v1,0.6,27
series and parallel circuits,https://www.youtube.com/watch?v=7mdc-lRrW1c,the organic chemistry tutor,https://www.youtube.com/channel/UCEWpbFLzoYGPfuWUMFPSaoA,7mdc-lRrW1c,1,category,cat-v1,0.6,27
अलार्म कैसे सेट करें  mobile me alarm kaise lagate hain  how to set alarm in android phone,https://www.youtube.com/watch?v=JMW3rz4ULzA,govind tech world ,https://www.youtube.com/channel/UCl2oeuu1qEvZ8k38ei9kdjQ,JMW3rz4ULzA,1,category,cat-v1,0.6,27
incoming call full screen problem fix  incoming call not showing full screen in android shorts,https://www.youtube.com/watch?v=LD_E-dkOze8,arjun karma,https://www.youtube.com/channel/UCrTq0bz5zodyZIXsxV8mluA,LD_E-dkOze8,1,category,cat-v1,0.6,27
pure electronics repair learn methodical fault finding techniques  methods to fix almost anything,https://www.youtube.com/watch?v=wkAp5x3Z_gc,learn electronics repair,https://www.youtube.com/channel/UCFX1Z9N6aPWuCN_KR8UZ2vg,wkAp5x3Z_gc,1,category,cat-v1,0.6,27
arduino course for everybody,https://www.youtube.com/watch?v=DPqiIzK97K0,freecodecamporg,https://www.youtube.com/channel/UC8butISFwT-Wl7EV0hUK0BQ,DPqiIzK97K0,1,category,cat-v1,0.6,27
lec2 convert decimal to any other basebinary octal hex etc  number system,https://www.youtube.com/watch?v=M6c6Xw5mt90,gate smashers,https://www.youtube.com/channel/UCJihyK0A38SZ6SdJirEdIOw,M6c6Xw5mt90,1,category,cat-v1,0.6,27
transistors  npn  pnp  basic introduction,https://www.youtube.com/watch?v=AcxDiesy-nI,the organic chemistry tutor,https://www.youtube.com/channel/UCEWpbFLzoYGPfuWUMFPSaoA,AcxDiesy-nI,1,category,cat-v1,0.6,27
best electronic project with bc547 transistor shorts,https://www.youtube.com/watch?v=Hr7lvFG21Gc,spark mind,https://www.youtube.com/channel/UCEwpMfOCCqVUQufJhavXWUQ,Hr7lvFG21Gc,1,category,cat-v1,0.6,27
realme phone me language kaise change karen  change language in realme mobile shorts,https://www.youtube.com/watch?v=w7WBL2Zafio,arjun karma,https://www.youtube.com/channel/UCrTq0bz5zodyZIXsxV8mluA,w7WBL2Zafio,1,category,cat-v1,0.6,27
mobile se clear voice record kaise kare 🤩,https://www.youtube.com/watch?v=sKKdwWLa7bs,yt speedrun,https://www.youtube.com/channel/UCXaxXVoETbr0B4dc82yY6Ow,sKKdwWLa7bs,1,category,cat-v1,0.6,27
how to measure voltage with a multimeter,https://www.youtube.com/watch?v=glVID_skJFQ,science buddies,https://www.youtube.com/channel/UCPrbh_9pghzmzkI1wJJRv7Q,glVID_skJFQ,1,category,cat-v1,0.6,27
how to connect switch with motor  aa battery motor switch tutorial,https://www.youtube.com/watch?v=bNZv3dZpmSU,science  fun club,https://www.youtube.com/channel/UC6k5yP932nrw-pVwXNS4kJw,bNZv3dZpmSU,1,category,cat-v1,0.6,27
how to open twstwsearphones earbuds airpods headphones bluetoothheadphone,https://www.youtube.com/watch?v=nuryg2JLq0A,fixbond,https://www.youtube.com/channel/UCOrHwHOFT23YOJeYuVOjK6g,nuryg2JLq0A,1,category,cat-v1,0.6,27
infrared induction me glass tutne pr kya kare  rajinduction ,https://www.youtube.com/watch?v=yIlsbj_LKrg,raj induction,https://www.youtube.com/channel/UCX6jQHZLTqNx_NnP98jHaxw,yIlsbj_LKrg,1,category,cat-v1,0.6,27
how to solve every series and parallel circuit question with 100 confidence,https://www.youtube.com/watch?v=rMOpNChPI-Y,brain station advanced,https://www.youtube.com/channel/UCGPUOBWuUVm6l28mOlUMfxg,rMOpNChPI-Y,1,category,cat-v1,0.6,27
decimal to binary octal  hexadecimal number system conversion in hindi  cse gyan,https://www.youtube.com/watch?v=-gyDAMNyu_Y,cs engineering gyan,https://www.youtube.com/channel/UCfEisKog-Dr3a8-DlBSbrNQ,-gyDAMNyu_Y,1,category,cat-v1,0.6,27
apple watch hack using the charger as a holder for the watch,https://www.youtube.com/watch?v=5iCP1jcBGo0,crafty hackers,https://www.youtube.com/channel/UCszYIzZb2bl4NeoH9LQIYBQ,5iCP1jcBGo0,1,category,cat-v1,0.6,27
10 basic electronics components and their functions theelectricalguy,https://www.youtube.com/watch?v=XfQs-PQaC_E,the electrical guy,https://www.youtube.com/channel/UCdKPm5KM99O75NtArFkMDDA,XfQs-PQaC_E,1,category,cat-v1,0.6,27
simple electronic project,https://www.youtube.com/watch?v=wh-AgccO8zs,spark mind,https://www.youtube.com/channel/UCEwpMfOCCqVUQufJhavXWUQ,wh-AgccO8zs,1,category,cat-v1,0.6,27
the worlds most important machine,https://www.youtube.com/watch?v=MiUHjLxm3V0,veritasium,https://www.youtube.com/channel/UCHnyfMqiRRG1u-2MsSQLbXA,MiUHjLxm3V0,1,category,cat-v1,0.6,27
how are microchips made ️️ cpu manufacturing process steps,https://www.youtube.com/watch?v=dX9CGRZwD-w,branch education,https://www.youtube.com/channel/UCdp4_l1vPmpN-gDbUwhaRUQ,dX9CGRZwD-w,1,category,cat-v1,0.6,27
transistors how do they work,https://www.youtube.com/watch?v=7ukDKVHnac4,sabin civil engineering,https://www.youtube.com/channel/UCqZQJ4600a9wIfMPbYc60OQ,7ukDKVHnac4,1,category,cat-v1,0.6,27
why the first computers were made out of light bulbs,https://www.youtube.com/watch?v=FU_YFpfDqqA,veritasium,https://www.youtube.com/channel/UCHnyfMqiRRG1u-2MsSQLbXA,FU_YFpfDqqA,1,category,cat-v1,0.6,27
how does computer memory work ,https://www.youtube.com/watch?v=7J7X7aZvMXQ,branch education,https://www.youtube.com/channel/UCdp4_l1vPmpN-gDbUwhaRUQ,7J7X7aZvMXQ,1,category,cat-v1,0.6,27
why do computers use 1s and 0s binary and transistors explained,https://www.youtube.com/watch?v=Xpk67YzOn5w,basics explained h3vtux,https://www.youtube.com/channel/UCjpxbl1_Uvr0VlgMz7GUCjw,Xpk67YzOn5w,1,category,cat-v1,0.6,27
how does a transistor work,https://www.youtube.com/watch?v=IcrBqCFLHIY,veritasium,https://www.youtube.com/channel/UCHnyfMqiRRG1u-2MsSQLbXA,IcrBqCFLHIY,1,category,cat-v1,0.6,27
transistor explicado  cómo funcionan los transistores,https://www.youtube.com/watch?v=zh7PeHAZRLY,mentalidad de ingeniería,https://www.youtube.com/channel/UCtfhmY_sWRukJl5CAgsqV0A,zh7PeHAZRLY,1,category,cat-v1,0.6,27
power inverters explained  how do they work working principle igbt,https://www.youtube.com/watch?v=iIqhAX0I7lI,the engineering mindset,https://www.youtube.com/channel/UCk0fGHsCEzGig-rSzkfCjMw,iIqhAX0I7lI,1,category,cat-v1,0.6,27
exploring how computers work,https://www.youtube.com/watch?v=QZwneRb-zqA,sebastian lague,https://www.youtube.com/channel/UCmtyQOKKmrMVaKuRXz02jbQ,QZwneRb-zqA,1,category,cat-v1,0.6,27
what is a mosfet engineering electronics electrical mosfet,https://www.youtube.com/watch?v=bwwF5GzFGNo,the engineering mindset,https://www.youtube.com/channel/UCk0fGHsCEzGig-rSzkfCjMw,bwwF5GzFGNo,1,category,cat-v1,0.6,27
this is how computers work explained in minecraft,https://www.youtube.com/watch?v=dV_lf1kyV9M,codeolences,https://www.youtube.com/channel/UC2xuUlwK7Vc8aRLsWjfR-bw,dV_lf1kyV9M,1,category,cat-v1,0.6,27
how transistors do math,https://www.youtube.com/watch?v=VBDoT8o4q00,in one lesson,https://www.youtube.com/channel/UC6eaVn7349LRh5yzpXjeu8A,VBDoT8o4q00,1,category,cat-v1,0.6,27
how a computer works  from silicon to apps,https://www.youtube.com/watch?v=5f3NJnvnk7k,improbable matter,https://www.youtube.com/channel/UCXKouECowMMRtZBm0SxLwZA,5f3NJnvnk7k,1,category,cat-v1,0.6,27
the 200m machine that prints microchips  the euv photolithography system,https://www.youtube.com/watch?v=B2482h_TNwg,branch education,https://www.youtube.com/channel/UCdp4_l1vPmpN-gDbUwhaRUQ,B2482h_TNwg,1,category,cat-v1,0.6,27
what is an led and how does it work technology electronics engineering led,https://www.youtube.com/watch?v=CIMbjJQNHa0,the engineering mindset,https://www.youtube.com/channel/UCk0fGHsCEzGig-rSzkfCjMw,CIMbjJQNHa0,1,category,cat-v1,0.6,27
02  overview of circuit components  resistor capacitor inductor transistor diode transformer,https://www.youtube.com/watch?v=RHpo4wKo8pQ,math and science,https://www.youtube.com/channel/UCYgL81lc7DOLNhnel1_J6Vg,RHpo4wKo8pQ,1,category,cat-v1,0.6,27
how to make a quantum bit,https://www.youtube.com/watch?v=zNzzGgr2mhk,veritasium,https://www.youtube.com/channel/UCHnyfMqiRRG1u-2MsSQLbXA,zNzzGgr2mhk,1,category,cat-v1,0.6,27
how do transistors build into a cpu  ️🤔  how do transistors work ️🤔,https://www.youtube.com/watch?v=_Pqfjer8-O4,branch education,https://www.youtube.com/channel/UCdp4_l1vPmpN-gDbUwhaRUQ,_Pqfjer8-O4,1,category,cat-v1,0.6,27
what is a semiconductor,https://www.youtube.com/watch?v=gUmDVe6C-BU,mitk12videos,https://www.youtube.com/channel/UCilF_PTSRFFO2vsX392MuEg,gUmDVe6C-BU,1,category,cat-v1,0.6,27
les transistors expliqués  comment fonctionnent les transistors,https://www.youtube.com/watch?v=Ey1nnEoADcg,mentalité ingénieur,https://www.youtube.com/channel/UCpVHVdo-eYw_H_-rEXWlsZw,Ey1nnEoADcg,1,category,cat-v1,0.6,27
how optocouplers work  optoisolator solid state relays phototransistor,https://www.youtube.com/watch?v=3AVHqV_xASQ,the engineering mindset,https://www.youtube.com/channel/UCk0fGHsCEzGig-rSzkfCjMw,3AVHqV_xASQ,1,category,cat-v1,0.6,27
working of transistors,https://www.youtube.com/watch?v=yOmPCjPlaEg,neso academy,https://www.youtube.com/channel/UCQYMhOMi_Cdj1CEAU-fv80A,yOmPCjPlaEg,1,category,cat-v1,0.6,27
chhota transistor bada kaam ⚡  electronics ka real hero ,https://www.youtube.com/watch?v=GcxZV9aTB8E,circuittoons,https://www.youtube.com/channel/UCDD92TsFgd1N59zEZesN9nw,GcxZV9aTB8E,1,category,cat-v1,0.6,27
construction and working of jfet,https://www.youtube.com/watch?v=_DZ7baOhNFQ,neso academy,https://www.youtube.com/channel/UCQYMhOMi_Cdj1CEAU-fv80A,_DZ7baOhNFQ,1,category,cat-v1,0.6,27
what is a mosfet how mosfets work mosfet tutorial,https://www.youtube.com/watch?v=DLd5dUychY8,electrical electronics applications,https://www.youtube.com/channel/UCFbUjfYYYr6Adt1I0jnECTw,DLd5dUychY8,1,category,cat-v1,0.6,27
working of transistors  mosfet,https://www.youtube.com/watch?v=stM8dgcY1CA,sabin civil engineering,https://www.youtube.com/channel/UCqZQJ4600a9wIfMPbYc60OQ,stM8dgcY1CA,1,category,cat-v1,0.6,27
understanding logic gates,https://www.youtube.com/watch?v=INEtYZqtjTo,spanning tree,https://www.youtube.com/channel/UCDzVUXiTr3hClI-zzCWbYzg,INEtYZqtjTo,1,category,cat-v1,0.6,27
the engineering that runs the digital world ️⚙️ how do cpus work,https://www.youtube.com/watch?v=16zrEPOsIcI,branch education,https://www.youtube.com/channel/UCdp4_l1vPmpN-gDbUwhaRUQ,16zrEPOsIcI,1,category,cat-v1,0.6,27
transistor erklärt  wie transistoren funktionieren,https://www.youtube.com/watch?v=XvQW-U6Qse0,ingenieursmentalität,https://www.youtube.com/channel/UCSdhBIIpDZ_5K585v5yz34Q,XvQW-U6Qse0,1,category,cat-v1,0.6,27
introduction to fieldeffect transistors fets,https://www.youtube.com/watch?v=PMOaS967Yus,neso academy,https://www.youtube.com/channel/UCQYMhOMi_Cdj1CEAU-fv80A,PMOaS967Yus,1,category,cat-v1,0.6,27
how transistors work  gokul j krishnan,https://www.youtube.com/watch?v=WhNyURBiJcU,teded,https://www.youtube.com/channel/UCsooa4yRKGN_zEE8iknghZA,WhNyURBiJcU,1,category,cat-v1,0.6,27
6working of transistor  npn transistor,https://www.youtube.com/watch?v=N6F49AoefL8,sachin sir physics,https://www.youtube.com/channel/UCwkhjRhv6CHkQa6EiQmcX0g,N6F49AoefL8,1,category,cat-v1,0.6,27
how are microchips made  george zaidan and sajan saini,https://www.youtube.com/watch?v=IkRXpFIRUl4,teded,https://www.youtube.com/channel/UCsooa4yRKGN_zEE8iknghZA,IkRXpFIRUl4,1,category,cat-v1,0.6,27
mosfet transistor basics  working principle  electrical4u,https://www.youtube.com/watch?v=p34w6ISouZY,electrical4u,https://www.youtube.com/channel/UCk3gVRr5UhsgCWJbG1RZ-Ng,p34w6ISouZY,1,category,cat-v1,0.6,27
9 tipos de transistores y como funcionan ⚡ como funcionan un transistor parte 2,https://www.youtube.com/watch?v=reIt_EST8nM,virtualbrain,https://www.youtube.com/channel/UC5L8GykGH74GqosAW_Ghn4g,reIt_EST8nM,1,category,cat-v1,0.6,27
why this circuit works when it shouldn’t,https://www.youtube.com/watch?v=Sh9aZ2uemk0,the engineering mindset,https://www.youtube.com/channel/UCk0fGHsCEzGig-rSzkfCjMw,Sh9aZ2uemk0,1,category,cat-v1,0.6,27
how to solve differential equations,https://www.youtube.com/watch?v=65yw9klPklk,pantelis sopasakis,https://www.youtube.com/channel/UCF0iaKCsOLEapIkO300KEEw,65yw9klPklk,1,category,cat-v1,0.6,27
this is why youre learning differential equations,https://www.youtube.com/watch?v=ifbaAqfqpc4,zach star,https://www.youtube.com/channel/UCpCSAcbqs-sjEVfk_hMfY9w,ifbaAqfqpc4,1,category,cat-v1,0.6,27
linear higher order differential equation  cf  pi lecturei,https://www.youtube.com/watch?v=tHqx1qxA8q4,drgajendra purohit,https://www.youtube.com/channel/UC_4NoVAkQzeSaxCgm-to25A,tHqx1qxA8q4,1,category,cat-v1,0.6,27
differential equation introduction  first order differential equations  khan academy,https://www.youtube.com/watch?v=6o7b9yyhH7k,khan academy,https://www.youtube.com/channel/UC4a-Gbdw7vOaccHmFo40b9g,6o7b9yyhH7k,1,category,cat-v1,0.6,27
but what is a partial differential equation   de2,https://www.youtube.com/watch?v=ly4S0oi3Yz8,3blue1brown,https://www.youtube.com/channel/UCYO_jab_esuFRV4b17AJtAw,ly4S0oi3Yz8,1,category,cat-v1,0.6,27
laplace transform 1  laplace transform  differential equations  khan academy,https://www.youtube.com/watch?v=OiNh2DswFt4,khan academy,https://www.youtube.com/channel/UC4a-Gbdw7vOaccHmFo40b9g,OiNh2DswFt4,1,category,cat-v1,0.6,27
ecuaciones diferenciales  introducción,https://www.youtube.com/watch?v=rd2jKGQJucE,matemáticas profe alex,https://www.youtube.com/channel/UCanMxWvOoiwtjLYm08Bo8QQ,rd2jKGQJucE,1,category,cat-v1,0.6,27
separable first order differential equations  basic introduction,https://www.youtube.com/watch?v=C7nuJcJriWM,the organic chemistry tutor,https://www.youtube.com/channel/UCEWpbFLzoYGPfuWUMFPSaoA,C7nuJcJriWM,1,category,cat-v1,0.6,27
differential equation first order and degree methods  solution,https://www.youtube.com/watch?v=McOc6OUC7Pc,drgajendra purohit,https://www.youtube.com/channel/UC_4NoVAkQzeSaxCgm-to25A,McOc6OUC7Pc,1,category,cat-v1,0.6,27
differential equation of first order and first degreelecture 1mathematicsengineeringbscdiploma,https://www.youtube.com/watch?v=TH4Kd9mfIgI,pradeep giri academy,https://www.youtube.com/channel/UCOgMBTdFTSCtr8p7yVzSHkw,TH4Kd9mfIgI,1,category,cat-v1,0.6,27
ordinary differential equation  concept order and degree in hindi,https://www.youtube.com/watch?v=OET0qwat15o,bhagwan singh vishwakarma,https://www.youtube.com/channel/UCBmdoqkBaIUh128ffq8XATw,OET0qwat15o,1,category,cat-v1,0.6,27
differential equation  order and degree with concept  example by gp sir,https://www.youtube.com/watch?v=bjJZKTrCBNw,drgajendra purohit,https://www.youtube.com/channel/UC_4NoVAkQzeSaxCgm-to25A,bjJZKTrCBNw,1,category,cat-v1,0.6,27
but what is a laplace transform,https://www.youtube.com/watch?v=j0wJBEZdwLs,3blue1brown,https://www.youtube.com/channel/UCYO_jab_esuFRV4b17AJtAw,j0wJBEZdwLs,1,category,cat-v1,0.6,27
second order linear differential equations,https://www.youtube.com/watch?v=uI2xt8nTOlQ,the organic chemistry tutor,https://www.youtube.com/channel/UCEWpbFLzoYGPfuWUMFPSaoA,uI2xt8nTOlQ,1,category,cat-v1,0.6,27
homogeneous differential equations,https://www.youtube.com/watch?v=ZEJVyybsiT4,the organic chemistry tutor,https://www.youtube.com/channel/UCEWpbFLzoYGPfuWUMFPSaoA,ZEJVyybsiT4,1,category,cat-v1,0.6,27
unit1 one shot i ordinary differential equation of higher order  i  maths2 i by gulshan sir,https://www.youtube.com/watch?v=M2y9lwcy9tc,gateway classes,https://www.youtube.com/channel/UCRRLx7m6kJG3Wrvip7zMtgw,M2y9lwcy9tc,1,category,cat-v1,0.6,27
differential equations super one shot 202425  class 12 math full ncert concept by ushank sir,https://www.youtube.com/watch?v=4r-0JSfGez4,science and fun education ,https://www.youtube.com/channel/UCGi2Q4YyKiJFiBOx4cGXsgw,4r-0JSfGez4,1,category,cat-v1,0.6,27
le cours  équations différentielles  terminale,https://www.youtube.com/watch?v=qHF5kiDFkW8,yvan monka,https://www.youtube.com/channel/UCaDqmzanCq4ZYhdEm0Df9Qg,qHF5kiDFkW8,1,category,cat-v1,0.6,27
method of undetermined coefficients  nonhomogeneous 2nd order differential equations,https://www.youtube.com/watch?v=P3fc6v191mA,the organic chemistry tutor,https://www.youtube.com/channel/UCEWpbFLzoYGPfuWUMFPSaoA,P3fc6v191mA,1,category,cat-v1,0.6,27
homogeneous cauchyeuler second order differential equations by gp sir,https://www.youtube.com/watch?v=1HKn9IvYiEM,drgajendra purohit,https://www.youtube.com/channel/UC_4NoVAkQzeSaxCgm-to25A,1HKn9IvYiEM,1,category,cat-v1,0.6,27
intro to the laplace transform  three examples,https://www.youtube.com/watch?v=KqokoYr_h1A,dr trefor bazett,https://www.youtube.com/channel/UC9rTsvTxJnx1DNrDA3Rqa6A,KqokoYr_h1A,1,category,cat-v1,0.6,27
2nd order linear homogeneous differential equations 1  khan academy,https://www.youtube.com/watch?v=UFWAu8Ptth0,khan academy,https://www.youtube.com/channel/UC4a-Gbdw7vOaccHmFo40b9g,UFWAu8Ptth0,1,category,cat-v1,0.6,27
the difference between ddx and dydx,https://www.youtube.com/watch?v=62yXTmPz_4o,ludus,https://www.youtube.com/channel/UCwibzkAqg5Q0dVcQt7xcOPg,62yXTmPz_4o,1,category,cat-v1,0.6,27
linear higher order differential equations rules of cf  pi by gp sir,https://www.youtube.com/watch?v=EwsAq2zqyew,drgajendra purohit,https://www.youtube.com/channel/UC_4NoVAkQzeSaxCgm-to25A,EwsAq2zqyew,1,category,cat-v1,0.6,27
differentiation formulas  notes,https://www.youtube.com/watch?v=AdLAkD-r9Rs,the organic chemistry tutor,https://www.youtube.com/channel/UCEWpbFLzoYGPfuWUMFPSaoA,AdLAkD-r9Rs,1,category,cat-v1,0.6,27
differential equations class 12 maths  ncert chapter 9  cbse jee  one shot हिंदी में,https://www.youtube.com/watch?v=HzUPPCfcw64,learnohub  class 11 12,https://www.youtube.com/channel/UCEg3PHVR0vt3azbs_Qk_6cw,HzUPPCfcw64,1,category,cat-v1,0.6,27
eulers method differential equations examples numerical methods calculus,https://www.youtube.com/watch?v=ukNbG7muKho,the organic chemistry tutor,https://www.youtube.com/channel/UCEWpbFLzoYGPfuWUMFPSaoA,ukNbG7muKho,1,category,cat-v1,0.6,27
dont solve stochastic differential equations solve a pde instead  fokkerplanck equation,https://www.youtube.com/watch?v=OUGDlKnRLOI,epsilondelta,https://www.youtube.com/channel/UCrn9HkH3trWYpxzlW9l8eSg,OUGDlKnRLOI,1,category,cat-v1,0.6,27
❖ solving separable first order differential equations ❖,https://www.youtube.com/watch?v=nNHlSB6b1HU,patrick j,https://www.youtube.com/channel/UCFe6jenM1Bc54qtBsIJGRZQ,nNHlSB6b1HU,1,category,cat-v1,0.6,27
introduction of differential equations  chapter 9 class 12 math  chapter 9 class12 introduction,https://www.youtube.com/watch?v=lesJgExQo3Y,nexa classesdeepak antil,https://www.youtube.com/channel/UCyRKCTZf6Eh7yRZIHopAuLA,lesJgExQo3Y,1,category,cat-v1,0.6,27
first order homogenous equations  first order differential equations  khan academy,https://www.youtube.com/watch?v=9Wfn-WWV1aY,khan academy,https://www.youtube.com/channel/UC4a-Gbdw7vOaccHmFo40b9g,9Wfn-WWV1aY,1,category,cat-v1,0.6,27
first order differential equation  linear differential equation with constant coefficient lecture 1,https://www.youtube.com/watch?v=wAAAOeEkwHo,tikles academy of maths,https://www.youtube.com/channel/UCFOt62F9cFogxtHqgPnhyHA,wAAAOeEkwHo,1,category,cat-v1,0.6,27
the physics of eulers formula  laplace transform prelude,https://www.youtube.com/watch?v=-j8PzkZ70Lg,3blue1brown,https://www.youtube.com/channel/UCYO_jab_esuFRV4b17AJtAw,-j8PzkZ70Lg,1,category,cat-v1,0.6,27
bernoullis equation for differential equations,https://www.youtube.com/watch?v=BoI_ej-T0V4,the organic chemistry tutor,https://www.youtube.com/channel/UCEWpbFLzoYGPfuWUMFPSaoA,BoI_ej-T0V4,1,category,cat-v1,0.6,27
how to solve any differential equation,https://www.youtube.com/watch?v=jb9U-ZOlvDs,dr chris tisdell,https://www.youtube.com/channel/UCDQ-n659gyOGHIj8qH8FFEQ,jb9U-ZOlvDs,1,category,cat-v1,0.6,27
separable differential equations introduction  first order differential equations  khan academy,https://www.youtube.com/watch?v=DL-ozRGDlkY,khan academy,https://www.youtube.com/channel/UC4a-Gbdw7vOaccHmFo40b9g,DL-ozRGDlkY,1,category,cat-v1,0.6,27
lsinat  transform of sinat  laplace transform  differential equations  khan academy,https://www.youtube.com/watch?v=gMcs6RF_LrQ,khan academy,https://www.youtube.com/channel/UC4a-Gbdw7vOaccHmFo40b9g,gMcs6RF_LrQ,1,category,cat-v1,0.6,27
differential equation of first order  first degree s1 engineering first year  sem2,https://www.youtube.com/watch?v=K-gs_ZHRbl8,saurabh dahivadkar,https://www.youtube.com/channel/UCDYDsnf5-sljDu8s4GEvJPw,K-gs_ZHRbl8,1,category,cat-v1,0.6,27
the plan for differential equations differential equations 1,https://www.youtube.com/watch?v=xf-3ATzFyKA,professor leonard,https://www.youtube.com/channel/UCoHhuummRZaIVX7bD4t2czg,xf-3ATzFyKA,1,category,cat-v1,0.6,27
differential equation of first order and first degreelecture 2mathematicsengineeringbscdiploma,https://www.youtube.com/watch?v=WXZETpHneec,pradeep giri academy,https://www.youtube.com/channel/UCOgMBTdFTSCtr8p7yVzSHkw,WXZETpHneec,1,category,cat-v1,0.6,27
old separable differential equations introduction  khan academy,https://www.youtube.com/watch?v=C5-lz0hcqsE,khan academy,https://www.youtube.com/channel/UC4a-Gbdw7vOaccHmFo40b9g,C5-lz0hcqsE,1,category,cat-v1,0.6,27
exponential growth and decay calculus relative growth rate differential equations word problems,https://www.youtube.com/watch?v=M9rcYTuFG4w,the organic chemistry tutor,https://www.youtube.com/channel/UCEWpbFLzoYGPfuWUMFPSaoA,M9rcYTuFG4w,1,category,cat-v1,0.6,27
differential equation  exact differential equation  concept  example by gp sir,https://www.youtube.com/watch?v=Ecc7SHqymPo,drgajendra purohit,https://www.youtube.com/channel/UC_4NoVAkQzeSaxCgm-to25A,Ecc7SHqymPo,1,category,cat-v1,0.6,27
differential equation  one shot  bounceback series  unacademy atoms  jee maths  nishant vora,https://www.youtube.com/watch?v=JdzU63Oe4Wg,jee legends,https://www.youtube.com/channel/UC4jZ2BALmfj-jaqVRTMqllg,JdzU63Oe4Wg,1,category,cat-v1,0.6,27
differential equation of first order and first degreelecture 3mathematicsengineeringbscdiploma,https://www.youtube.com/watch?v=znwRMyRLv1Q,pradeep giri academy,https://www.youtube.com/channel/UCOgMBTdFTSCtr8p7yVzSHkw,znwRMyRLv1Q,1,category,cat-v1,0.6,27
undetermined coefficients 1  second order differential equations  khan academy,https://www.youtube.com/watch?v=znE4Nq9NJCQ,khan academy,https://www.youtube.com/channel/UC4a-Gbdw7vOaccHmFo40b9g,znE4Nq9NJCQ,1,category,cat-v1,0.6,27
differential equation  linear differential equation  concept  example by gp sir,https://www.youtube.com/watch?v=jyD3uKKxI0g,drgajendra purohit,https://www.youtube.com/channel/UC_4NoVAkQzeSaxCgm-to25A,jyD3uKKxI0g,1,category,cat-v1,0.6,27
exact equations example 1  first order differential equations  khan academy,https://www.youtube.com/watch?v=Pb04ntcDJcQ,khan academy,https://www.youtube.com/channel/UC4a-Gbdw7vOaccHmFo40b9g,Pb04ntcDJcQ,1,category,cat-v1,0.6,27
learn javascript  full course for beginners,https://www.youtube.com/watch?v=PkZNo7MFNFg,freecodecamporg,https://www.youtube.com/channel/UC8butISFwT-Wl7EV0hUK0BQ,PkZNo7MFNFg,1,category,cat-v1,0.6,27
html  css full course  beginner to pro,https://www.youtube.com/watch?v=G3e-cpL7ofc,supersimpledev,https://www.youtube.com/channel/UCB6dvaWu0N8uVq2yKsZ5s5g,G3e-cpL7ofc,1,category,cat-v1,0.6,27
css tutorial for beginners  complete css with project notes  code,https://www.youtube.com/watch?v=ESnrn1kAD4E,apna college,https://www.youtube.com/channel/UCBwmMxybNva6P_5VmxjzwqA,ESnrn1kAD4E,1,category,cat-v1,0.6,27
html tutorial for beginners html crash course,https://www.youtube.com/watch?v=qz0aGYrrlhU,programming with mosh,https://www.youtube.com/channel/UCWv7vMbMWH4-V0ZXdmDpPBA,qz0aGYrrlhU,1,category,cat-v1,0.6,27
javascript tutorial full course  beginner to pro,https://www.youtube.com/watch?v=EerdGm-ehJQ,supersimpledev,https://www.youtube.com/channel/UCB6dvaWu0N8uVq2yKsZ5s5g,EerdGm-ehJQ,1,category,cat-v1,0.6,27
javascript tutorial in hindi,https://www.youtube.com/watch?v=hKB-YGF14SY,codewithharry,https://www.youtube.com/channel/UCeVMnSShP_Iviwkknt83cww,hKB-YGF14SY,1,category,cat-v1,0.6,27
javascript tutorial 2024 for beginners to pro with notes projects  practice questions,https://www.youtube.com/watch?v=VlPiVmYuoqw,apna college,https://www.youtube.com/channel/UCBwmMxybNva6P_5VmxjzwqA,VlPiVmYuoqw,1,category,cat-v1,0.6,27
html  css full course for free ,https://www.youtube.com/watch?v=HGTJBPNC-Gw,bro code,https://www.youtube.com/channel/UC4SVo0Ue36XCfOyb5Lh1viQ,HGTJBPNC-Gw,1,category,cat-v1,0.6,27
javascript full course for free ,https://www.youtube.com/watch?v=lfmg-EJ8gm4,bro code,https://www.youtube.com/channel/UC4SVo0Ue36XCfOyb5Lh1viQ,lfmg-EJ8gm4,1,category,cat-v1,0.6,27
react tutorial in hindi ,https://www.youtube.com/watch?v=RGKi6LSPDLU,codewithharry,https://www.youtube.com/channel/UCeVMnSShP_Iviwkknt83cww,RGKi6LSPDLU,1,category,cat-v1,0.6,27
react full course for free ⚛️,https://www.youtube.com/watch?v=CgkZ7MvWUAA,bro code,https://www.youtube.com/channel/UC4SVo0Ue36XCfOyb5Lh1viQ,CgkZ7MvWUAA,1,category,cat-v1,0.6,27
frontend web development bootcamp course javascript html css,https://www.youtube.com/watch?v=zJSY8tbf_ys,freecodecamporg,https://www.youtube.com/channel/UC8butISFwT-Wl7EV0hUK0BQ,zJSY8tbf_ys,1,category,cat-v1,0.6,27
full stack web development for beginners full course on html css javascript nodejs mongodb,https://www.youtube.com/watch?v=nu_pCVPKzTk,freecodecamporg,https://www.youtube.com/channel/UC8butISFwT-Wl7EV0hUK0BQ,nu_pCVPKzTk,1,category,cat-v1,0.6,27
  javascript complete course 2024 4 projects  notes  github  free certification,https://www.youtube.com/watch?v=cpoXLj24BDY,complete coding by prashant sir,https://www.youtube.com/channel/UC7uzuZJIYzcxV9JJ1yAtHHg,cpoXLj24BDY,1,category,cat-v1,0.6,27
node js tutorial in hindi ,https://www.youtube.com/watch?v=BLl32FvcdVM,codewithharry,https://www.youtube.com/channel/UCeVMnSShP_Iviwkknt83cww,BLl32FvcdVM,1,category,cat-v1,0.6,27
javascript tutorial for beginners in tamil  dom explained  mini project in javascript,https://www.youtube.com/watch?v=poo0BXryffI,error makes clever,https://www.youtube.com/channel/UCwr-evhuzGZgDFrq_1pLt_A,poo0BXryffI,1,category,cat-v1,0.6,27
when a javascript developer discovers react for the first time,https://www.youtube.com/watch?v=rVDBxCgU5oA,clever programmer,https://www.youtube.com/channel/UCqrILQNl5Ed9Dz6CGMyvMTQ,rVDBxCgU5oA,1,category,cat-v1,0.6,27
typescript tutorial for beginners,https://www.youtube.com/watch?v=d56mG7DezGs,programming with mosh,https://www.youtube.com/channel/UCWv7vMbMWH4-V0ZXdmDpPBA,d56mG7DezGs,1,category,cat-v1,0.6,27
learn react js with project in 2 hours   react tutorial for beginners  react project crash course,https://www.youtube.com/watch?v=0riHps91AzE,dipesh malvia,https://www.youtube.com/channel/UChPxqdfDbulLE9PyUqhijWw,0riHps91AzE,1,category,cat-v1,0.6,27
react js 19 full course 2025  build an app and master react in 2 hours,https://www.youtube.com/watch?v=dCLhUialKPQ,javascript mastery,https://www.youtube.com/channel/UCmXmlB4-HJytD7wek0Uo97A,dCLhUialKPQ,1,category,cat-v1,0.6,27
tailwind css v4 full course 2026  master tailwind in one hour,https://www.youtube.com/watch?v=6biMWgD6_JY,javascript mastery,https://www.youtube.com/channel/UCmXmlB4-HJytD7wek0Uo97A,6biMWgD6_JY,1,category,cat-v1,0.6,27
javascript full course  javascript  learn everything  sheryians coding school,https://www.youtube.com/watch?v=a-wVHL0lpb0,sheryians coding school,https://www.youtube.com/channel/UCc7gpqMnnOSbU_F2-5MVVZw,a-wVHL0lpb0,1,category,cat-v1,0.6,27
javascript dom manipulation – full course for beginners,https://www.youtube.com/watch?v=5fb2aPlgoys,freecodecamporg,https://www.youtube.com/channel/UC8butISFwT-Wl7EV0hUK0BQ,5fb2aPlgoys,1,category,cat-v1,0.6,27
nextjs 15 crash course  build and deploy a productionready full stack app,https://www.youtube.com/watch?v=Zq5fmkH0T78,javascript mastery,https://www.youtube.com/channel/UCmXmlB4-HJytD7wek0Uo97A,Zq5fmkH0T78,1,category,cat-v1,0.6,27
javascript crash course master the basics in one video ignite your frontend mastery series,https://www.youtube.com/watch?v=htznIeWKgg8,sheryians coding school,https://www.youtube.com/channel/UCc7gpqMnnOSbU_F2-5MVVZw,htznIeWKgg8,1,category,cat-v1,0.6,27
javascript coding interview question  apnacollegeofficial,https://www.youtube.com/watch?v=fGQckyRlAOY,apna college,https://www.youtube.com/channel/UCBwmMxybNva6P_5VmxjzwqA,fGQckyRlAOY,1,category,cat-v1,0.6,27
become a fullstack developer from scratch – full beginner’s tutorial,https://www.youtube.com/watch?v=LzMnsfqjzkA,freecodecamporg,https://www.youtube.com/channel/UC8butISFwT-Wl7EV0hUK0BQ,LzMnsfqjzkA,1,category,cat-v1,0.6,27
learn dom manipulation in 18 minutes,https://www.youtube.com/watch?v=y17RuWkWdn8,web dev simplified,https://www.youtube.com/channel/UCFbNIlppjAuEX4znoulh0Cw,y17RuWkWdn8,1,category,cat-v1,0.6,27
what is an api in 5 minutes,https://www.youtube.com/watch?v=ByGJQzlzxQg,aaron jack,https://www.youtube.com/channel/UCRLEADhMcb8WUdnQ5_Alk7g,ByGJQzlzxQg,1,category,cat-v1,0.6,27
nodejs crash course tutorial 1  introduction  setup,https://www.youtube.com/watch?v=zb3Qk8SG5Ms,net ninja,https://www.youtube.com/channel/UCW5YeuERMmlnqo4oq8vwUpg,zb3Qk8SG5Ms,1,category,cat-v1,0.6,27
learn express js in 35 minutes,https://www.youtube.com/watch?v=SccSCuHhOw0,web dev simplified,https://www.youtube.com/channel/UCFbNIlppjAuEX4znoulh0Cw,SccSCuHhOw0,1,category,cat-v1,0.6,27
react tutorial full course  beginner to pro react 19 2025,https://www.youtube.com/watch?v=TtPXvEcE11E,supersimpledev,https://www.youtube.com/channel/UCB6dvaWu0N8uVq2yKsZ5s5g,TtPXvEcE11E,1,category,cat-v1,0.6,27
learn react with this one project,https://www.youtube.com/watch?v=Rh3tobg7hEo,web dev simplified,https://www.youtube.com/channel/UCFbNIlppjAuEX4znoulh0Cw,Rh3tobg7hEo,1,category,cat-v1,0.6,27
complete backend course  build and deploy your first productionready api,https://www.youtube.com/watch?v=rOpEN1JDaD0,javascript mastery,https://www.youtube.com/channel/UCmXmlB4-HJytD7wek0Uo97A,rOpEN1JDaD0,1,category,cat-v1,0.6,27
javascript full course for beginners  complete allinone tutorial  8 hours,https://www.youtube.com/watch?v=EfAl9bwzVZk,dave gray,https://www.youtube.com/channel/UCY38RvRIxYODO4penyxUwTg,EfAl9bwzVZk,1,category,cat-v1,0.6,27
apache kafka crash course  what is kafka,https://www.youtube.com/watch?v=ZJJHm_bd9Zo,piyush garg,https://www.youtube.com/channel/UCf9T51_FmMlfhiGpoes0yFA,ZJJHm_bd9Zo,1,category,cat-v1,0.6,27
javascript tutorial for beginners ,https://www.youtube.com/watch?v=Ihy0QziLDf0,bro code,https://www.youtube.com/channel/UC4SVo0Ue36XCfOyb5Lh1viQ,Ihy0QziLDf0,1,category,cat-v1,0.6,27
redis crash course,https://www.youtube.com/watch?v=jgpVdJB2sKQ,web dev simplified,https://www.youtube.com/channel/UCFbNIlppjAuEX4znoulh0Cw,jgpVdJB2sKQ,1,category,cat-v1,0.6,27
 learn react js in 90 minutes complete crash course for beginners ‍,https://www.youtube.com/watch?v=2LsOyOaobrc,sheryians coding school,https://www.youtube.com/channel/UCc7gpqMnnOSbU_F2-5MVVZw,2LsOyOaobrc,1,category,cat-v1,0.6,27
the complete backend developer roadmap,https://www.youtube.com/watch?v=OeEHJgzqS1k,programming with mosh,https://www.youtube.com/channel/UCWv7vMbMWH4-V0ZXdmDpPBA,OeEHJgzqS1k,1,category,cat-v1,0.6,27
html css and javascript in 30 minutes,https://www.youtube.com/watch?v=_GTMOmRrqkU,devdojo,https://www.youtube.com/channel/UCGfS15jIidDqpAk9pcCcAHw,_GTMOmRrqkU,1,category,cat-v1,0.6,27
simple javascript basics javascript code tutorial javascriptdeveloper,https://www.youtube.com/watch?v=qC-Yadx3O4A,get code snippets,https://www.youtube.com/channel/UC1LXqbnPmRAf6P1aOtvFEdw,qC-Yadx3O4A,1,category,cat-v1,0.6,27
javascript advance crash course level up your coding skills accelerate your frontend mastery,https://www.youtube.com/watch?v=EgDmCbhmstU,sheryians coding school,https://www.youtube.com/channel/UCc7gpqMnnOSbU_F2-5MVVZw,EgDmCbhmstU,1,category,cat-v1,0.6,27
javascript course for beginners,https://www.youtube.com/watch?v=Zi-Q0t4gMC8,freecodecamporg,https://www.youtube.com/channel/UC8butISFwT-Wl7EV0hUK0BQ,Zi-Q0t4gMC8,1,category,cat-v1,0.6,27
nextjs crash course for beginners  learn nextjs from scratch in this 100 free tutorial,https://www.youtube.com/watch?v=MFuwkrseXVE,academind,https://www.youtube.com/channel/UCSJbGtTlrDami-tDGPUV9-w,MFuwkrseXVE,1,category,cat-v1,0.6,27
reactjs crash course master the basics in one video ignite your frontend mastery series,https://www.youtube.com/watch?v=Xe8CkYZvCig,sheryians coding school,https://www.youtube.com/channel/UCc7gpqMnnOSbU_F2-5MVVZw,Xe8CkYZvCig,1,category,cat-v1,0.6,27
part 2 – master javascript  become a real developer  full course,https://www.youtube.com/watch?v=1aR7tcmWo_w,sheryians coding school,https://www.youtube.com/channel/UCc7gpqMnnOSbU_F2-5MVVZw,1aR7tcmWo_w,1,category,cat-v1,0.6,27
nodejs crash course tutorial 2  nodejs basics,https://www.youtube.com/watch?v=OIBIXYLJjsI,net ninja,https://www.youtube.com/channel/UCW5YeuERMmlnqo4oq8vwUpg,OIBIXYLJjsI,1,category,cat-v1,0.6,27
sql tutorial  full database course for beginners,https://www.youtube.com/watch?v=HXV3zeQKqGY,freecodecamporg,https://www.youtube.com/channel/UC8butISFwT-Wl7EV0hUK0BQ,HXV3zeQKqGY,1,category,cat-v1,0.6,27
sql  complete course in 3 hours  sql one shot using mysql,https://www.youtube.com/watch?v=hlGoQC332VM,apna college,https://www.youtube.com/channel/UCBwmMxybNva6P_5VmxjzwqA,hlGoQC332VM,1,category,cat-v1,0.6,27
sql full course for free ,https://www.youtube.com/watch?v=5OdVJbNCSso,bro code,https://www.youtube.com/channel/UC4SVo0Ue36XCfOyb5Lh1viQ,5OdVJbNCSso,1,category,cat-v1,0.6,27
sql tutorial for beginners in hindi sql full course  great learning,https://www.youtube.com/watch?v=1dWCqjhvF58,great learning,https://www.youtube.com/channel/UCObs0kLIrDjX2LLSybqNaEA,1dWCqjhvF58,1,category,cat-v1,0.6,27
learn postgresql tutorial  full course for beginners,https://www.youtube.com/watch?v=qw--VYLpxG4,freecodecamporg,https://www.youtube.com/channel/UC8butISFwT-Wl7EV0hUK0BQ,qw--VYLpxG4,1,category,cat-v1,0.6,27
sql tutorial for beginners  full sql course in hindi,https://www.youtube.com/watch?v=On9eSN3F8w0,rishabh mishra,https://www.youtube.com/channel/UC3rY5HOgbBvGmq7RnDfwF7A,On9eSN3F8w0,1,category,cat-v1,0.6,27
sql tutorial for beginners complete course using mysql,https://www.youtube.com/watch?v=yE6tIle64tU,codewithharry,https://www.youtube.com/channel/UCeVMnSShP_Iviwkknt83cww,yE6tIle64tU,1,category,cat-v1,0.6,27
sql basics for beginners  learn sql  sql tutorial for beginners  edureka,https://www.youtube.com/watch?v=zbMHLJ0dY4w,edureka,https://www.youtube.com/channel/UCkw4JCwteGrDHIsyIIKo4tQ,zbMHLJ0dY4w,1,category,cat-v1,0.6,27
sql course  sql training  sql tutorial for beginners  intellipaat,https://www.youtube.com/watch?v=LGTbdjoEBVM,intellipaat,https://www.youtube.com/channel/UCCktnahuRFYIBtNnKT5IYyg,LGTbdjoEBVM,1,category,cat-v1,0.6,27
sql full course  sql tutorial for beginners  learn sql structured query language  edureka,https://www.youtube.com/watch?v=BPHAr4QGGVE,edureka,https://www.youtube.com/channel/UCkw4JCwteGrDHIsyIIKo4tQ,BPHAr4QGGVE,1,category,cat-v1,0.6,27
lecture 9 complete sql in 1 video,https://www.youtube.com/watch?v=D_wNQR3LeeM,codehelp  by babbar,https://www.youtube.com/channel/UCldyi11QYNXYXiLjVbyw5dA,D_wNQR3LeeM,1,category,cat-v1,0.6,27
what is sql future career scope  resources,https://www.youtube.com/watch?v=UOJZTqA5Loc,apna college,https://www.youtube.com/channel/UCBwmMxybNva6P_5VmxjzwqA,UOJZTqA5Loc,1,category,cat-v1,0.6,27
data analyst bootcamp for beginners sql tableau power bi python excel pandas projects more,https://www.youtube.com/watch?v=PSNXoAs2FtQ,freecodecamporg,https://www.youtube.com/channel/UC8butISFwT-Wl7EV0hUK0BQ,PSNXoAs2FtQ,1,category,cat-v1,0.6,27
sql training  sql tutorial  intellipaat,https://www.youtube.com/watch?v=JTDK6r1GuUU,intellipaat,https://www.youtube.com/channel/UCCktnahuRFYIBtNnKT5IYyg,JTDK6r1GuUU,1,category,cat-v1,0.6,27
learn how to write sql queriespractice complex sql queries,https://www.youtube.com/watch?v=FNYdBLwZ6cE,techtfq,https://www.youtube.com/channel/UCnz-ZXXER4jOvuED5trXfEA,FNYdBLwZ6cE,1,category,cat-v1,0.6,27
curso completo de sql y bases de datos desde cero para principiantes,https://www.youtube.com/watch?v=OuJerKzV5T0,mouredev by brais moure,https://www.youtube.com/channel/UCxPD7bsocoAMq8Dj18kmGyQ,OuJerKzV5T0,1,category,cat-v1,0.6,27
sql tutorial  9 create table statement,https://www.youtube.com/watch?v=oReH2vO8Izc,the bad tutorials,https://www.youtube.com/channel/UCEpe5DhhS0HYFBaCVsU2Iwg,oReH2vO8Izc,1,category,cat-v1,0.6,27
stored procedures in sql server   part 18,https://www.youtube.com/watch?v=Qu3E-oncF3g,kudvenkat,https://www.youtube.com/channel/UCCTVrRB5KpIiK6V2GGVsR1Q,Qu3E-oncF3g,1,category,cat-v1,0.6,27
installing mysql and creating databases  mysql for beginners,https://www.youtube.com/watch?v=wgRwITQHszU,alex the analyst,https://www.youtube.com/channel/UC7cs8q-gJRlGwj4A8OmCmXg,wgRwITQHszU,1,category,cat-v1,0.6,27
sql course  sql tutorial for beginners  learn sql  intellipaat,https://www.youtube.com/watch?v=wkOD6mbXc2M,intellipaat,https://www.youtube.com/channel/UCCktnahuRFYIBtNnKT5IYyg,wkOD6mbXc2M,1,category,cat-v1,0.6,27
sql window function  how to write sql query using rank dense rank leadlag  sql queries tutorial,https://www.youtube.com/watch?v=Ww71knvhQ-s,techtfq,https://www.youtube.com/channel/UCnz-ZXXER4jOvuED5trXfEA,Ww71knvhQ-s,1,category,cat-v1,0.6,27
learn sql beginner to advanced in under 4 hours,https://www.youtube.com/watch?v=OT1RErkfLNQ,alex the analyst,https://www.youtube.com/channel/UC7cs8q-gJRlGwj4A8OmCmXg,OT1RErkfLNQ,1,category,cat-v1,0.6,27
sql basics tutorial for beginners practice sql queries,https://www.youtube.com/watch?v=Hl4NZB1XR9c,techtfq,https://www.youtube.com/channel/UCnz-ZXXER4jOvuED5trXfEA,Hl4NZB1XR9c,1,category,cat-v1,0.6,27
sql full course in 10 hours  sql tutorial  complete sql course for beginners  edureka,https://www.youtube.com/watch?v=q_JsgpiuY98,edureka,https://www.youtube.com/channel/UCkw4JCwteGrDHIsyIIKo4tQ,q_JsgpiuY98,1,category,cat-v1,0.6,27
sql joins tutorial for beginners  practice sql queries using joins  part 1,https://www.youtube.com/watch?v=0OQJDd3QqQM,techtfq,https://www.youtube.com/channel/UCnz-ZXXER4jOvuED5trXfEA,0OQJDd3QqQM,1,category,cat-v1,0.6,27
power bi  sql project  data analyst portfolio  end to end  beginner to expert  powerbi  sql,https://www.youtube.com/watch?v=V-s8c6jMRN0,data tutorials,https://www.youtube.com/channel/UCBOs6624oqScw8PaU-Jzw9A,V-s8c6jMRN0,1,category,cat-v1,0.6,27
15 sql interview questions to get you hired in 2026  sql interview questions  answers intellipaat,https://www.youtube.com/watch?v=oX5Y26O5dBE,intellipaat,https://www.youtube.com/channel/UCCktnahuRFYIBtNnKT5IYyg,oX5Y26O5dBE,1,category,cat-v1,0.6,27
subquery in sql  correlated subquery  complete sql subqueries tutorial,https://www.youtube.com/watch?v=nJIEIzF7tDw,techtfq,https://www.youtube.com/channel/UCnz-ZXXER4jOvuED5trXfEA,nJIEIzF7tDw,1,category,cat-v1,0.6,27
introduction to sql  ddl dml dql dcl tcl commands in sql,https://www.youtube.com/watch?v=U2T_LCdO14Y,learn coding,https://www.youtube.com/channel/UCV7cZwHMX_0vk8DSYrS7GCg,U2T_LCdO14Y,1,category,cat-v1,0.6,27
oracle sql tutorial  oracle dba  oracle sql for beginners  great learning,https://www.youtube.com/watch?v=ObbNGhcxXJA,great learning,https://www.youtube.com/channel/UCObs0kLIrDjX2LLSybqNaEA,ObbNGhcxXJA,1,category,cat-v1,0.6,27
how to learn sql for free  roadmap to learning sql,https://www.youtube.com/watch?v=a-hFbr-4VQQ,techtfq,https://www.youtube.com/channel/UCnz-ZXXER4jOvuED5trXfEA,a-hFbr-4VQQ,1,category,cat-v1,0.6,27
how to install microsoft sql server  ssms on windows 1011  2023 update  complete guide,https://www.youtube.com/watch?v=iaUXjTL_F9U,geeky script,https://www.youtube.com/channel/UCZuB4nKWmba2GqmtjSrgKqA,iaUXjTL_F9U,1,category,cat-v1,0.6,27
sql full course in telugu  free notes practice questions  interview questions,https://www.youtube.com/watch?v=4yEIZ9KZ_aQ,dodagatta nihar,https://www.youtube.com/channel/UC5u7mJb1fIAedPG-9Pg6Nbw,4yEIZ9KZ_aQ,1,category,cat-v1,0.6,27
sql beginner full course in tamil  logic first tamil,https://www.youtube.com/watch?v=r5IyLq2k2Ps,logic first tamil,https://www.youtube.com/channel/UCXhbCCZAG4GlaBLm80ZL-iA,r5IyLq2k2Ps,1,category,cat-v1,0.6,27
complete sql query in one video  sql tutorial for beginners complete mysql query in one video 2023,https://www.youtube.com/watch?v=Tdl7CGnhPeA,kailash joshi tutorials,https://www.youtube.com/channel/UCEO7KQgRI6K6XsyTJlF79nw,Tdl7CGnhPeA,1,category,cat-v1,0.6,27
complete sql joins for beginners  sql join queries with examples  sql tutorial in hindi 11,https://www.youtube.com/watch?v=H6988OpZKTU,rishabh mishra,https://www.youtube.com/channel/UC3rY5HOgbBvGmq7RnDfwF7A,H6988OpZKTU,1,category,cat-v1,0.6,27
plsql tutorial 1 plsql block types in oracle database by manish sharma,https://www.youtube.com/watch?v=rbarR4_gaH8,manish sharma,https://www.youtube.com/channel/UCQYO2p7JMcCp-9xIZxGP2Sg,rbarR4_gaH8,1,category,cat-v1,0.6,27
what is sql   database in sql  sql introduction  sql tutorial in hindi 1,https://www.youtube.com/watch?v=yH1zCq-iaeU,rishabh mishra,https://www.youtube.com/channel/UC3rY5HOgbBvGmq7RnDfwF7A,yH1zCq-iaeU,1,category,cat-v1,0.6,27
sql server tutorial for beginners  microsoft sql server tutorial  sql server training  edureka,https://www.youtube.com/watch?v=-EPMOaV7h_Q,edureka,https://www.youtube.com/channel/UCkw4JCwteGrDHIsyIIKo4tQ,-EPMOaV7h_Q,1,category,cat-v1,0.6,27
learn mysql joins in 5 minutes,https://www.youtube.com/watch?v=G3lJAxg1cy8,bro code,https://www.youtube.com/channel/UC4SVo0Ue36XCfOyb5Lh1viQ,G3lJAxg1cy8,1,category,cat-v1,0.6,27
sql joins explained  ¦ joins in sql ¦ sql tutorial,https://www.youtube.com/watch?v=9yeOJ0ZMUYw,socratica,https://www.youtube.com/channel/UCW6TXMZ5Pq6yL6_k5NZ2e0Q,9yeOJ0ZMUYw,1,category,cat-v1,0.6,27
master mysql in one video beginner to advanced course in hindi  mprashant,https://www.youtube.com/watch?v=Hy3qbMAoEJk,mprashant tech,https://www.youtube.com/channel/UCOwaE3fVOZSRujo2OPDKCHg,Hy3qbMAoEJk,1,category,cat-v1,0.6,27
sql full course in hindi  sql tutorial for beginners in hindi  using mysql,https://www.youtube.com/watch?v=7wj7UEdLI6U,micro solution,https://www.youtube.com/channel/UCgx8PiXOg7LMir3Tm2RLqfA,7wj7UEdLI6U,1,category,cat-v1,0.6,27
1 what is sql   what is mysql   database explained  error makes clever  in tamil,https://www.youtube.com/watch?v=QvTo1_-n0UE,error makes clever,https://www.youtube.com/channel/UCwr-evhuzGZgDFrq_1pLt_A,QvTo1_-n0UE,1,category,cat-v1,0.6,27
master postgresql in one video beginner to advanced course for beginners in hindi  mprashant,https://www.youtube.com/watch?v=cnzka7kF5Zk,mprashant tech,https://www.youtube.com/channel/UCOwaE3fVOZSRujo2OPDKCHg,cnzka7kF5Zk,1,category,cat-v1,0.6,27
sql tutorial  12 inserting data into tables,https://www.youtube.com/watch?v=Tet3Z7Yb2gg,the bad tutorials,https://www.youtube.com/channel/UCEpe5DhhS0HYFBaCVsU2Iwg,Tet3Z7Yb2gg,1,category,cat-v1,0.6,27
sql full course for beginners 45 hours  master structured query language 2025,https://www.youtube.com/watch?v=zPes5jBZ62c,sundeep saradhi kanthety,https://www.youtube.com/channel/UC63URkuUvnugRBeTNqmToKg,zPes5jBZ62c,1,category,cat-v1,0.6,27
create table in sql  create database  sql tutorial in hindi 3,https://www.youtube.com/watch?v=v-2cIUgx_jw,rishabh mishra,https://www.youtube.com/channel/UC3rY5HOgbBvGmq7RnDfwF7A,v-2cIUgx_jw,1,category,cat-v1,0.6,27
complete git and github tutorial for beginners,https://www.youtube.com/watch?v=Ez8F0nW6S-w,apna college,https://www.youtube.com/channel/UCBwmMxybNva6P_5VmxjzwqA,Ez8F0nW6S-w,1,category,cat-v1,0.6,27
git and github for beginners  crash course,https://www.youtube.com/watch?v=RGOj5yH7evk,freecodecamporg,https://www.youtube.com/channel/UC8butISFwT-Wl7EV0hUK0BQ,RGOj5yH7evk,1,category,cat-v1,0.6,27
git tutorial for beginners learn git in 1 hour,https://www.youtube.com/watch?v=8JJ101D3knE,programming with mosh,https://www.youtube.com/channel/UCWv7vMbMWH4-V0ZXdmDpPBA,8JJ101D3knE,1,category,cat-v1,0.6,27
complete git and github tutorial,https://www.youtube.com/watch?v=apGV9Kg7ics,kunal kushwaha,https://www.youtube.com/channel/UCBGOUQHNNtNGcGzVq5rIXjw,apGV9Kg7ics,1,category,cat-v1,0.6,27
git  github tutorial for beginners in hindi  हिंदी में,https://www.youtube.com/watch?v=gwWKnnCMQ5c,codewithharry,https://www.youtube.com/channel/UCeVMnSShP_Iviwkknt83cww,gwWKnnCMQ5c,1,category,cat-v1,0.6,27
git tutorial for beginners commandline fundamentals,https://www.youtube.com/watch?v=HVsySz-h9r4,corey schafer,https://www.youtube.com/channel/UCCezIgC97PvUuR4_gbFUs5g,HVsySz-h9r4,1,category,cat-v1,0.6,27
github actions tutorial  basic concepts and cicd pipeline with docker,https://www.youtube.com/watch?v=R8_veQiYBjI,techworld with nana,https://www.youtube.com/channel/UCdngmbVKX1Tgre699-XLlUA,R8_veQiYBjI,1,category,cat-v1,0.6,27
azure devops tutorial for beginners  cicd with azure pipelines,https://www.youtube.com/watch?v=4BibQ69MD8c,techworld with nana,https://www.youtube.com/channel/UCdngmbVKX1Tgre699-XLlUA,4BibQ69MD8c,1,category,cat-v1,0.6,27
git for professionals tutorial  tools  concepts for mastering version control with git,https://www.youtube.com/watch?v=Uszj_k0DGsg,freecodecamporg,https://www.youtube.com/channel/UC8butISFwT-Wl7EV0hUK0BQ,Uszj_k0DGsg,1,category,cat-v1,0.6,27
gitlab ci cd tutorial for beginners crash course,https://www.youtube.com/watch?v=qP8kir2GUgo,techworld with nana,https://www.youtube.com/channel/UCdngmbVKX1Tgre699-XLlUA,qP8kir2GUgo,1,category,cat-v1,0.6,27
what is git  what is github  git tutorial  github tutorial  devops tutorial  edureka,https://www.youtube.com/watch?v=xuB1Id2Wxak,edureka,https://www.youtube.com/channel/UCkw4JCwteGrDHIsyIIKo4tQ,xuB1Id2Wxak,1,category,cat-v1,0.6,27
learn to push your code to github in 10 minutes beginner video ,https://www.youtube.com/watch?v=ufKRYe8ZPaw,codewithharry,https://www.youtube.com/channel/UCeVMnSShP_Iviwkknt83cww,ufKRYe8ZPaw,1,category,cat-v1,0.6,27
git y github  curso práctico de git y github desde cero,https://www.youtube.com/watch?v=HiXLkL42tMU,fazt,https://www.youtube.com/channel/UCX9NJ471o7Wie1DQe94RVIg,HiXLkL42tMU,1,category,cat-v1,0.6,27
learn git – full course for beginners,https://www.youtube.com/watch?v=zTjRZNkhiEU,freecodecamporg,https://www.youtube.com/channel/UC8butISFwT-Wl7EV0hUK0BQ,zTjRZNkhiEU,1,category,cat-v1,0.6,27
git and github tutorial in tamil  the ultimate guide to vc branching merging  pull request,https://www.youtube.com/watch?v=VIBWdLLq9kQ,error makes clever,https://www.youtube.com/channel/UCwr-evhuzGZgDFrq_1pLt_A,VIBWdLLq9kQ,1,category,cat-v1,0.6,27
how to upload project on github  github tutorial   how to use github,https://www.youtube.com/watch?v=ussgXhJ-cp0,rishabh mishra,https://www.youtube.com/channel/UC3rY5HOgbBvGmq7RnDfwF7A,ussgXhJ-cp0,1,category,cat-v1,0.6,27
host website on github for free in just 2 mins,https://www.youtube.com/watch?v=BT4WzyT2g8k,akriti goswami,https://www.youtube.com/channel/UCt_jFinluktHze82KbXaJ2A,BT4WzyT2g8k,1,category,cat-v1,0.6,27
learn complete git and github in 1 video  opensource contribution  linux commands  tricks,https://www.youtube.com/watch?v=uaeKhfhYE0U,anuj kumar sharma,https://www.youtube.com/channel/UC58_wzhvJta3hDSPvRLDAqg,uaeKhfhYE0U,1,category,cat-v1,0.6,27
how to use github for beginners,https://www.youtube.com/watch?v=a9u2yZvsqHA,corbin,https://www.youtube.com/channel/UCJFMlSxcvlZg5yZUYJT0Pug,a9u2yZvsqHA,1,category,cat-v1,0.6,27
curso completo de git y github desde cero para principiantes,https://www.youtube.com/watch?v=3GymExBkKjE,mouredev by brais moure,https://www.youtube.com/channel/UCxPD7bsocoAMq8Dj18kmGyQ,3GymExBkKjE,1,category,cat-v1,0.6,27
claude code  full tutorial for beginners,https://www.youtube.com/watch?v=ntDIxaeo3Wg,tech with tim,https://www.youtube.com/channel/UC4JX40jDee_tINbkjycV4Sg,ntDIxaeo3Wg,1,category,cat-v1,0.6,27
git will finally make sense after this,https://www.youtube.com/watch?v=Ala6PHlYjmw,learnthatstack,https://www.youtube.com/channel/UCdM0LgFN54j-pRL-P0Ea_lg,Ala6PHlYjmw,1,category,cat-v1,0.6,27
github in telugu  complete git  github in 1 hour  vamsi bhavani  a to z in git github,https://www.youtube.com/watch?v=LGLuHYHbCFA,vamsi bhavani,https://www.youtube.com/channel/UC4fxiAHHYmtQB4QYT41isnA,LGLuHYHbCFA,1,category,cat-v1,0.6,27
how to use github  what is github  git and github tutorial  devops training  edureka,https://www.youtube.com/watch?v=PQsJR8ci3J0,edureka,https://www.youtube.com/channel/UCkw4JCwteGrDHIsyIIKo4tQ,PQsJR8ci3J0,1,category,cat-v1,0.6,27
how to work with git  github using eclipse  commit  push  branching  pull request   merging,https://www.youtube.com/watch?v=HCeBd5GKNO8,sdet qa,https://www.youtube.com/channel/UC46vj6mN-6kZm5RYWWqebsg,HCeBd5GKNO8,1,category,cat-v1,0.6,27
learn git rebase in 6 minutes  explained with live animations,https://www.youtube.com/watch?v=f1wnYdLEpgI,the modern coder,https://www.youtube.com/channel/UCpREcVgeyOjDIAFa8FQr9Dw,f1wnYdLEpgI,1,category,cat-v1,0.6,27
git tutorial for beginners  git  github fundamentals in depth,https://www.youtube.com/watch?v=DVRQoVRzMIY,tech with tim,https://www.youtube.com/channel/UC4JX40jDee_tINbkjycV4Sg,DVRQoVRzMIY,1,category,cat-v1,0.6,27
argocd tutorial for beginners  gitops cd for kubernetes,https://www.youtube.com/watch?v=MeU5_k9ssrs,techworld with nana,https://www.youtube.com/channel/UCdngmbVKX1Tgre699-XLlUA,MeU5_k9ssrs,1,category,cat-v1,0.6,27
git  github tutorial  visualized git course for beginner  professional developers in 2024,https://www.youtube.com/watch?v=S7XpTAnSDL4,javascript mastery,https://www.youtube.com/channel/UCmXmlB4-HJytD7wek0Uo97A,S7XpTAnSDL4,1,category,cat-v1,0.6,27
how to add eclipse project to github  how to commit push pull from eclipse to github,https://www.youtube.com/watch?v=LPT7v69guVY,automation step by step,https://www.youtube.com/channel/UCTt7pyY-o0eltq14glaG5dg,LPT7v69guVY,1,category,cat-v1,0.6,27
1 apa itu git  github,https://www.youtube.com/watch?v=lTMZxWMjXQU,wpu,https://www.youtube.com/channel/UCkXmLjEr95LVtGuIm3l2dPg,lTMZxWMjXQU,1,category,cat-v1,0.6,27
what is git explained in 2 minutes,https://www.youtube.com/watch?v=2ReR1YJrNOM,programming with mosh,https://www.youtube.com/channel/UCWv7vMbMWH4-V0ZXdmDpPBA,2ReR1YJrNOM,1,category,cat-v1,0.6,27
devops from zero to hero build and deploy a production api,https://www.youtube.com/watch?v=H5FAxTBuNM8,javascript mastery,https://www.youtube.com/channel/UCmXmlB4-HJytD7wek0Uo97A,H5FAxTBuNM8,1,category,cat-v1,0.6,27
what is gitgithub  why do we need it  git tutorials 1,https://www.youtube.com/watch?v=evknSAkUIvs,codewithharry,https://www.youtube.com/channel/UCeVMnSShP_Iviwkknt83cww,evknSAkUIvs,1,category,cat-v1,0.6,27
git in telugu  git tutorial for beginners in telugu  git real time scenarios  git suresh techs,https://www.youtube.com/watch?v=LIhE7L__E6M,suresh techs,https://www.youtube.com/channel/UCt-5IXDxSkT5C2MK5V8A6ZA,LIhE7L__E6M,1,category,cat-v1,0.6,27
git  github tutorial for beginners 1  why use git,https://www.youtube.com/watch?v=3RjQznt-8kE,net ninja,https://www.youtube.com/channel/UCW5YeuERMmlnqo4oq8vwUpg,3RjQznt-8kE,1,category,cat-v1,0.6,27
github basics made easy a fast beginners tutorial,https://www.youtube.com/watch?v=Oaj3RBIoGFc,skill foundry,https://www.youtube.com/channel/UCPHm5UtG1_nITgKqeMKlS5g,Oaj3RBIoGFc,1,category,cat-v1,0.6,27
hindi but what is git and github,https://www.youtube.com/watch?v=QhqVRuRBA9w,codewithharry,https://www.youtube.com/channel/UCeVMnSShP_Iviwkknt83cww,QhqVRuRBA9w,1,category,cat-v1,0.6,27
git pull request  git pull request tutorial  git commands git tutorial for beginners simplilearn,https://www.youtube.com/watch?v=z8CYDyFqzp0,simplilearn,https://www.youtube.com/channel/UCsvqVGtbbyHaMoevxPAq9Fg,z8CYDyFqzp0,1,category,cat-v1,0.6,27
¿qué es git y cómo funciona  la mejor explicación en español,https://www.youtube.com/watch?v=jGehuhFhtnE,edteam,https://www.youtube.com/channel/UCP15FVAA2UL-QOcGhy7-ezA,jGehuhFhtnE,1,category,cat-v1,0.6,27
git  github tutorial for beginners 9  merging branches  conflicts,https://www.youtube.com/watch?v=XX-Kct0PfFc,net ninja,https://www.youtube.com/channel/UCW5YeuERMmlnqo4oq8vwUpg,XX-Kct0PfFc,1,category,cat-v1,0.6,27
git tutorial  2  config our username and email,https://www.youtube.com/watch?v=yDntCIs-IJM,thenewboston,https://www.youtube.com/channel/UCJbPGzawDH1njbqV-D5HqKw,yDntCIs-IJM,1,category,cat-v1,0.6,27
git  github explained in tamil,https://www.youtube.com/watch?v=hTYsf6bdSJ8,cs in tamil,https://www.youtube.com/channel/UCh561gUA2ssj853n1NOHKDA,hTYsf6bdSJ8,1,category,cat-v1,0.6,27
git tutorial  1  how to download and install git,https://www.youtube.com/watch?v=cEGIFZDyszA,thenewboston,https://www.youtube.com/channel/UCJbPGzawDH1njbqV-D5HqKw,cEGIFZDyszA,1,category,cat-v1,0.6,27
git tutorial 4 basic commands add commit push,https://www.youtube.com/watch?v=eL_0Ok_Gkas,codebasics,https://www.youtube.com/channel/UCh9nVJoWXmFb7sLApWGcLPQ,eL_0Ok_Gkas,1,category,cat-v1,0.6,27
what is git  github  coding shorts softwareengineer,https://www.youtube.com/watch?v=f_hGkPwhwV0,college wallah,https://www.youtube.com/channel/UCDrf0V4fcBr5FlCtKwvpfwA,f_hGkPwhwV0,1,category,cat-v1,0.6,27
git  github crash course for beginners 2026,https://www.youtube.com/watch?v=mAFoROnOfHs,freecodecamporg,https://www.youtube.com/channel/UC8butISFwT-Wl7EV0hUK0BQ,mAFoROnOfHs,1,category,cat-v1,0.6,27
how to install and configure git and github on windows 11,https://www.youtube.com/watch?v=AdzKzlp66sQ,programmingknowledge,https://www.youtube.com/channel/UCs6nmQViDpUw0nuIx9c_WvA,AdzKzlp66sQ,1,category,cat-v1,0.6,27
browser  search engine  server  http vs https  operating system  system software  application,https://www.youtube.com/watch?v=zedTXnTT8SM,khan gs research centre,https://www.youtube.com/channel/UCatL-c6pmnjzEOHSyjn-sHA,zedTXnTT8SM,1,category,cat-v1,0.6,27
computer  technology basics course for absolute beginners,https://www.youtube.com/watch?v=y2kg3MOk1sY,freecodecamporg,https://www.youtube.com/channel/UC8butISFwT-Wl7EV0hUK0BQ,y2kg3MOk1sY,1,category,cat-v1,0.6,27
lec0operating system syllabus discussion for all collegeuniversity  competitive exams gatenet,https://www.youtube.com/watch?v=bkSWJJZNgf8,gate smashers,https://www.youtube.com/channel/UCJihyK0A38SZ6SdJirEdIOw,bkSWJJZNgf8,1,category,cat-v1,0.6,27
l11 introduction to operating system and its functions with english subtitles,https://www.youtube.com/watch?v=WJ-UaAaumNA,gate smashers,https://www.youtube.com/channel/UCJihyK0A38SZ6SdJirEdIOw,WJ-UaAaumNA,1,category,cat-v1,0.6,27
l23 first come first servefcfs cpu scheduling algorithm with example,https://www.youtube.com/watch?v=MZdVAVMgNpA,gate smashers,https://www.youtube.com/channel/UCJihyK0A38SZ6SdJirEdIOw,MZdVAVMgNpA,1,category,cat-v1,0.6,27
l27 round robinrr cpu scheduling algorithm with  example,https://www.youtube.com/watch?v=TxjIlNYRZ5M,gate smashers,https://www.youtube.com/channel/UCJihyK0A38SZ6SdJirEdIOw,TxjIlNYRZ5M,1,category,cat-v1,0.6,27
lec2 introduction to dbms database management system with real life examples  what is dbms,https://www.youtube.com/watch?v=3EJlovevfcA,gate smashers,https://www.youtube.com/channel/UCJihyK0A38SZ6SdJirEdIOw,3EJlovevfcA,1,category,cat-v1,0.6,27
introduction to operating systems,https://www.youtube.com/watch?v=vBURTt97EkA,neso academy,https://www.youtube.com/channel/UCQYMhOMi_Cdj1CEAU-fv80A,vBURTt97EkA,1,category,cat-v1,0.6,27
l24 shortest job firstsjf scheduling  algorithm with  example  operating system,https://www.youtube.com/watch?v=VCIVXPoiLpU,gate smashers,https://www.youtube.com/channel/UCJihyK0A38SZ6SdJirEdIOw,VCIVXPoiLpU,1,category,cat-v1,0.6,27
linux tutorial for beginners in hindi,https://www.youtube.com/watch?v=_tCY-c-sPZc,codewithharry,https://www.youtube.com/channel/UCeVMnSShP_Iviwkknt83cww,_tCY-c-sPZc,1,category,cat-v1,0.6,27
complete operating system in one shot  semester exam  hindi,https://www.youtube.com/watch?v=xw_OuOhjauw,knowledgegate by sanchit sir,https://www.youtube.com/channel/UCA6yfpYhy5sWMjRGOT-OAIQ,xw_OuOhjauw,1,category,cat-v1,0.6,27
what is operating system full explanation  introduction to operating system,https://www.youtube.com/watch?v=_NEJVgiGp8Q,learn coding,https://www.youtube.com/channel/UCV7cZwHMX_0vk8DSYrS7GCg,_NEJVgiGp8Q,1,category,cat-v1,0.6,27
lec 1  introduction to dbms  database management system,https://www.youtube.com/watch?v=T7AxM7Vqvaw,jennys lectures cs it,https://www.youtube.com/channel/UCM-yUTYGmrNvKOCcAl21g3w,T7AxM7Vqvaw,1,category,cat-v1,0.6,27
introduction to linux – full course for beginners,https://www.youtube.com/watch?v=sWbUDq4S6Y8,freecodecamporg,https://www.youtube.com/channel/UC8butISFwT-Wl7EV0hUK0BQ,sWbUDq4S6Y8,1,category,cat-v1,0.6,27
l25 shortest remaining time first sjf with preemption scheduling algorithm with  example  os,https://www.youtube.com/watch?v=hoN7_VMzw_g,gate smashers,https://www.youtube.com/channel/UCJihyK0A38SZ6SdJirEdIOw,hoN7_VMzw_g,1,category,cat-v1,0.6,27
l41 deadlock concept  example  necessary condition  operating system,https://www.youtube.com/watch?v=rWFH6PLOIEI,gate smashers,https://www.youtube.com/channel/UCJihyK0A38SZ6SdJirEdIOw,rWFH6PLOIEI,1,category,cat-v1,0.6,27
l522 page replacement introduction  fifo page replacement algorithm  operating system,https://www.youtube.com/watch?v=8rcUs5RutX0,gate smashers,https://www.youtube.com/channel/UCJihyK0A38SZ6SdJirEdIOw,8rcUs5RutX0,1,category,cat-v1,0.6,27
l21 process scheduling algorithms preemption vs nonpreemption  cpu scheduling in os,https://www.youtube.com/watch?v=zFnrUVqtiOY,gate smashers,https://www.youtube.com/channel/UCJihyK0A38SZ6SdJirEdIOw,zFnrUVqtiOY,1,category,cat-v1,0.6,27
l59 what is paging  memory management   operating system,https://www.youtube.com/watch?v=6c-mOFZwP_8,gate smashers,https://www.youtube.com/channel/UCJihyK0A38SZ6SdJirEdIOw,6c-mOFZwP_8,1,category,cat-v1,0.6,27
types of operating system  batch realtime distributed network timesharing operating system,https://www.youtube.com/watch?v=Ij71sDmmKpc,learn coding,https://www.youtube.com/channel/UCV7cZwHMX_0vk8DSYrS7GCg,Ij71sDmmKpc,1,category,cat-v1,0.6,27
l28 preemptive priority  scheduling algorithm with  example  operating system,https://www.youtube.com/watch?v=rsDGfFxSgiY,gate smashers,https://www.youtube.com/channel/UCJihyK0A38SZ6SdJirEdIOw,rsDGfFxSgiY,1,category,cat-v1,0.6,27
l15 process states in operating system schedulerslong termshort termmedium term,https://www.youtube.com/watch?v=2dJdHMpCLIg,gate smashers,https://www.youtube.com/channel/UCJihyK0A38SZ6SdJirEdIOw,2dJdHMpCLIg,1,category,cat-v1,0.6,27
l31 process synchronization  process types  race condition  operating system1,https://www.youtube.com/watch?v=3Eaw1SSIqRg,gate smashers,https://www.youtube.com/channel/UCJihyK0A38SZ6SdJirEdIOw,3Eaw1SSIqRg,1,category,cat-v1,0.6,27
l12 batch operating system  types of operating system,https://www.youtube.com/watch?v=povNcHSasgs,gate smashers,https://www.youtube.com/channel/UCJihyK0A38SZ6SdJirEdIOw,povNcHSasgs,1,category,cat-v1,0.6,27
l525 least recently used  page replacement algorithm  operating system,https://www.youtube.com/watch?v=dYIoWkCvd6A,gate smashers,https://www.youtube.com/channel/UCJihyK0A38SZ6SdJirEdIOw,dYIoWkCvd6A,1,category,cat-v1,0.6,27
l524 optimal page replacement algorithm  operating system,https://www.youtube.com/watch?v=q2BpMvPhhrY,gate smashers,https://www.youtube.com/channel/UCJihyK0A38SZ6SdJirEdIOw,q2BpMvPhhrY,1,category,cat-v1,0.6,27
l51 memory management and degree of multiprogramming  operating system,https://www.youtube.com/watch?v=eESIFJz7mJw,gate smashers,https://www.youtube.com/channel/UCJihyK0A38SZ6SdJirEdIOw,eESIFJz7mJw,1,category,cat-v1,0.6,27
l17 system calls in operating system and its types in hindi,https://www.youtube.com/watch?v=tWPa-rZiGM8,gate smashers,https://www.youtube.com/channel/UCJihyK0A38SZ6SdJirEdIOw,tWPa-rZiGM8,1,category,cat-v1,0.6,27
operating system full course  operating system tutorials for beginners,https://www.youtube.com/watch?v=mXw9ruZaxzQ,academic lesson,https://www.youtube.com/channel/UCwM4EI8mqvsSUR7Ou1D0qrA,mXw9ruZaxzQ,1,category,cat-v1,0.6,27
introduction to operating system and its functions  operating system  lecture 1,https://www.youtube.com/watch?v=RozoeWzT7IM,jennys lectures cs it,https://www.youtube.com/channel/UCM-yUTYGmrNvKOCcAl21g3w,RozoeWzT7IM,1,category,cat-v1,0.6,27
complete operating systems in 1 shot with notes  for placement interviews,https://www.youtube.com/watch?v=3obEP8eLsCw,codehelp  by babbar,https://www.youtube.com/channel/UCldyi11QYNXYXiLjVbyw5dA,3obEP8eLsCw,1,category,cat-v1,0.6,27
operating systems crash course computer science 18,https://www.youtube.com/watch?v=26QPDBe-NB8,crashcourse,https://www.youtube.com/channel/UCX6b17PVsYBQ0ip5gyeme-Q,26QPDBe-NB8,1,category,cat-v1,0.6,27
l111 process vs threads in operating system,https://www.youtube.com/watch?v=ITc09gOrqZk,gate smashers,https://www.youtube.com/channel/UCJihyK0A38SZ6SdJirEdIOw,ITc09gOrqZk,1,category,cat-v1,0.6,27
l519 virtual memory  page fault  significance of virtual memory  operating system,https://www.youtube.com/watch?v=o2_iCzS9-ZQ,gate smashers,https://www.youtube.com/channel/UCJihyK0A38SZ6SdJirEdIOw,o2_iCzS9-ZQ,1,category,cat-v1,0.6,27
l34 critical section problem   mutual exclusion progress and bounded waiting  operating system,https://www.youtube.com/watch?v=qMQsd7Iy5jo,gate smashers,https://www.youtube.com/channel/UCJihyK0A38SZ6SdJirEdIOw,qMQsd7Iy5jo,1,category,cat-v1,0.6,27
computer fundamental full course for beginners in just 1 hour  basics of computer in one shot,https://www.youtube.com/watch?v=agaLaSafbwc,computer tech academy,https://www.youtube.com/channel/UCtDUxVWi6aTUw9P2m20wLyQ,agaLaSafbwc,1,category,cat-v1,0.6,27
l32 producer consumer problem  process synchronization problem in operating system,https://www.youtube.com/watch?v=iMD1Z3f9ioI,gate smashers,https://www.youtube.com/channel/UCJihyK0A38SZ6SdJirEdIOw,iMD1Z3f9ioI,1,category,cat-v1,0.6,27
l517 segmentation vs paging  segmentation working  operating system,https://www.youtube.com/watch?v=dz9Tk6KCMlQ,gate smashers,https://www.youtube.com/channel/UCJihyK0A38SZ6SdJirEdIOw,dz9Tk6KCMlQ,1,category,cat-v1,0.6,27
l38 semaphores  wait signal operation  counting semaphore  example operating system,https://www.youtube.com/watch?v=eoGkJWgxurQ,gate smashers,https://www.youtube.com/channel/UCJihyK0A38SZ6SdJirEdIOw,eoGkJWgxurQ,1,category,cat-v1,0.6,27
l44 deadlock handling methods and deadlock prevention  operating system,https://www.youtube.com/watch?v=pPM9Ajqmy_4,gate smashers,https://www.youtube.com/channel/UCJihyK0A38SZ6SdJirEdIOw,pPM9Ajqmy_4,1,category,cat-v1,0.6,27
l14 types of osreal time os distributed clustered  embedded os,https://www.youtube.com/watch?v=YQZbIT9FcUk,gate smashers,https://www.youtube.com/channel/UCJihyK0A38SZ6SdJirEdIOw,YQZbIT9FcUk,1,category,cat-v1,0.6,27
l55 first fit next fit best fit worst fit memory allocation  memory management  os,https://www.youtube.com/watch?v=N3rG_1CEQkQ,gate smashers,https://www.youtube.com/channel/UCJihyK0A38SZ6SdJirEdIOw,N3rG_1CEQkQ,1,category,cat-v1,0.6,27
l64 fcfs in disk scheduling with example  operating system,https://www.youtube.com/watch?v=yP89YlEGCqA,gate smashers,https://www.youtube.com/channel/UCJihyK0A38SZ6SdJirEdIOw,yP89YlEGCqA,1,category,cat-v1,0.6,27
l42 resource allocation graph in deadlock  single instance with example  operating system,https://www.youtube.com/watch?v=BW74JYB3QOM,gate smashers,https://www.youtube.com/channel/UCJihyK0A38SZ6SdJirEdIOw,BW74JYB3QOM,1,category,cat-v1,0.6,27
l66 scan algorithm in disk scheduling with example  operating system,https://www.youtube.com/watch?v=xouo556RGiE,gate smashers,https://www.youtube.com/channel/UCJihyK0A38SZ6SdJirEdIOw,xouo556RGiE,1,category,cat-v1,0.6,27
basics of os computer system operation,https://www.youtube.com/watch?v=VjPgYcQqqN0,neso academy,https://www.youtube.com/channel/UCQYMhOMi_Cdj1CEAU-fv80A,VjPgYcQqqN0,1,category,cat-v1,0.6,27
l52 memory management  techniques  contiguous and noncontiguous  operating system,https://www.youtube.com/watch?v=FrTttJLN7Kw,gate smashers,https://www.youtube.com/channel/UCJihyK0A38SZ6SdJirEdIOw,FrTttJLN7Kw,1,category,cat-v1,0.6,27
round robinrr cpu scheduling algorithm in os with example,https://www.youtube.com/watch?v=-jFGYDfWkXI,jennys lectures cs it,https://www.youtube.com/channel/UCM-yUTYGmrNvKOCcAl21g3w,-jFGYDfWkXI,1,category,cat-v1,0.6,27
l110 user mode and kernel mode in operating system in hindi,https://www.youtube.com/watch?v=8duV1LLHHJU,gate smashers,https://www.youtube.com/channel/UCJihyK0A38SZ6SdJirEdIOw,8duV1LLHHJU,1,category,cat-v1,0.6,27
shortest job firstsjf scheduling algorithm with example  operating system,https://www.youtube.com/watch?v=pYO-FAg-TpQ,jennys lectures cs it,https://www.youtube.com/channel/UCM-yUTYGmrNvKOCcAl21g3w,pYO-FAg-TpQ,1,category,cat-v1,0.6,27
how does the internet work  ict 2,https://www.youtube.com/watch?v=x3c1ih2NJEg,sabin civil engineering,https://www.youtube.com/channel/UCqZQJ4600a9wIfMPbYc60OQ,x3c1ih2NJEg,1,category,cat-v1,0.6,27
modem vs router  whats the difference,https://www.youtube.com/watch?v=Mad4kQ5835Y,powercert animated videos,https://www.youtube.com/channel/UCJQJ4GjTiq5lmn8czf8oo0Q,Mad4kQ5835Y,1,category,cat-v1,0.6,27
wifi pineapple from hell engineering comedy hacking hak5 security research redteam ctf,https://www.youtube.com/watch?v=zI6pWKv774w,chris boden,https://www.youtube.com/channel/UCbaAyXYMnbQu0BGGPbvxHsw,zI6pWKv774w,1,category,cat-v1,0.6,27
how does your mobile phone work  ict 1,https://www.youtube.com/watch?v=1JZG9x_VOwA,sabin civil engineering,https://www.youtube.com/channel/UCqZQJ4600a9wIfMPbYc60OQ,1JZG9x_VOwA,1,category,cat-v1,0.6,27
hub switch  router explained  whats the difference,https://www.youtube.com/watch?v=1z0ULvg_pW8,powercert animated videos,https://www.youtube.com/channel/UCJQJ4GjTiq5lmn8czf8oo0Q,1z0ULvg_pW8,1,category,cat-v1,0.6,27
osi model explained  osi animation  open system interconnection model  osi 7 layers  techterms,https://www.youtube.com/watch?v=vv4y_uOneC0,techterms,https://www.youtube.com/channel/UCY_dQTuD3MjtuQwYuy6xdag,vv4y_uOneC0,1,category,cat-v1,0.6,27
networking basics 2026  what is a switch router gateway subnet gateway firewall  dmz,https://www.youtube.com/watch?v=_IOZ8_cPgu8,it k funde,https://www.youtube.com/channel/UC1RauiosDyz3K16X1wkaeiA,_IOZ8_cPgu8,1,category,cat-v1,0.6,27
how a dns server domain name system works,https://www.youtube.com/watch?v=mpQZVYPuDGU,powercert animated videos,https://www.youtube.com/channel/UCJQJ4GjTiq5lmn8czf8oo0Q,mpQZVYPuDGU,1,category,cat-v1,0.6,27
why is networking so important  importance of networking in job  careers,https://www.youtube.com/watch?v=xzs3oHAMLhs,best of raw talks clips,https://www.youtube.com/channel/UCk0myh8o9U-jKufd5r2f8rA,xzs3oHAMLhs,1,category,cat-v1,0.6,27
what is computer network full explanation  pan lan man and wan network,https://www.youtube.com/watch?v=Hizdc4XVJ1E,learn coding,https://www.youtube.com/channel/UCV7cZwHMX_0vk8DSYrS7GCg,Hizdc4XVJ1E,1,category,cat-v1,0.6,27
computer networking course  network engineering comptia network exam prep,https://www.youtube.com/watch?v=qiQR5rTSshw,freecodecamporg,https://www.youtube.com/channel/UC8butISFwT-Wl7EV0hUK0BQ,qiQR5rTSshw,1,category,cat-v1,0.6,27
subnet mask  explained,https://www.youtube.com/watch?v=s_Ntt6eTn94,powercert animated videos,https://www.youtube.com/channel/UCJQJ4GjTiq5lmn8czf8oo0Q,s_Ntt6eTn94,1,category,cat-v1,0.6,27
lec1 computer networks and security full syllabus for gate ugc netdsssbnielit  university exam,https://www.youtube.com/watch?v=JFF2vJaN0Cw,gate smashers,https://www.youtube.com/channel/UCJihyK0A38SZ6SdJirEdIOw,JFF2vJaN0Cw,1,category,cat-v1,0.6,27
what is a server  servers vs desktops explained,https://www.youtube.com/watch?v=UjCDWCeHCzY,powercert animated videos,https://www.youtube.com/channel/UCJQJ4GjTiq5lmn8czf8oo0Q,UjCDWCeHCzY,1,category,cat-v1,0.6,27
dhcp explained  dynamic host configuration protocol,https://www.youtube.com/watch?v=e6-TaH5bkjo,powercert animated videos,https://www.youtube.com/channel/UCJQJ4GjTiq5lmn8czf8oo0Q,e6-TaH5bkjo,1,category,cat-v1,0.6,27
what is topology full explanation  bus star ring mesh tree and hybrid topologies,https://www.youtube.com/watch?v=gGTDFG2Q_UM,learn coding,https://www.youtube.com/channel/UCV7cZwHMX_0vk8DSYrS7GCg,gGTDFG2Q_UM,1,category,cat-v1,0.6,27
ethernet cables utp vs stp straight vs crossover cat 55e678 network cables,https://www.youtube.com/watch?v=_NX99ad2FUA,powercert animated videos,https://www.youtube.com/channel/UCJQJ4GjTiq5lmn8czf8oo0Q,_NX99ad2FUA,1,category,cat-v1,0.6,27
what is raid 0 1 5  10,https://www.youtube.com/watch?v=U-OCdTeZLac,powercert animated videos,https://www.youtube.com/channel/UCJQJ4GjTiq5lmn8czf8oo0Q,U-OCdTeZLac,1,category,cat-v1,0.6,27
computer networking full course  osi model deep dive with real life examples,https://www.youtube.com/watch?v=IPvYjXCsTg8,kunal kushwaha,https://www.youtube.com/channel/UCBGOUQHNNtNGcGzVq5rIXjw,IPvYjXCsTg8,1,category,cat-v1,0.6,27
cloud computing in 6 minutes  what is cloud computing  cloud computing explained  simplilearn,https://www.youtube.com/watch?v=M988_fsOSWo,simplilearn,https://www.youtube.com/channel/UCsvqVGtbbyHaMoevxPAq9Fg,M988_fsOSWo,1,category,cat-v1,0.6,27
introduction to computer networks,https://www.youtube.com/watch?v=VwN91x5i25g,neso academy,https://www.youtube.com/channel/UCQYMhOMi_Cdj1CEAU-fv80A,VwN91x5i25g,1,category,cat-v1,0.6,27
what is osi model full explanation  networking,https://www.youtube.com/watch?v=1msEo8PIcbw,learn coding,https://www.youtube.com/channel/UCV7cZwHMX_0vk8DSYrS7GCg,1msEo8PIcbw,1,category,cat-v1,0.6,27
complete cn computer networks in one shot  semester exam  hindi,https://www.youtube.com/watch?v=q3Z3Qa1UNBA,knowledgegate by sanchit sir,https://www.youtube.com/channel/UCA6yfpYhy5sWMjRGOT-OAIQ,q3Z3Qa1UNBA,1,category,cat-v1,0.6,27
lec2 introduction to computer network  osi model in easiest way in hindi  need of osi model,https://www.youtube.com/watch?v=4D55Cmj2t-A,gate smashers,https://www.youtube.com/channel/UCJihyK0A38SZ6SdJirEdIOw,4D55Cmj2t-A,1,category,cat-v1,0.6,27
why ethernet is complex but relevant ,https://www.youtube.com/watch?v=RSHnm7-4DSM,akshay dixit,https://www.youtube.com/channel/UCyxmnhV5Qv7foKM7ZrF5V0w,RSHnm7-4DSM,1,category,cat-v1,0.6,27
how the internet works  what is internet  dr binocs show  kids learning video  peekaboo kidz,https://www.youtube.com/watch?v=UXsomnDkntI,peekaboo kidz,https://www.youtube.com/channel/UCxlJ45KjG4XVcQ_hd8j227A,UXsomnDkntI,1,category,cat-v1,0.6,27
network ports explained,https://www.youtube.com/watch?v=g2fT-g9PX9o,powercert animated videos,https://www.youtube.com/channel/UCJQJ4GjTiq5lmn8czf8oo0Q,g2fT-g9PX9o,1,category,cat-v1,0.6,27
what is ip address full explanation  learn coding,https://www.youtube.com/watch?v=zFyl_zaRYuQ,learn coding,https://www.youtube.com/channel/UCV7cZwHMX_0vk8DSYrS7GCg,zFyl_zaRYuQ,1,category,cat-v1,0.6,27
hamming code  error detection,https://www.youtube.com/watch?v=1A_NcXxdoCc,neso academy,https://www.youtube.com/channel/UCQYMhOMi_Cdj1CEAU-fv80A,1A_NcXxdoCc,1,category,cat-v1,0.6,27
wireless access point vs wifi router,https://www.youtube.com/watch?v=OxiY4yf6GGg,powercert animated videos,https://www.youtube.com/channel/UCJQJ4GjTiq5lmn8czf8oo0Q,OxiY4yf6GGg,1,category,cat-v1,0.6,27
what is a firewall,https://www.youtube.com/watch?v=kDEX1HXybrU,powercert animated videos,https://www.youtube.com/channel/UCJQJ4GjTiq5lmn8czf8oo0Q,kDEX1HXybrU,1,category,cat-v1,0.6,27
what is ethernet,https://www.youtube.com/watch?v=HLziLmaYsO0,realpars,https://www.youtube.com/channel/UCUKKQwBQZczpYzETkZNxi-w,HLziLmaYsO0,1,category,cat-v1,0.6,27
free 2026 ccna full course in hindi  start your networking career today,https://www.youtube.com/watch?v=2mvn4eOOVZo,network kings,https://www.youtube.com/channel/UC2DzZrrqca2Sp4gGdzekTpg,2mvn4eOOVZo,1,category,cat-v1,0.6,27
lec30 cyclic redundancy checkcrc  for error detection and correction   computer networks,https://www.youtube.com/watch?v=5Q-Yv6_0Qcw,gate smashers,https://www.youtube.com/channel/UCJihyK0A38SZ6SdJirEdIOw,5Q-Yv6_0Qcw,1,category,cat-v1,0.6,27
nas vs san  network attached storage vs storage area network,https://www.youtube.com/watch?v=3yZDDr0JKVc,powercert animated videos,https://www.youtube.com/channel/UCJQJ4GjTiq5lmn8czf8oo0Q,3yZDDr0JKVc,1,category,cat-v1,0.6,27
lec4 tcpip protocol suite  internet protocol suite  osi vs tcpip,https://www.youtube.com/watch?v=GfaHdjApnhU,gate smashers,https://www.youtube.com/channel/UCJihyK0A38SZ6SdJirEdIOw,GfaHdjApnhU,1,category,cat-v1,0.6,27
vlan explained,https://www.youtube.com/watch?v=jC6MJTh9fRE,powercert animated videos,https://www.youtube.com/channel/UCJQJ4GjTiq5lmn8czf8oo0Q,jC6MJTh9fRE,1,category,cat-v1,0.6,27
nat explained  network address translation,https://www.youtube.com/watch?v=FTUV0t6JaDA,powercert animated videos,https://www.youtube.com/channel/UCJQJ4GjTiq5lmn8czf8oo0Q,FTUV0t6JaDA,1,category,cat-v1,0.6,27
tcp vs udp comparison,https://www.youtube.com/watch?v=uwoD5YsGACg,powercert animated videos,https://www.youtube.com/channel/UCJQJ4GjTiq5lmn8czf8oo0Q,uwoD5YsGACg,1,category,cat-v1,0.6,27
cybersecurity roadmap  how to become ethical hacker in 2024,https://www.youtube.com/watch?v=vK4Mno4QYqk,apna college,https://www.youtube.com/channel/UCBwmMxybNva6P_5VmxjzwqA,vK4Mno4QYqk,1,category,cat-v1,0.6,27
computer networks crash course computer science 28,https://www.youtube.com/watch?v=3QhU9jd03a0,crashcourse,https://www.youtube.com/channel/UCX6b17PVsYBQ0ip5gyeme-Q,3QhU9jd03a0,1,category,cat-v1,0.6,27
wifi wireless password security  wep wpa wpa2 wpa3 wps explained,https://www.youtube.com/watch?v=WZaIfyvERcA,powercert animated videos,https://www.youtube.com/channel/UCJQJ4GjTiq5lmn8czf8oo0Q,WZaIfyvERcA,1,category,cat-v1,0.6,27
iot  internet of things  what is iot   how iot works  iot explained in 6 minutes  simplilearn,https://www.youtube.com/watch?v=6mBO2vqLv38,simplilearn,https://www.youtube.com/channel/UCsvqVGtbbyHaMoevxPAq9Fg,6mBO2vqLv38,1,category,cat-v1,0.6,27
what is a dmz demilitarized zone,https://www.youtube.com/watch?v=dqlzQXo1wqo,powercert animated videos,https://www.youtube.com/channel/UCJQJ4GjTiq5lmn8czf8oo0Q,dqlzQXo1wqo,1,category,cat-v1,0.6,27
lec62 distance vector routing algorithm in hindi  computer networks,https://www.youtube.com/watch?v=5ZuP5qjbKSI,gate smashers,https://www.youtube.com/channel/UCJihyK0A38SZ6SdJirEdIOw,5ZuP5qjbKSI,1,category,cat-v1,0.6,27
lec28 introduction to error detection and correction  computer networks,https://www.youtube.com/watch?v=U7-h2hyM1Dc,gate smashers,https://www.youtube.com/channel/UCJihyK0A38SZ6SdJirEdIOw,U7-h2hyM1Dc,1,category,cat-v1,0.6,27
layer 2 vs layer 3 switches,https://www.youtube.com/watch?v=bdNS0K4Bt8U,powercert animated videos,https://www.youtube.com/channel/UCJQJ4GjTiq5lmn8czf8oo0Q,bdNS0K4Bt8U,1,category,cat-v1,0.6,27
what is protocol full explanation  tcpip http smtp ftp pop imap ppp and udp protocols,https://www.youtube.com/watch?v=6T6eXk2mAx8,learn coding,https://www.youtube.com/channel/UCV7cZwHMX_0vk8DSYrS7GCg,6T6eXk2mAx8,1,category,cat-v1,0.6,27
ww2  oversimplified part 1,https://www.youtube.com/watch?v=_uk_6vfqwTA,oversimplified,https://www.youtube.com/channel/UCNIuvl7V8zACPpTmmNIqP2A,_uk_6vfqwTA,1,category,cat-v1,0.6,27
the american civil war  oversimplified part 1,https://www.youtube.com/watch?v=tsxmyL7TUJg,oversimplified,https://www.youtube.com/channel/UCNIuvl7V8zACPpTmmNIqP2A,tsxmyL7TUJg,1,category,cat-v1,0.6,27
the american revolution   oversimplified part 1,https://www.youtube.com/watch?v=gzALIXcY4pg,oversimplified,https://www.youtube.com/channel/UCNIuvl7V8zACPpTmmNIqP2A,gzALIXcY4pg,1,category,cat-v1,0.6,27
ww1  oversimplified part 1,https://www.youtube.com/watch?v=dHSQAEam2yc,oversimplified,https://www.youtube.com/channel/UCNIuvl7V8zACPpTmmNIqP2A,dHSQAEam2yc,1,category,cat-v1,0.6,27
the french revolution  oversimplified part 1,https://www.youtube.com/watch?v=8qRZcXIODNU,oversimplified,https://www.youtube.com/channel/UCNIuvl7V8zACPpTmmNIqP2A,8qRZcXIODNU,1,category,cat-v1,0.6,27
the russian revolution  oversimplified part 1,https://www.youtube.com/watch?v=Cqbleas1mmo,oversimplified,https://www.youtube.com/channel/UCNIuvl7V8zACPpTmmNIqP2A,Cqbleas1mmo,1,category,cat-v1,0.6,27
hitler  oversimplified part 1,https://www.youtube.com/watch?v=ATlila3e9dM,oversimplified,https://www.youtube.com/channel/UCNIuvl7V8zACPpTmmNIqP2A,ATlila3e9dM,1,category,cat-v1,0.6,27
the greatest general in history alexander the great all parts,https://www.youtube.com/watch?v=K7lb6KWBanI,epic history,https://www.youtube.com/channel/UCvPXiKxH-eH9xq-80vpgmKQ,K7lb6KWBanI,1,category,cat-v1,0.6,27
why world war 2 happened  the real reason  dhruv rathee,https://www.youtube.com/watch?v=crH7kpjomIk,dhruv rathee,https://www.youtube.com/channel/UC-CSyyi47VX1lD9zyeABW3w,crH7kpjomIk,1,category,cat-v1,0.6,27
disneys fastpass a complicated history,https://www.youtube.com/watch?v=9yjZpBq1XBE,defunctland,https://www.youtube.com/channel/UCVo63lbKHjC04KqYhwSZ_Pg,9yjZpBq1XBE,1,category,cat-v1,0.6,27
hiroshima and nagasaki  why usa destroyed japan  ww2  dhruv rathee,https://www.youtube.com/watch?v=mX3ZWEG9lyw,dhruv rathee,https://www.youtube.com/channel/UC-CSyyi47VX1lD9zyeABW3w,mX3ZWEG9lyw,1,category,cat-v1,0.6,27
the entire history of ancient egyptian civilization with joann fletcher,https://www.youtube.com/watch?v=ZU2Roq-emxw,odyssey  ancient history documentaries,https://www.youtube.com/channel/UCV-yCAXMS-nWrHtORuDfSuQ,ZU2Roq-emxw,1,category,cat-v1,0.6,27
the entire story of greek mythology explained  best greek mythology documentary,https://www.youtube.com/watch?v=4M-4M4LyUB0,the life guide,https://www.youtube.com/channel/UCheAUBrk8xw6QhJIxEPsvhg,4M-4M4LyUB0,1,category,cat-v1,0.6,27
world war 1 all parts 4k,https://www.youtube.com/watch?v=G1p6rlDCxq0,epic history,https://www.youtube.com/channel/UCvPXiKxH-eH9xq-80vpgmKQ,G1p6rlDCxq0,1,category,cat-v1,0.6,27
a brief history of cheese  paul kindstedt,https://www.youtube.com/watch?v=QKae1k1BDdA,teded,https://www.youtube.com/channel/UCsooa4yRKGN_zEE8iknghZA,QKae1k1BDdA,1,category,cat-v1,0.6,27
crazy facts about queen cleopatra  history shorts cleopatra,https://www.youtube.com/watch?v=Xv-_c3WtY8M,history hideout,https://www.youtube.com/channel/UCg6b--eTCc1ozV92IOaNvVQ,Xv-_c3WtY8M,1,category,cat-v1,0.6,27
how did british empire take over india  fall of mughal empire  dhruv rathee,https://www.youtube.com/watch?v=3bZoB8PiXas,dhruv rathee,https://www.youtube.com/channel/UC-CSyyi47VX1lD9zyeABW3w,3bZoB8PiXas,1,category,cat-v1,0.6,27
the whole history of the earth and life 【finished edition】,https://www.youtube.com/watch?v=NQ4CUw9RcuA,kaoru greenemerald,https://www.youtube.com/channel/UC3AQFO6FBjONUBleVcPtfcQ,NQ4CUw9RcuA,1,category,cat-v1,0.6,27
why world war 1 happened  the real reason  dhruv rathee,https://www.youtube.com/watch?v=d7gxZOQZfWQ,dhruv rathee,https://www.youtube.com/channel/UC-CSyyi47VX1lD9zyeABW3w,d7gxZOQZfWQ,1,category,cat-v1,0.6,27
the agricultural revolution crash course world history 1,https://www.youtube.com/watch?v=Yocja_N5s1I,crashcourse,https://www.youtube.com/channel/UCX6b17PVsYBQ0ip5gyeme-Q,Yocja_N5s1I,1,category,cat-v1,0.6,27
who controls antarctica  mystery of the 7th continent  dhruv rathee,https://www.youtube.com/watch?v=JWgwHjfhA3A,dhruv rathee,https://www.youtube.com/channel/UC-CSyyi47VX1lD9zyeABW3w,JWgwHjfhA3A,1,category,cat-v1,0.6,27
world war one all parts agerestricted,https://www.youtube.com/watch?v=GG0LY8OLBG8,epic history,https://www.youtube.com/channel/UCvPXiKxH-eH9xq-80vpgmKQ,GG0LY8OLBG8,1,category,cat-v1,0.6,27
complete story of israel  palestine conflict  jews vs arabs  jerusalem  vikasdivyakirti,https://www.youtube.com/watch?v=wVYZFNCmrBI,drishti ias,https://www.youtube.com/channel/UCzLqOSZPtUKrmSEnlH4LAvw,wVYZFNCmrBI,1,category,cat-v1,0.6,27
dinosaurs for kids  learn about dinosaur history fossils dinosaur extinction and more,https://www.youtube.com/watch?v=dktnOPfE7Dc,learn bright,https://www.youtube.com/channel/UCKCsVSA5THlkHbnkZTPm6-g,dktnOPfE7Dc,1,category,cat-v1,0.6,27
the vietnam war explained in 25 minutes  vietnam war documentary,https://www.youtube.com/watch?v=7tNTh6KlXXU,the life guide,https://www.youtube.com/channel/UCheAUBrk8xw6QhJIxEPsvhg,7tNTh6KlXXU,1,category,cat-v1,0.6,27
conflict in israel and palestine through 2015 crash course world history 223,https://www.youtube.com/watch?v=1wo2TLlMhiw,crashcourse,https://www.youtube.com/channel/UCX6b17PVsYBQ0ip5gyeme-Q,1wo2TLlMhiw,1,category,cat-v1,0.6,27
the five major world religions  john bellaimey,https://www.youtube.com/watch?v=m6dCxo7t_aE,teded,https://www.youtube.com/channel/UCsooa4yRKGN_zEE8iknghZA,m6dCxo7t_aE,1,category,cat-v1,0.6,27
islam the quran and the five pillars crash course world history 13,https://www.youtube.com/watch?v=TpcbfxtdoI8,crashcourse,https://www.youtube.com/channel/UCX6b17PVsYBQ0ip5gyeme-Q,TpcbfxtdoI8,1,category,cat-v1,0.6,27
the complete history of the roman empire in 4 hours  empire without limit full series,https://www.youtube.com/watch?v=P3IIRiSTc3g,odyssey  ancient history documentaries,https://www.youtube.com/channel/UCV-yCAXMS-nWrHtORuDfSuQ,P3IIRiSTc3g,1,category,cat-v1,0.6,27
a brief history of chess  alex gendler,https://www.youtube.com/watch?v=YeB-1F-UKO0,teded,https://www.youtube.com/channel/UCsooa4yRKGN_zEE8iknghZA,YeB-1F-UKO0,1,category,cat-v1,0.6,27
israel palestine conflict 1000 year history  jerusalem  gaza  west bank   dhruv rathee,https://www.youtube.com/watch?v=CISbbt1x2dc,dhruv rathee,https://www.youtube.com/channel/UC-CSyyi47VX1lD9zyeABW3w,CISbbt1x2dc,1,category,cat-v1,0.6,27
the atlantic slave trade what too few textbooks told you  anthony hazard,https://www.youtube.com/watch?v=3NXC4Q_4JVg,teded,https://www.youtube.com/channel/UCsooa4yRKGN_zEE8iknghZA,3NXC4Q_4JVg,1,category,cat-v1,0.6,27
the gilded age  full documentary  american experience  pbs,https://www.youtube.com/watch?v=yjpYzFtxfjU,american experience  pbs,https://www.youtube.com/channel/UC5zrlRzhT_cFI9zT6uQSijg,yjpYzFtxfjU,1,category,cat-v1,0.6,27
a day in the life of a roman soldier  robert garland,https://www.youtube.com/watch?v=P5e7cl19Ha0,teded,https://www.youtube.com/channel/UCsooa4yRKGN_zEE8iknghZA,P5e7cl19Ha0,1,category,cat-v1,0.6,27
how did hitler rise to power  alex gendler and anthony hazard,https://www.youtube.com/watch?v=jFICRFKtAc4,teded,https://www.youtube.com/channel/UCsooa4yRKGN_zEE8iknghZA,jFICRFKtAc4,1,category,cat-v1,0.6,27
capitalism and socialism crash course world history 33,https://www.youtube.com/watch?v=B3u4EFTwprM,crashcourse,https://www.youtube.com/channel/UCX6b17PVsYBQ0ip5gyeme-Q,B3u4EFTwprM,1,category,cat-v1,0.6,27
french revolution  why it happened  the dark reality  dhruv rathee,https://www.youtube.com/watch?v=pGzmmjDDHJg,dhruv rathee,https://www.youtube.com/channel/UC-CSyyi47VX1lD9zyeABW3w,pGzmmjDDHJg,1,category,cat-v1,0.6,27
the history of chocolate  deanna pucciarelli,https://www.youtube.com/watch?v=ibjUpk9Iagk,teded,https://www.youtube.com/channel/UCsooa4yRKGN_zEE8iknghZA,ibjUpk9Iagk,1,category,cat-v1,0.6,27
christianity from judaism to constantine crash course world history 11,https://www.youtube.com/watch?v=TG55ErfdaeY,crashcourse,https://www.youtube.com/channel/UCX6b17PVsYBQ0ip5gyeme-Q,TG55ErfdaeY,1,category,cat-v1,0.6,27
the french revolution crash course world history 29,https://www.youtube.com/watch?v=lTTvKwCylFY,crashcourse,https://www.youtube.com/channel/UCX6b17PVsYBQ0ip5gyeme-Q,lTTvKwCylFY,1,category,cat-v1,0.6,27
the history of the world according to cats  evamaria geigl,https://www.youtube.com/watch?v=Jsj-hDW9bS8,teded,https://www.youtube.com/channel/UCsooa4yRKGN_zEE8iknghZA,Jsj-hDW9bS8,1,category,cat-v1,0.6,27
world war ii short version,https://www.youtube.com/watch?v=AUXIuYHFgBE,geo history,https://www.youtube.com/channel/UC2Cl2g2xFTZoAEldxYVzQFg,AUXIuYHFgBE,1,category,cat-v1,0.6,27
the great conspiracy against julius caesar  kathryn tempest,https://www.youtube.com/watch?v=wgPymD-NBQU,teded,https://www.youtube.com/channel/UCsooa4yRKGN_zEE8iknghZA,wgPymD-NBQU,1,category,cat-v1,0.6,27
the rise and fall of the berlin wall  konrad h jarausch,https://www.youtube.com/watch?v=A9fQPzZ1-hg,teded,https://www.youtube.com/channel/UCsooa4yRKGN_zEE8iknghZA,A9fQPzZ1-hg,1,category,cat-v1,0.6,27
the constitution the articles and federalism crash course us history 8,https://www.youtube.com/watch?v=bO7FQsCcbD8,crashcourse,https://www.youtube.com/channel/UCX6b17PVsYBQ0ip5gyeme-Q,bO7FQsCcbD8,1,category,cat-v1,0.6,27
the entire history of the akkadians  ancient mesopotamia documentary,https://www.youtube.com/watch?v=Q-mAWItV2q0,history time,https://www.youtube.com/channel/UCN9v4QG3AQEP3zuRvVs2dAg,Q-mAWItV2q0,1,category,cat-v1,0.6,27
the entire history of human civilizations  ancient to modern 4k documentary full movie,https://www.youtube.com/watch?v=ha1NneZGm7A,beginning to now,https://www.youtube.com/channel/UC-QTh5HFiw28MwFrmFrRjzA,ha1NneZGm7A,1,category,cat-v1,0.6,27
indus valley civilization crash course world history 2,https://www.youtube.com/watch?v=n7ndRwqJYDM,crashcourse,https://www.youtube.com/channel/UCX6b17PVsYBQ0ip5gyeme-Q,n7ndRwqJYDM,1,category,cat-v1,0.6,27
what made the black death the plague so deadly,https://www.youtube.com/watch?v=m5q-PIN3KSE,the infographics show,https://www.youtube.com/channel/UCfdNM3NAhaBOXCafH7krzrA,m5q-PIN3KSE,1,category,cat-v1,0.6,27
mesopotamia crash course world history 3,https://www.youtube.com/watch?v=sohXPx_XZ6Y,crashcourse,https://www.youtube.com/channel/UCX6b17PVsYBQ0ip5gyeme-Q,sohXPx_XZ6Y,1,category,cat-v1,0.6,27
principles for dealing with the changing world order by ray dalio,https://www.youtube.com/watch?v=xguam0TKMw8,principles by ray dalio,https://www.youtube.com/channel/UCqvaXJ1K3HheTPNjH-KpwXQ,xguam0TKMw8,1,category,cat-v1,0.6,27
how the economic machine works by ray dalio,https://www.youtube.com/watch?v=PHe0bXAIuk0,principles by ray dalio,https://www.youtube.com/channel/UCqvaXJ1K3HheTPNjH-KpwXQ,PHe0bXAIuk0,1,category,cat-v1,0.6,27
the equation that beat wall street,https://www.youtube.com/watch?v=A5w-dEgIU1M,veritasium,https://www.youtube.com/channel/UCHnyfMqiRRG1u-2MsSQLbXA,A5w-dEgIU1M,1,category,cat-v1,0.6,27
mit has predicted that society will collapse in 2040  economics explained,https://www.youtube.com/watch?v=kVOTPAxrrP4,economics explained,https://www.youtube.com/channel/UCZ4AMrDcNrfy3X6nsU8-rPg,kVOTPAxrrP4,1,category,cat-v1,0.6,27
how does the stock market work  oliver elfenbaum,https://www.youtube.com/watch?v=p7HKvqRI_Bo,teded,https://www.youtube.com/channel/UCsooa4yRKGN_zEE8iknghZA,p7HKvqRI_Bo,1,category,cat-v1,0.6,27
banking explained – money and credit,https://www.youtube.com/watch?v=fTTGALaRZoc,kurzgesagt – in a nutshell,https://www.youtube.com/channel/UCsXVk37bltHxD1rDPwtNM8Q,fTTGALaRZoc,1,category,cat-v1,0.6,27
universal basic income explained – free money for everybody ubi,https://www.youtube.com/watch?v=kl39KHS07Xc,kurzgesagt – in a nutshell,https://www.youtube.com/channel/UCsXVk37bltHxD1rDPwtNM8Q,kl39KHS07Xc,1,category,cat-v1,0.6,27
why shampoo sachets cost ₹1 despite gst cut from 18 to 5  economy explained by dr mrunal patel,https://www.youtube.com/watch?v=WgzoZ_LwW-k,mrunal patel unacademy,https://www.youtube.com/channel/UCwDfgcUkKKTxPozU9UnQ8Pw,WgzoZ_LwW-k,1,category,cat-v1,0.6,27
intro to economics crash course econ 1,https://www.youtube.com/watch?v=3ez10ADR_gM,crashcourse,https://www.youtube.com/channel/UCX6b17PVsYBQ0ip5gyeme-Q,3ez10ADR_gM,1,category,cat-v1,0.6,27
why dollar is a global currency,https://www.youtube.com/watch?v=xtfUT3YRPFo,nitish rajput,https://www.youtube.com/channel/UC6WzPg6yxF9dQx2_O6R4lww,xtfUT3YRPFo,1,category,cat-v1,0.6,27
purchasing power parity concept economics money inflation gkhindi gkindia basicgyaan,https://www.youtube.com/watch?v=2JXBzizheBU,basic gyaan,https://www.youtube.com/channel/UCtBp5FUvxIQV-3Dn4K_43-A,2JXBzizheBU,1,category,cat-v1,0.6,27
how the dutch economy shows we cant reduce wealth inequality with taxes  economics explained,https://www.youtube.com/watch?v=Ot4qdCs54ZE,economics explained,https://www.youtube.com/channel/UCZ4AMrDcNrfy3X6nsU8-rPg,Ot4qdCs54ZE,1,category,cat-v1,0.6,27
young generations are now poorer than their parents and its changing our economies,https://www.youtube.com/watch?v=PkJlTKUaF3Q,economics explained,https://www.youtube.com/channel/UCZ4AMrDcNrfy3X6nsU8-rPg,PkJlTKUaF3Q,1,category,cat-v1,0.6,27
socialism an indepth explanation,https://www.youtube.com/watch?v=lrBRV3WK2x4,ryan chapman,https://www.youtube.com/channel/UC6FO-Up1-oLj5nNivCNHL-Q,lrBRV3WK2x4,1,category,cat-v1,0.6,27
the story of village palampur class 9 full chapter  class 9 economics chapter 1  cbse  ncert,https://www.youtube.com/watch?v=ZmJ1pNWltW8,sunlike study,https://www.youtube.com/channel/UC1XRRtnhJbVmmUt35uTPzJQ,ZmJ1pNWltW8,1,category,cat-v1,0.6,27
the rather pathetic economy of russia  economics explained,https://www.youtube.com/watch?v=ZAMz5kgb7V4,economics explained,https://www.youtube.com/channel/UCZ4AMrDcNrfy3X6nsU8-rPg,ZAMz5kgb7V4,1,category,cat-v1,0.6,27
how the worlds richest country lost 90 of its gdp,https://www.youtube.com/watch?v=Fe88ckTWyTU,economics explained,https://www.youtube.com/channel/UCZ4AMrDcNrfy3X6nsU8-rPg,Fe88ckTWyTU,1,category,cat-v1,0.6,27
gold explained finally,https://www.youtube.com/watch?v=JMObz0Dgq7M,johnny harris,https://www.youtube.com/channel/UCmGSJVG3mCRXVOP4yZrU1Dw,JMObz0Dgq7M,1,category,cat-v1,0.6,27
the new deal crash course us history 34,https://www.youtube.com/watch?v=6bMq9Ek6jnA,crashcourse,https://www.youtube.com/channel/UCX6b17PVsYBQ0ip5gyeme-Q,6bMq9Ek6jnA,1,category,cat-v1,0.6,27
how it happened  the 2008 financial crisis crash course economics 12,https://www.youtube.com/watch?v=GPOv72Awo68,crashcourse,https://www.youtube.com/channel/UCX6b17PVsYBQ0ip5gyeme-Q,GPOv72Awo68,1,category,cat-v1,0.6,27
supply and demand crash course economics 4,https://www.youtube.com/watch?v=g9aDizJpd_s,crashcourse,https://www.youtube.com/channel/UCX6b17PVsYBQ0ip5gyeme-Q,g9aDizJpd_s,1,category,cat-v1,0.6,27
soviet style economics was insane and here’s why,https://www.youtube.com/watch?v=KOZlobXa9iM,casual scholar,https://www.youtube.com/channel/UCcvczmsieHPRsrpc3v7GUmg,KOZlobXa9iM,1,category,cat-v1,0.6,27
development  full chapter  board exam 2023  class 10 economics chapter 1 202223,https://www.youtube.com/watch?v=jCYwHv_7vyY,magnet brains,https://www.youtube.com/channel/UC3HS6gQ79jjn4xHxogw0HiA,jCYwHv_7vyY,1,category,cat-v1,0.6,27
why can’t governments print unlimited money,https://www.youtube.com/watch?v=ghZZM7DFSpg,nitish rajput,https://www.youtube.com/channel/UC6WzPg6yxF9dQx2_O6R4lww,ghZZM7DFSpg,1,category,cat-v1,0.6,27
why you should be worried about chinas debt crisis  economics explained,https://www.youtube.com/watch?v=lbH_8Nj51HU,economics explained,https://www.youtube.com/channel/UCZ4AMrDcNrfy3X6nsU8-rPg,lbH_8Nj51HU,1,category,cat-v1,0.6,27
macroeconomics everything you need to know,https://www.youtube.com/watch?v=MKO1icFVtDc,jacob clifford,https://www.youtube.com/channel/UCCQEbqDL8i40d83Au55lYMQ,MKO1icFVtDc,1,category,cat-v1,0.6,27
the reagan revolution crash course us history 43,https://www.youtube.com/watch?v=2h4DkpFP_aw,crashcourse,https://www.youtube.com/channel/UCX6b17PVsYBQ0ip5gyeme-Q,2h4DkpFP_aw,1,category,cat-v1,0.6,27
monkey economics how bank work,https://www.youtube.com/watch?v=rWbZwFnI7dQ,monkey economics,https://www.youtube.com/channel/UCssa3kvvvzM5cUeOG-FnQIw,rWbZwFnI7dQ,1,category,cat-v1,0.6,27
microeconomics everything you need to know,https://www.youtube.com/watch?v=1UxA6JzoT-4,jacob clifford,https://www.youtube.com/channel/UCCQEbqDL8i40d83Au55lYMQ,1UxA6JzoT-4,1,category,cat-v1,0.6,27
what gives a dollar bill its value  doug levinson,https://www.youtube.com/watch?v=XNu5ppFZbHo,teded,https://www.youtube.com/channel/UCsooa4yRKGN_zEE8iknghZA,XNu5ppFZbHo,1,category,cat-v1,0.6,27
why türkiye is not fixing its hyperinflation problem  economics explained,https://www.youtube.com/watch?v=O4stI2TVPIc,economics explained,https://www.youtube.com/channel/UCZ4AMrDcNrfy3X6nsU8-rPg,O4stI2TVPIc,1,category,cat-v1,0.6,27
specialization and trade crash course economics 2,https://www.youtube.com/watch?v=NI9TLDIPVcs,crashcourse,https://www.youtube.com/channel/UCX6b17PVsYBQ0ip5gyeme-Q,NI9TLDIPVcs,1,category,cat-v1,0.6,27
china has a debt problem three times larger than evergrande  economics explained,https://www.youtube.com/watch?v=ITvXlax4ZXk,economics explained,https://www.youtube.com/channel/UCZ4AMrDcNrfy3X6nsU8-rPg,ITvXlax4ZXk,1,category,cat-v1,0.6,27
how has brexit been going  economics explained,https://www.youtube.com/watch?v=P0G3lYTOI0Q,economics explained,https://www.youtube.com/channel/UCZ4AMrDcNrfy3X6nsU8-rPg,P0G3lYTOI0Q,1,category,cat-v1,0.6,27
why everyone is leaving new zealand,https://www.youtube.com/watch?v=F_VUBpALcVE,economics explained,https://www.youtube.com/channel/UCZ4AMrDcNrfy3X6nsU8-rPg,F_VUBpALcVE,1,category,cat-v1,0.6,27
why the gulf states need to keep building big dumb mega projects  economics explained,https://www.youtube.com/watch?v=pnrAxfzHElo,economics explained,https://www.youtube.com/channel/UCZ4AMrDcNrfy3X6nsU8-rPg,pnrAxfzHElo,1,category,cat-v1,0.6,27
economics  development  full chapter explanation  digraj singh rajput  cbse 2024,https://www.youtube.com/watch?v=L-FGyJY0Thk,social school by unacademy,https://www.youtube.com/channel/UCShyhNzB2sJ-CUPAKjk42PA,L-FGyJY0Thk,1,category,cat-v1,0.6,27
something terrible is happening in italy,https://www.youtube.com/watch?v=mcsAO9AYc0c,economics explained,https://www.youtube.com/channel/UCZ4AMrDcNrfy3X6nsU8-rPg,mcsAO9AYc0c,1,category,cat-v1,0.6,27
macroeconomics crash course economics 5,https://www.youtube.com/watch?v=d8uTB5XorBw,crashcourse,https://www.youtube.com/channel/UCX6b17PVsYBQ0ip5gyeme-Q,d8uTB5XorBw,1,category,cat-v1,0.6,27
the pathetic economy of north korea,https://www.youtube.com/watch?v=5-fYte8dE2M,economics explained,https://www.youtube.com/channel/UCZ4AMrDcNrfy3X6nsU8-rPg,5-fYte8dE2M,1,category,cat-v1,0.6,27
1 introduction and supply  demand,https://www.youtube.com/watch?v=_OkTw766oCs,mit opencourseware,https://www.youtube.com/channel/UCEBb1b_L6zDS3xTUrIALZOw,_OkTw766oCs,1,category,cat-v1,0.6,27
hyperinflation is already here – you just havent realised it yet  economics explained,https://www.youtube.com/watch?v=1HmGLV46L60,economics explained,https://www.youtube.com/channel/UCZ4AMrDcNrfy3X6nsU8-rPg,1HmGLV46L60,1,category,cat-v1,0.6,27
the great depression in 12 minutes casual economics,https://www.youtube.com/watch?v=qF3ekm9Gx_E,casual economics,https://www.youtube.com/channel/UCo7FvfMJeTRhO-d7xT8IZlg,qF3ekm9Gx_E,1,category,cat-v1,0.6,27
india will not be the next china,https://www.youtube.com/watch?v=mtvmqI0PV2M,economics explained,https://www.youtube.com/channel/UCZ4AMrDcNrfy3X6nsU8-rPg,mtvmqI0PV2M,1,category,cat-v1,0.6,27
all of economics in 20 minutes,https://www.youtube.com/watch?v=NngM_qdDMm8,20 minute university,https://www.youtube.com/channel/UCYJ5QMtzbQbahCuPCulrlhw,NngM_qdDMm8,1,category,cat-v1,0.6,27
the psychology of money in 33 minutes  animated book summary,https://www.youtube.com/watch?v=jPPzvuDIr1w,antidote,https://www.youtube.com/channel/UCQUnqaW8Q33siyLYhisN7HQ,jPPzvuDIr1w,1,category,cat-v1,0.6,27
imports exports and exchange rates crash course economics 15,https://www.youtube.com/watch?v=geoe-6NBy10,crashcourse,https://www.youtube.com/channel/UCX6b17PVsYBQ0ip5gyeme-Q,geoe-6NBy10,1,category,cat-v1,0.6,27
chinas major tax problem  economics explained,https://www.youtube.com/watch?v=qMaWegICQHA,economics explained,https://www.youtube.com/channel/UCZ4AMrDcNrfy3X6nsU8-rPg,qMaWegICQHA,1,category,cat-v1,0.6,27
norway is it the perfect economy,https://www.youtube.com/watch?v=hKGwGAHznFQ,economics explained,https://www.youtube.com/channel/UCZ4AMrDcNrfy3X6nsU8-rPg,hKGwGAHznFQ,1,category,cat-v1,0.6,27
economics  sectors of indian economy  full chapter explanation  digraj singh rajput,https://www.youtube.com/watch?v=Kll5_iIJj2g,social school by unacademy,https://www.youtube.com/channel/UCShyhNzB2sJ-CUPAKjk42PA,Kll5_iIJj2g,1,category,cat-v1,0.6,27
intro to psychology crash course psychology 1,https://www.youtube.com/watch?v=vo4pMVb0R6M,crashcourse,https://www.youtube.com/channel/UCX6b17PVsYBQ0ip5gyeme-Q,vo4pMVb0R6M,1,category,cat-v1,0.6,27
the philosophy of stoicism  massimo pigliucci,https://www.youtube.com/watch?v=R9OCA6UFE-0,teded,https://www.youtube.com/channel/UCsooa4yRKGN_zEE8iknghZA,R9OCA6UFE-0,1,category,cat-v1,0.6,27
what is philosophy crash course philosophy 1,https://www.youtube.com/watch?v=1A_CAkYt3GY,crashcourse,https://www.youtube.com/channel/UCX6b17PVsYBQ0ip5gyeme-Q,1A_CAkYt3GY,1,category,cat-v1,0.6,27
existentialism crash course philosophy 16,https://www.youtube.com/watch?v=YaDvRdLMkHs,crashcourse,https://www.youtube.com/channel/UCX6b17PVsYBQ0ip5gyeme-Q,YaDvRdLMkHs,1,category,cat-v1,0.6,27
philosophy  plato,https://www.youtube.com/watch?v=VDiyQub6vpw,the school of life,https://www.youtube.com/channel/UC7IcJI8PUf5Z3zKxnZvTBog,VDiyQub6vpw,1,category,cat-v1,0.6,27
taoism  the philosophy of flow,https://www.youtube.com/watch?v=JtGtqmC5wU4,einzelgänger,https://www.youtube.com/channel/UCybBViio_TH_uiFFDJuz5tg,JtGtqmC5wU4,1,category,cat-v1,0.6,27
what is kafkaesque  the philosophy of franz kafka,https://www.youtube.com/watch?v=LaffA9EyUgo,pursuit of wonder,https://www.youtube.com/channel/UC-tLyAaPbRZiYrOJxAGB7dQ,LaffA9EyUgo,1,category,cat-v1,0.6,27
philosophy  nietzsche,https://www.youtube.com/watch?v=wHWbZmg2hzU,the school of life,https://www.youtube.com/channel/UC7IcJI8PUf5Z3zKxnZvTBog,wHWbZmg2hzU,1,category,cat-v1,0.6,27
utilitarianism crash course philosophy 36,https://www.youtube.com/watch?v=-a739VjqdSI,crashcourse,https://www.youtube.com/channel/UCX6b17PVsYBQ0ip5gyeme-Q,-a739VjqdSI,1,category,cat-v1,0.6,27
how to argue  philosophical reasoning crash course philosophy 2,https://www.youtube.com/watch?v=NKEhdsnKKHs,crashcourse,https://www.youtube.com/channel/UCX6b17PVsYBQ0ip5gyeme-Q,NKEhdsnKKHs,1,category,cat-v1,0.6,27
philosophy  aristotle,https://www.youtube.com/watch?v=csIW4W_DYX4,the school of life,https://www.youtube.com/channel/UC7IcJI8PUf5Z3zKxnZvTBog,csIW4W_DYX4,1,category,cat-v1,0.6,27
philosophy immanuel kant,https://www.youtube.com/watch?v=nsgAsw4XGvU,the school of life,https://www.youtube.com/channel/UC7IcJI8PUf5Z3zKxnZvTBog,nsgAsw4XGvU,1,category,cat-v1,0.6,27
kant  categorical imperatives crash course philosophy 35,https://www.youtube.com/watch?v=8bIys6JoEDw,crashcourse,https://www.youtube.com/channel/UCX6b17PVsYBQ0ip5gyeme-Q,8bIys6JoEDw,1,category,cat-v1,0.6,27
the harder you try the worse it gets  the philosophy of fyodor dostoevsky,https://www.youtube.com/watch?v=F9kfiUhmRO8,pursuit of wonder,https://www.youtube.com/channel/UC-tLyAaPbRZiYrOJxAGB7dQ,F9kfiUhmRO8,1,category,cat-v1,0.6,27
aristotle  virtue theory crash course philosophy 38,https://www.youtube.com/watch?v=PrvtOWEXDIQ,crashcourse,https://www.youtube.com/channel/UCX6b17PVsYBQ0ip5gyeme-Q,PrvtOWEXDIQ,1,category,cat-v1,0.6,27
becoming who you really are  the philosophy of friedrich nietzsche,https://www.youtube.com/watch?v=lUjoFzT0VNI,pursuit of wonder,https://www.youtube.com/channel/UC-tLyAaPbRZiYrOJxAGB7dQ,lUjoFzT0VNI,1,category,cat-v1,0.6,27
who am i a philosophical inquiry  amy adkins,https://www.youtube.com/watch?v=UHwVyplU3Pg,teded,https://www.youtube.com/channel/UCsooa4yRKGN_zEE8iknghZA,UHwVyplU3Pg,1,category,cat-v1,0.6,27
philosophy  michel foucault,https://www.youtube.com/watch?v=BBJTeNTZtGU,the school of life,https://www.youtube.com/channel/UC7IcJI8PUf5Z3zKxnZvTBog,BBJTeNTZtGU,1,category,cat-v1,0.6,27
4 hours of philosophy to fall asleep to taoism stoicism existentialism and more,https://www.youtube.com/watch?v=z867dlHCq9c,success chasers,https://www.youtube.com/channel/UCfCAy6CkaliVqbwqKT2VSYw,z867dlHCq9c,1,category,cat-v1,0.6,27
lec 1  mit 900sc introduction to psychology spring 2011,https://www.youtube.com/watch?v=2fbrl6WoIyo,mit opencourseware,https://www.youtube.com/channel/UCEBb1b_L6zDS3xTUrIALZOw,2fbrl6WoIyo,1,category,cat-v1,0.6,27
philosophy  soren kierkegaard,https://www.youtube.com/watch?v=D9JCwkx558o,the school of life,https://www.youtube.com/channel/UC7IcJI8PUf5Z3zKxnZvTBog,D9JCwkx558o,1,category,cat-v1,0.6,27
philosophy  hegel,https://www.youtube.com/watch?v=H5JGE3lhuNo,the school of life,https://www.youtube.com/channel/UC7IcJI8PUf5Z3zKxnZvTBog,H5JGE3lhuNo,1,category,cat-v1,0.6,27
day in the life of a psychology major,https://www.youtube.com/watch?v=tPTjhjFO_ss,gohar khan,https://www.youtube.com/channel/UCPk2s5c4R_d-EUUNvFFODoA,tPTjhjFO_ss,1,category,cat-v1,0.6,27
introduction to western philosophy  online course official trailer,https://www.youtube.com/watch?v=utKvDXhS62Y,hillsdale college,https://www.youtube.com/channel/UCudqVyQYnmi8NwWfd11Rmvw,utKvDXhS62Y,1,category,cat-v1,0.6,27
1 course introduction,https://www.youtube.com/watch?v=p2J7wSuFRl8,yalecourses,https://www.youtube.com/channel/UC4EY_qnSeAP1xGsh61eOoJA,p2J7wSuFRl8,1,category,cat-v1,0.6,27
do we have free will science  philosophy explained  dr vikas divyakirti interview  sufitramp,https://www.youtube.com/watch?v=a4AZ6rzVNlM,sufiyan alam,https://www.youtube.com/channel/UCRRmOsG2SPsWvNrUxBWhnRQ,a4AZ6rzVNlM,1,category,cat-v1,0.6,27
philosophy  heidegger,https://www.youtube.com/watch?v=Br1sGrA7XTU,the school of life,https://www.youtube.com/channel/UC7IcJI8PUf5Z3zKxnZvTBog,Br1sGrA7XTU,1,category,cat-v1,0.6,27
philosophy  augustine,https://www.youtube.com/watch?v=hBAxUBeVfsk,the school of life,https://www.youtube.com/channel/UC7IcJI8PUf5Z3zKxnZvTBog,hBAxUBeVfsk,1,category,cat-v1,0.6,27
critical thinking  fundamentals introduction to critical thinking hd,https://www.youtube.com/watch?v=Cum3k-Wglfw,wireless philosophy,https://www.youtube.com/channel/UCpvhlSLzg2LT89FNUuN-Sig,Cum3k-Wglfw,1,category,cat-v1,0.6,27
machiavelli  the prince of political philosophy documentary,https://www.youtube.com/watch?v=JaUhrGPs9Gc,the people profiles,https://www.youtube.com/channel/UCD6TPU-PvTMvqgzC_AM7_uA,JaUhrGPs9Gc,1,category,cat-v1,0.6,27
1 introduction to the society of mind,https://www.youtube.com/watch?v=-pb3z2w9gDg,mit opencourseware,https://www.youtube.com/channel/UCEBb1b_L6zDS3xTUrIALZOw,-pb3z2w9gDg,1,category,cat-v1,0.6,27
whats philosophy,https://www.youtube.com/watch?v=XdlfDlcaAAw,fiction beast,https://www.youtube.com/channel/UCZlodzngfsaCQAKE6wXiuMw,XdlfDlcaAAw,1,category,cat-v1,0.6,27
1 introduction,https://www.youtube.com/watch?v=4YY4CTSQ8nY,yalecourses,https://www.youtube.com/channel/UC4EY_qnSeAP1xGsh61eOoJA,4YY4CTSQ8nY,1,category,cat-v1,0.6,27
osho क्यों महान थे vikas divyakriti sir vikasdivyakirtisir upsc upsc,https://www.youtube.com/watch?v=jvWpS8PhuLw,jaideep sir के चेले,https://www.youtube.com/channel/UCTalMkWtVBlVml4kXs_1CUA,jvWpS8PhuLw,1,category,cat-v1,0.6,27
logic  philosophy tube,https://www.youtube.com/watch?v=q8NVy00tfdI,philosophy tube,https://www.youtube.com/channel/UC2PA-AKmVpU6NKCGtZq_rKQ,q8NVy00tfdI,1,category,cat-v1,0.6,27
7 philosophy books for beginners,https://www.youtube.com/watch?v=5RwlFfTF3T0,jared henderson,https://www.youtube.com/channel/UC2Kyj04yISmHr1V-UlJz4eg,5RwlFfTF3T0,1,category,cat-v1,0.6,27
méthode de philosophie  lintroduction de dissertation la base,https://www.youtube.com/watch?v=wzEfVx_6avU,mr b,https://www.youtube.com/channel/UCgqepp-2OzhdhJ258cOcPfQ,wzEfVx_6avU,1,category,cat-v1,0.6,27
the most influential philosophers explained in 26 minutes,https://www.youtube.com/watch?v=icqvSnMVCjk,jaydone history,https://www.youtube.com/channel/UC-q-_DVLrAfmVApgnJTIa9A,icqvSnMVCjk,1,category,cat-v1,0.6,27
1  introduction what is political philosophy,https://www.youtube.com/watch?v=xhm55mIdSuk,yalecourses,https://www.youtube.com/channel/UC4EY_qnSeAP1xGsh61eOoJA,xhm55mIdSuk,1,category,cat-v1,0.6,27
philosophy  epistemology introduction to theory of knowledge hd,https://www.youtube.com/watch?v=r_Y3utIeTPg,wireless philosophy,https://www.youtube.com/channel/UCpvhlSLzg2LT89FNUuN-Sig,r_Y3utIeTPg,1,category,cat-v1,0.6,27
introduction to metaphysics,https://www.youtube.com/watch?v=qKq0Afmsj-U,academy of ideas,https://www.youtube.com/channel/UCiRiQGCHGjDLT9FQXFW0I3A,qKq0Afmsj-U,1,category,cat-v1,0.6,27
tamar gendler an introduction to the philosophy of politics and economics  big think,https://www.youtube.com/watch?v=mm8asJxdcds,big think,https://www.youtube.com/channel/UCvQECJukTDE2i6aCoMnS-Vg,mm8asJxdcds,1,category,cat-v1,0.6,27
every greek philosopher explained in 5 minutes,https://www.youtube.com/watch?v=O7_C7i3Cm_g,the paint explainer,https://www.youtube.com/channel/UCnwUjPK7dXety-AJ4fNw_RQ,O7_C7i3Cm_g,1,category,cat-v1,0.6,27
socrates की philosophy आपकी ज़िंदगी बदल देगी  audiobook in hindi,https://www.youtube.com/watch?v=ZJkSFWH2SAs,audiobook legends,https://www.youtube.com/channel/UCuKUA9LDs8LNoPUfhlhpLVw,ZJkSFWH2SAs,1,category,cat-v1,0.6,27
alchemy  where to begin  introduction to the summa perfectionis sum of perfection pseudogeber,https://www.youtube.com/watch?v=CKDbXSgurys,esoterica,https://www.youtube.com/channel/UCoydhtfFSk1fZXNRnkGnneQ,CKDbXSgurys,1,category,cat-v1,0.6,27
kants moral philosophy,https://www.youtube.com/watch?v=d-vcItYxM9U,michael sugrue,https://www.youtube.com/channel/UCFaYLR_1aryjfB7hLrKGRaQ,d-vcItYxM9U,1,category,cat-v1,0.6,27
philosophy in one lecture,https://www.youtube.com/watch?v=AycTgPJtBP0,daniel bonevac,https://www.youtube.com/channel/UC3Jivn57V6HIAY_Id_XNkYQ,AycTgPJtBP0,1,category,cat-v1,0.6,27
philosophy दर्शनशास्त्र क्या है what is philosophy in hindi explained in hindi  logical funda ,https://www.youtube.com/watch?v=rpNW1zqId4g,logical funda,https://www.youtube.com/channel/UCyVuahQn0zI2Ixv9QTSjYGw,rpNW1zqId4g,1,category,cat-v1,0.6,27
think fast talk smart communication techniques,https://www.youtube.com/watch?v=HAnw168huqA,stanford graduate school of business,https://www.youtube.com/channel/UCGwuxdEeCf0TIA2RbPOj-8g,HAnw168huqA,1,category,cat-v1,0.6,27
justice whats the right thing to do episode 01 the moral side of murder,https://www.youtube.com/watch?v=kBdfcR-8hEY,harvard university,https://www.youtube.com/channel/UCLv7Gzc3VTO6ggFlXY0sOyw,kBdfcR-8hEY,1,category,cat-v1,0.6,27
the psychology of narcissism  w keith campbell,https://www.youtube.com/watch?v=arJLy3hX1E8,teded,https://www.youtube.com/channel/UCsooa4yRKGN_zEE8iknghZA,arJLy3hX1E8,1,category,cat-v1,0.6,27
lecture biblical series i introduction to the idea of god,https://www.youtube.com/watch?v=f-wWBGo6a2w,jordan b peterson,https://www.youtube.com/channel/UCL_f53ZEJxp8TtlOkHwMV9Q,f-wWBGo6a2w,1,category,cat-v1,0.6,27
1 introduction to the human brain,https://www.youtube.com/watch?v=ba-HMvDn_vU,mit opencourseware,https://www.youtube.com/channel/UCEBb1b_L6zDS3xTUrIALZOw,ba-HMvDn_vU,1,category,cat-v1,0.6,27
how to know your true friends  prof jordan peterson,https://www.youtube.com/watch?v=k5ukKf4vi6g,jordan peterson fan channel,https://www.youtube.com/channel/UCFh3dBRQToGvu8bjr-CdV4Q,k5ukKf4vi6g,1,category,cat-v1,0.6,27
2 behavioral evolution,https://www.youtube.com/watch?v=Y0Oa4Lp5fLE,stanford,https://www.youtube.com/channel/UC-EnprmCZ3OXyAoG7vjVNCA,Y0Oa4Lp5fLE,1,category,cat-v1,0.6,27
psychological research crash course psychology 2,https://www.youtube.com/watch?v=hFV71QPvX2I,crashcourse,https://www.youtube.com/channel/UCX6b17PVsYBQ0ip5gyeme-Q,hFV71QPvX2I,1,category,cat-v1,0.6,27
meet your master  getting to know your brain crash course psychology 4,https://www.youtube.com/watch?v=vHrmiy4W9C0,crashcourse,https://www.youtube.com/channel/UCX6b17PVsYBQ0ip5gyeme-Q,vHrmiy4W9C0,1,category,cat-v1,0.6,27
the chemical mind crash course psychology 3,https://www.youtube.com/watch?v=W4N-7AlzK7s,crashcourse,https://www.youtube.com/channel/UCX6b17PVsYBQ0ip5gyeme-Q,W4N-7AlzK7s,1,category,cat-v1,0.6,27
stanfords sapolsky on depression in us full lecture,https://www.youtube.com/watch?v=NOAgplgTxfc,stanford,https://www.youtube.com/channel/UC-EnprmCZ3OXyAoG7vjVNCA,NOAgplgTxfc,1,category,cat-v1,0.6,27
how to recover from depression,https://www.youtube.com/watch?v=TVgQ_tgWMyU,psychlopaediaorg,https://www.youtube.com/channel/UCd_XOjIb81hCJyWux1pn4Mg,TVgQ_tgWMyU,1,category,cat-v1,0.6,27
the psychology of money by morgan housel,https://www.youtube.com/watch?v=TJDcGv9OH4Q,the swedish investor,https://www.youtube.com/channel/UCAeAB8ABXGoGMbXuYPmiu2A,TJDcGv9OH4Q,1,category,cat-v1,0.6,27
personality disorders crash course psychology 34,https://www.youtube.com/watch?v=4E1JiDFxFGk,crashcourse,https://www.youtube.com/channel/UCX6b17PVsYBQ0ip5gyeme-Q,4E1JiDFxFGk,1,category,cat-v1,0.6,27
schizophrenia and dissociative disorders crash course psychology 32,https://www.youtube.com/watch?v=uxktavpRdzU,crashcourse,https://www.youtube.com/channel/UCX6b17PVsYBQ0ip5gyeme-Q,uxktavpRdzU,1,category,cat-v1,0.6,27
learn practical human psychology  personality development,https://www.youtube.com/watch?v=uc1lLq0zLZU,pushkar raj thakur stock market educator ,https://www.youtube.com/channel/UCEAAzv2OBqxsSczKJ2QZyGQ,uc1lLq0zLZU,1,category,cat-v1,0.6,27
15 human sexual behavior i,https://www.youtube.com/watch?v=LOY3QH_jOtE,stanford,https://www.youtube.com/channel/UC-EnprmCZ3OXyAoG7vjVNCA,LOY3QH_jOtE,1,category,cat-v1,0.6,27
psychological disorders crash course psychology 28,https://www.youtube.com/watch?v=wuhJ-GkRRQc,crashcourse,https://www.youtube.com/channel/UCX6b17PVsYBQ0ip5gyeme-Q,wuhJ-GkRRQc,1,category,cat-v1,0.6,27
trading psychology  why normal doesn’t make money  part 1,https://www.youtube.com/watch?v=xoGOZD7-3gY,cmc aureon,https://www.youtube.com/channel/UCENW0ZwwrW6NG52OJnRxNLg,xoGOZD7-3gY,1,category,cat-v1,0.6,27
top 3 tips from a psychologist with over 10 years of experience,https://www.youtube.com/watch?v=CKpfNGxGhCI,satvic yoga,https://www.youtube.com/channel/UCeP4oj6TsUlnlzQqUzKxUjg,CKpfNGxGhCI,1,category,cat-v1,0.6,27
psychology professors viral study techniques a students love it part 1,https://www.youtube.com/watch?v=rKFja-ZUGAk,motivation2study,https://www.youtube.com/channel/UC8PICQUP0a_HsrA9S4IIgWw,rKFja-ZUGAk,1,category,cat-v1,0.6,27
the difference between classical and operant conditioning  peggy andover,https://www.youtube.com/watch?v=H6LEcM0E0io,teded,https://www.youtube.com/channel/UCsooa4yRKGN_zEE8iknghZA,H6LEcM0E0io,1,category,cat-v1,0.6,27
lecture 2015 personality lecture 06 depth psychology carl jung part 01,https://www.youtube.com/watch?v=DC0faZiBcG0,jordan b peterson,https://www.youtube.com/channel/UCL_f53ZEJxp8TtlOkHwMV9Q,DC0faZiBcG0,1,category,cat-v1,0.6,27
becoming your true self  the psychology of carl jung,https://www.youtube.com/watch?v=uRDy4M5jI-g,pursuit of wonder,https://www.youtube.com/channel/UC-tLyAaPbRZiYrOJxAGB7dQ,uRDy4M5jI-g,1,category,cat-v1,0.6,27
2017 personality 01 introduction,https://www.youtube.com/watch?v=kYYJlNbV1OM,jordan b peterson,https://www.youtube.com/channel/UCL_f53ZEJxp8TtlOkHwMV9Q,kYYJlNbV1OM,1,category,cat-v1,0.6,27
 5 psychological tricks to read anyone  attitude sigma sigmarule shorts ytshorts trending,https://www.youtube.com/watch?v=U3wR2afE9M0,sigma secrets,https://www.youtube.com/channel/UCSdaqRQxbmhMbm6vbcImjqA,U3wR2afE9M0,1,category,cat-v1,0.6,27
how to read anyone instantly – nietzsche’s 18 psychological truths,https://www.youtube.com/watch?v=iYfPqg7aXH8,thynksee,https://www.youtube.com/channel/UCnCS0XNLmBhlGLURM9iCggg,iYfPqg7aXH8,1,category,cat-v1,0.6,27
why should you read human psychology,https://www.youtube.com/watch?v=7eyVp4PgcF4,unmasked perspectives by akshat,https://www.youtube.com/channel/UCY5LXxeDPXfFc9gruSe_FXQ,7eyVp4PgcF4,1,category,cat-v1,0.6,27
12 dark psychology hacks that always works  dark psychology by amy brown book summary,https://www.youtube.com/watch?v=M9u2-ymTbFs,seeken,https://www.youtube.com/channel/UCfhbydY40P2Lli9HuBz8cdA,M9u2-ymTbFs,1,category,cat-v1,0.6,27
why intelligent people scare society  schopenhauer,https://www.youtube.com/watch?v=LCgCeoxToek,psyphos,https://www.youtube.com/channel/UCqquYytT3saZbrw0E3MA5zg,LCgCeoxToek,1,category,cat-v1,0.6,27
1 introduction,https://www.youtube.com/watch?v=P3FKHH2RzjI,yalecourses,https://www.youtube.com/channel/UC4EY_qnSeAP1xGsh61eOoJA,P3FKHH2RzjI,1,category,cat-v1,0.6,27
5 mind blowing psychology facts about human behaviour  psychological facts  fact video  shorts,https://www.youtube.com/watch?v=oa6k1fCHRgg,study zone,https://www.youtube.com/channel/UCZDdZ9CqOX57kJk7qt1Ge3g,oa6k1fCHRgg,1,category,cat-v1,0.6,27
emotional intelligence from theory to everyday practice,https://www.youtube.com/watch?v=e8JMWtwdLQ4,yale university,https://www.youtube.com/channel/UCSh-dNnqe1agUSzPM01LgBA,e8JMWtwdLQ4,1,category,cat-v1,0.6,27
the difficult but interesting lives of intuitive introverts according to carl jung,https://www.youtube.com/watch?v=HqLK5dK6jZc,irevelato,https://www.youtube.com/channel/UCw79wPzgYB3Jh5RoE_lBaHw,HqLK5dK6jZc,1,category,cat-v1,0.6,27
3 foundations freud,https://www.youtube.com/watch?v=7emS3ye3cVU,yalecourses,https://www.youtube.com/channel/UC4EY_qnSeAP1xGsh61eOoJA,7emS3ye3cVU,1,category,cat-v1,0.6,27
2 foundations this is your brain,https://www.youtube.com/watch?v=vg01Q1BI4WM,yalecourses,https://www.youtube.com/channel/UC4EY_qnSeAP1xGsh61eOoJA,vg01Q1BI4WM,1,category,cat-v1,0.6,27
life changing tip from a psychologist,https://www.youtube.com/watch?v=7XoPJY-VM-A,dr julie,https://www.youtube.com/channel/UCl8TEoIOnMq_5ntJOYMq-Zg,7XoPJY-VM-A,1,category,cat-v1,0.6,27
personality definition personality example personality development organisational behaviour ob,https://www.youtube.com/watch?v=KaN2XdfW2rk,dwivedi guidance,https://www.youtube.com/channel/UChZKqB_5RTTgCbKDpQkyk2w,KaN2XdfW2rk,1,category,cat-v1,0.6,27
lec 2  mit 900sc introduction to psychology spring 2011,https://www.youtube.com/watch?v=syXplPKQb_o,mit opencourseware,https://www.youtube.com/channel/UCEBb1b_L6zDS3xTUrIALZOw,syXplPKQb_o,1,category,cat-v1,0.6,27
2015 personality lecture 07 depth psychology carl jung part 02,https://www.youtube.com/watch?v=CFHZyse4VGw,jordan b peterson,https://www.youtube.com/channel/UCL_f53ZEJxp8TtlOkHwMV9Q,CFHZyse4VGw,1,category,cat-v1,0.6,27
psyc 200 3 introduction to human behavior,https://www.youtube.com/watch?v=OlW917n6mpA,biola university,https://www.youtube.com/channel/UCKV0U8AoniJsHC32wkupUcg,OlW917n6mpA,1,category,cat-v1,0.6,27
whats psychology the full course,https://www.youtube.com/watch?v=5NvR33f5gLw,fiction beast,https://www.youtube.com/channel/UCZlodzngfsaCQAKE6wXiuMw,5NvR33f5gLw,1,category,cat-v1,0.6,27
what is personality  personality psychology,https://www.youtube.com/watch?v=dcsc_EsJmsA,practical psychology,https://www.youtube.com/channel/UCir93b_ftqInEaDpsWYbo_g,dcsc_EsJmsA,1,category,cat-v1,0.6,27
motivation complete lecture अभिप्रेरणा  cdp बाल विकास for reet  uptet dsssbkvs  ch18,https://www.youtube.com/watch?v=7x5b2LIQxiE,lets learn,https://www.youtube.com/channel/UCCUoz5ivpW5fbZIDGUTacbQ,7x5b2LIQxiE,1,category,cat-v1,0.6,27
introduction crash course us government and politics,https://www.youtube.com/watch?v=lrk4oY7UxpQ,crashcourse,https://www.youtube.com/channel/UCX6b17PVsYBQ0ip5gyeme-Q,lrk4oY7UxpQ,1,category,cat-v1,0.6,27
election process in india  types of elections  hindi,https://www.youtube.com/watch?v=T9Mn-9-pGRQ,basic gyaan,https://www.youtube.com/channel/UCtBp5FUvxIQV-3Dn4K_43-A,T9Mn-9-pGRQ,1,category,cat-v1,0.6,27
working of institutions class 9 full chapter animation  class 9 civics chapter 4  cbse  ncert,https://www.youtube.com/watch?v=_i7D7hOmYTg,sunlike study,https://www.youtube.com/channel/UC1XRRtnhJbVmmUt35uTPzJQ,_i7D7hOmYTg,1,category,cat-v1,0.6,27
how is power divided in the united states government  belinda stutzman,https://www.youtube.com/watch?v=HuFR5XBYLfU,teded,https://www.youtube.com/channel/UCsooa4yRKGN_zEE8iknghZA,HuFR5XBYLfU,1,category,cat-v1,0.6,27
federalism crash course government and politics 4,https://www.youtube.com/watch?v=J0gosGXSgsI,crashcourse,https://www.youtube.com/channel/UCX6b17PVsYBQ0ip5gyeme-Q,J0gosGXSgsI,1,category,cat-v1,0.6,27
working of institutions  full chapter  class 9 civics,https://www.youtube.com/watch?v=TzDfnRMpukE,magnet brains,https://www.youtube.com/channel/UC3HS6gQ79jjn4xHxogw0HiA,TzDfnRMpukE,1,category,cat-v1,0.6,27
constitution 101  lecture 1,https://www.youtube.com/watch?v=oU5gasRxYdU,hillsdale college,https://www.youtube.com/channel/UCudqVyQYnmi8NwWfd11Rmvw,oU5gasRxYdU,1,category,cat-v1,0.6,27
how a bill becomes a law crash course government and politics 9,https://www.youtube.com/watch?v=66f4-NKEYz4,crashcourse,https://www.youtube.com/channel/UCX6b17PVsYBQ0ip5gyeme-Q,66f4-NKEYz4,1,category,cat-v1,0.6,27
3 branches of government  kids educational video  kids academy,https://www.youtube.com/watch?v=OvwlRTYvU8o,kids academy,https://www.youtube.com/channel/UCqb89GqploCXgz4lsdR-_ww,OvwlRTYvU8o,1,category,cat-v1,0.6,27
the new parliament understanding through 3d upsc ias cse ips,https://www.youtube.com/watch?v=HufHK3vzNg4,studyiq ias,https://www.youtube.com/channel/UCrC8mOqJQpoB7NuIMKIS6rQ,HufHK3vzNg4,1,category,cat-v1,0.6,27
local government  panchayati raj vs municipalities explained in detail  hindi,https://www.youtube.com/watch?v=Y1Edy7MKSp4,basic gyaan,https://www.youtube.com/channel/UCtBp5FUvxIQV-3Dn4K_43-A,Y1Edy7MKSp4,1,category,cat-v1,0.6,27
working of institutions  new one shot  class 9 civics 202526,https://www.youtube.com/watch?v=oMqEsD-Utac,digraj singh rajput,https://www.youtube.com/channel/UCFYE2GR8F1YlKLQ3F7bvY9Q,oMqEsD-Utac,1,category,cat-v1,0.6,27
civics  working of institutions  full chapter explanation  digraj singh rajput,https://www.youtube.com/watch?v=PHNnP8e1ds0,social school by unacademy,https://www.youtube.com/channel/UCShyhNzB2sJ-CUPAKjk42PA,PHNnP8e1ds0,1,category,cat-v1,0.6,27
why do we need a parliament full chapter class 8 civics  cbse class 8 civics chapter 3,https://www.youtube.com/watch?v=RI_PmSxVu_c,magnet brains,https://www.youtube.com/channel/UC3HS6gQ79jjn4xHxogw0HiA,RI_PmSxVu_c,1,category,cat-v1,0.6,27
constitution for kids  what it is and why it matters,https://www.youtube.com/watch?v=jsTB7gSfDPI,homeschool pop,https://www.youtube.com/channel/UCfPyVJEBD7Di1YYjTdS2v8g,jsTB7gSfDPI,1,category,cat-v1,0.6,27
how do executive orders work  christina greer,https://www.youtube.com/watch?v=oyOf3g-PJ94,teded,https://www.youtube.com/channel/UCsooa4yRKGN_zEE8iknghZA,oyOf3g-PJ94,1,category,cat-v1,0.6,27
understanding the us constitution,https://www.youtube.com/watch?v=iww6deeEDDM,city of fort collins,https://www.youtube.com/channel/UC9yI7q_1fhS4KpfQp74mokQ,iww6deeEDDM,1,category,cat-v1,0.6,27
what is constitutionias constitution upsc youtubeshorts short,https://www.youtube.com/watch?v=Mn-uDQ0YDlM,mr sonumz,https://www.youtube.com/channel/UCK9rv6MgtToojnziB6Og0WA,Mn-uDQ0YDlM,1,category,cat-v1,0.6,27
panchayati raj full chapter class 6 civics  ncert civics class 6 chapter 5,https://www.youtube.com/watch?v=vffZRCFVp84,magnet brains,https://www.youtube.com/channel/UC3HS6gQ79jjn4xHxogw0HiA,vffZRCFVp84,1,category,cat-v1,0.6,27
foreign policy crash course government and politics 50,https://www.youtube.com/watch?v=PMhIQNkO_Y0,crashcourse,https://www.youtube.com/channel/UCX6b17PVsYBQ0ip5gyeme-Q,PMhIQNkO_Y0,1,category,cat-v1,0.6,27
structure of indian government  central and state  how indian government works  hindi,https://www.youtube.com/watch?v=ztP_Ah6k3pE,basic gyaan,https://www.youtube.com/channel/UCtBp5FUvxIQV-3Dn4K_43-A,ztP_Ah6k3pE,1,category,cat-v1,0.6,27
what is government full chapter class 6 civics  ncert civics class 6 chapter 3,https://www.youtube.com/watch?v=-kmw-3UC0fg,magnet brains,https://www.youtube.com/channel/UC3HS6gQ79jjn4xHxogw0HiA,-kmw-3UC0fg,1,category,cat-v1,0.6,27
introduction how the state government works  class 7 civics,https://www.youtube.com/watch?v=snwLf72yhRk,magnet brains,https://www.youtube.com/channel/UC3HS6gQ79jjn4xHxogw0HiA,snwLf72yhRk,1,category,cat-v1,0.6,27
the houses of the indian parliament  class 8  civics  learn with byjus,https://www.youtube.com/watch?v=L3CuZWuZUPs,byjus,https://www.youtube.com/channel/UCkDw-LPU1Nnd2WRsfnDbUcA,L3CuZWuZUPs,1,category,cat-v1,0.6,27
what is democracy,https://www.youtube.com/watch?v=8Eu6G5YrBt4,australian human rights commission,https://www.youtube.com/channel/UCUXdwdj5er652RaIg8EsU8g,8Eu6G5YrBt4,1,category,cat-v1,0.6,27
class 7 civics full chapter 3  how the state government works  in hindi  cbse,https://www.youtube.com/watch?v=-NHDDDJjVDo,magnet brains,https://www.youtube.com/channel/UC3HS6gQ79jjn4xHxogw0HiA,-NHDDDJjVDo,1,category,cat-v1,0.6,27
who is an mla  how the state government works  class 7 civics,https://www.youtube.com/watch?v=r58WTupD6rw,magnet brains,https://www.youtube.com/channel/UC3HS6gQ79jjn4xHxogw0HiA,r58WTupD6rw,1,category,cat-v1,0.6,27
introduction role of the government in health  class 7 civics,https://www.youtube.com/watch?v=nGGq9sklT80,magnet brains,https://www.youtube.com/channel/UC3HS6gQ79jjn4xHxogw0HiA,nGGq9sklT80,1,category,cat-v1,0.6,27
democracy 3d model socialstudiestlm besttlm democracyinindia tlmideas tlms tlmmodel shorts,https://www.youtube.com/watch?v=H0bU-4Y958c,school project by deepak s gupta,https://www.youtube.com/channel/UCCjrri5KK4dMzZrP8qsyH3g,H0bU-4Y958c,1,category,cat-v1,0.6,27
class 7 civics chapter 1  2  on equality  role of the government in health  full chapter,https://www.youtube.com/watch?v=bYe4BFafOd4,magnet brains,https://www.youtube.com/channel/UC3HS6gQ79jjn4xHxogw0HiA,bYe4BFafOd4,1,category,cat-v1,0.6,27
decentralisation in india  panchayati raj system in india federalism  civics class 10th 202324,https://www.youtube.com/watch?v=7Ozkuc86EZc,magnet brains,https://www.youtube.com/channel/UC3HS6gQ79jjn4xHxogw0HiA,7Ozkuc86EZc,1,category,cat-v1,0.6,27
federalism in the united states  us government and civics  khan academy,https://www.youtube.com/watch?v=y6tljCXVSdc,khan academy,https://www.youtube.com/channel/UC4a-Gbdw7vOaccHmFo40b9g,y6tljCXVSdc,1,category,cat-v1,0.6,27
class7th civics chapter 3 how the state government works full explanation हिंदी में,https://www.youtube.com/watch?v=eKa9bV1oHNw,learner bee ,https://www.youtube.com/channel/UCkdMuoqnTngKQbRhNz5GxiQ,eKa9bV1oHNw,1,category,cat-v1,0.6,27
how chinas government works,https://www.youtube.com/watch?v=_fqQEYNBb7Y,khanubis,https://www.youtube.com/channel/UCs_bV79AmugXVvjaASibPnw,_fqQEYNBb7Y,1,category,cat-v1,0.6,27
how the state government works  ncert solutions  class 7 civics chapter 3,https://www.youtube.com/watch?v=vTm0V7HO-eA,magnet brains,https://www.youtube.com/channel/UC3HS6gQ79jjn4xHxogw0HiA,vTm0V7HO-eA,1,category,cat-v1,0.6,27
introduction to the public policy process  us government and civics  khan academy,https://www.youtube.com/watch?v=ipm5Bk10Fio,khan academy,https://www.youtube.com/channel/UC4a-Gbdw7vOaccHmFo40b9g,ipm5Bk10Fio,1,category,cat-v1,0.6,27
american government 101,https://www.youtube.com/watch?v=e6L0Nj3wabQ,city of fort collins,https://www.youtube.com/channel/UC9yI7q_1fhS4KpfQp74mokQ,e6L0Nj3wabQ,1,category,cat-v1,0.6,27
class 6 civics chapter 3  types of government  what is government,https://www.youtube.com/watch?v=Eu4qiQuZ-7E,magnet brains,https://www.youtube.com/channel/UC3HS6gQ79jjn4xHxogw0HiA,Eu4qiQuZ-7E,1,category,cat-v1,0.6,27
how the roman government worked,https://www.youtube.com/watch?v=Kpb1ioOYRHc,khanubis,https://www.youtube.com/channel/UCs_bV79AmugXVvjaASibPnw,Kpb1ioOYRHc,1,category,cat-v1,0.6,27
ncert class 7 political science  polity  civics chapter 3 how the state government works,https://www.youtube.com/watch?v=gsIR6Q4LR1U,examrace upsc net ncert icse ,https://www.youtube.com/channel/UCja2jnO4XXv3WszxNIMwBIQ,gsIR6Q4LR1U,1,category,cat-v1,0.6,27
the purpose of government,https://www.youtube.com/watch?v=IAnjKNUQERY,pursuit of history,https://www.youtube.com/channel/UCXbQFmkRRipuQ902JBq1ckg,IAnjKNUQERY,1,category,cat-v1,0.6,27
local government  city and county roles in daily life,https://www.youtube.com/watch?v=gs6lqZEe4Rk,miacademy  miaprep learning channel,https://www.youtube.com/channel/UC6XTIVq86zJPKNeiPay1czQ,gs6lqZEe4Rk,1,category,cat-v1,0.6,27
organs of the central government  class 8  civics  learn with byjus,https://www.youtube.com/watch?v=G4qVLPFGuvY,byjus,https://www.youtube.com/channel/UCkDw-LPU1Nnd2WRsfnDbUcA,G4qVLPFGuvY,1,category,cat-v1,0.6,27
class 9 civics chapter 4  powers of the prime minister  working of institutions,https://www.youtube.com/watch?v=vf4nS5zYOWM,magnet brains,https://www.youtube.com/channel/UC3HS6gQ79jjn4xHxogw0HiA,vf4nS5zYOWM,1,category,cat-v1,0.6,27
class 9 civics chapter 1  what is democracy  what is democracy why democracy,https://www.youtube.com/watch?v=kodLRhtv_W0,magnet brains,https://www.youtube.com/channel/UC3HS6gQ79jjn4xHxogw0HiA,kodLRhtv_W0,1,category,cat-v1,0.6,27
worlds common types of government,https://www.youtube.com/watch?v=Bm15ifRfHkw,professorwhiz,https://www.youtube.com/channel/UCf52f2BdmBOE57bekoE1DHQ,Bm15ifRfHkw,1,category,cat-v1,0.6,27
10th std  civics  chapter 1 working of the constitution questions answers exercise from textbook,https://www.youtube.com/watch?v=8MddWiqfg3o,boost study skill,https://www.youtube.com/channel/UCezatk470GZ8va_cgl1666Q,8MddWiqfg3o,1,category,cat-v1,0.6,27
the state governments and its organs  class 8  civics  learn with byjus,https://www.youtube.com/watch?v=0mRiCJ22-6Y,byjus,https://www.youtube.com/channel/UCkDw-LPU1Nnd2WRsfnDbUcA,0mRiCJ22-6Y,1,category,cat-v1,0.6,27
ncert class 9 political science  polity  civics chapter 5 working of institutions  english,https://www.youtube.com/watch?v=kgQ5aRQq_M0,examrace upsc net ncert icse ,https://www.youtube.com/channel/UCja2jnO4XXv3WszxNIMwBIQ,kgQ5aRQq_M0,1,category,cat-v1,0.6,27
ha good try “fluento”  learnspanish comedy aprendeespañol spanish shortswithcamilla,https://www.youtube.com/watch?v=yxgAZpOJqIk,patry ruiz,https://www.youtube.com/channel/UCSdB8Xc2W_Vvf0IH0gtitng,yxgAZpOJqIk,1,category,cat-v1,0.6,27
aprende peque con isa spanish baby learning  primeras palabras bebé  first words,https://www.youtube.com/watch?v=Ow_LhCkmOp0,aprende peque,https://www.youtube.com/channel/UCmngKdHI41_dHy2FpMS5j-Q,Ow_LhCkmOp0,1,category,cat-v1,0.6,27
spanish alphabet song  spanish songs for kids by a native speaker,https://www.youtube.com/watch?v=BD9ULInjZTs,canta con jess,https://www.youtube.com/channel/UCLWBhJg8swHV31oGYcU6i5A,BD9ULInjZTs,1,category,cat-v1,0.6,27
spanish lesson  numbers 1100  los números del 1 al 100  compter jusquà 100 en espagnol,https://www.youtube.com/watch?v=PCEvP1n6N0g,learn spanish through music,https://www.youtube.com/channel/UCGsb_ijftvAK45QQQ7yqKpw,PCEvP1n6N0g,1,category,cat-v1,0.6,27
we’re doing our spanish lessons with this one ️ duolingo pinkfluffyunicorns languagelearning,https://www.youtube.com/watch?v=Db2aSfK8QFI,duolingo,https://www.youtube.com/channel/UCG98ruDeyp55THxbpBCIv3g,Db2aSfK8QFI,1,category,cat-v1,0.6,27
learn spanish in 10 minutes  all the basics you need,https://www.youtube.com/watch?v=t7-nb1wlnyA,learn spanish with spanishpod101com,https://www.youtube.com/channel/UCydVvh3Wg4VPvllLHFoe5_A,t7-nb1wlnyA,1,category,cat-v1,0.6,27
learn spanish alphabet and vowels with basho  friends  el alfabeto,https://www.youtube.com/watch?v=9LT9ltzFJTQ,basho  friends,https://www.youtube.com/channel/UCMdV1ynMzE4y0NoeTZa7GZA,9LT9ltzFJTQ,1,category,cat-v1,0.6,27
learn spanish for kids  numbers colors  more  rock n learn,https://www.youtube.com/watch?v=8yuiUvi568I,rock n learn,https://www.youtube.com/channel/UCExx109KH5msQR0n52ZzyAw,8yuiUvi568I,1,category,cat-v1,0.6,27
the colors in spanish  jack hartmann colors song  colores  spanish and english colors,https://www.youtube.com/watch?v=Jz69JxNznWA,jack hartmann kids music channel,https://www.youtube.com/channel/UCVcQH8A634mauPrGbWs7QlQ,Jz69JxNznWA,1,category,cat-v1,0.6,27
spanish for beginners  spanish 101 ep1,https://www.youtube.com/watch?v=hyLl_0d0EBw,aib,https://www.youtube.com/channel/UCF25AcGNwFB34HvTTj-0jfg,hyLl_0d0EBw,1,category,cat-v1,0.6,27
teaching spanish for everyone spanishwithjuank spanishvocabulary spanish,https://www.youtube.com/watch?v=U4c_bYPlkqs,spanish with juank,https://www.youtube.com/channel/UCjGNKZbzZIyNBj2riABMBNg,U4c_bYPlkqs,1,category,cat-v1,0.6,27
the spanish alphabet song  rock n learn,https://www.youtube.com/watch?v=fporIAdys9A,rock n learn,https://www.youtube.com/channel/UCExx109KH5msQR0n52ZzyAw,fporIAdys9A,1,category,cat-v1,0.6,27
learn how to say the letters and sounds in spanish,https://www.youtube.com/watch?v=hsLYD1Jyf3A,butterfly spanish,https://www.youtube.com/channel/UC9yudInUYzMh9H4gJs4DrHg,hsLYD1Jyf3A,1,category,cat-v1,0.6,27
learn spanish in 4 hours  all the spanish basics you need,https://www.youtube.com/watch?v=qE-03EATjho,learn spanish with spanishpod101com,https://www.youtube.com/channel/UCydVvh3Wg4VPvllLHFoe5_A,qE-03EATjho,1,category,cat-v1,0.6,27
spanish lesson  alphabet  el abecedario  learn spanish  lalphabet en espagnol,https://www.youtube.com/watch?v=X6PkRFzfpms,learn spanish through music,https://www.youtube.com/channel/UCGsb_ijftvAK45QQQ7yqKpw,X6PkRFzfpms,1,category,cat-v1,0.6,27
siete pasos y más música infantil  colección canciones para niños  52 minutos,https://www.youtube.com/watch?v=U7_kW8D3Ndg,super simple español  canciones infantiles y más,https://www.youtube.com/channel/UCyY3Wd5x85o8AKXjYSoxFAQ,U7_kW8D3Ndg,1,category,cat-v1,0.6,27
learn spanish for kids – body parts family  feelings  rock n learn,https://www.youtube.com/watch?v=aD5pRgDoYuw,rock n learn,https://www.youtube.com/channel/UCExx109KH5msQR0n52ZzyAw,aD5pRgDoYuw,1,category,cat-v1,0.6,27
days of the week in spanish  learning languages with gracie’s corner  nursery rhymes  kids songs,https://www.youtube.com/watch?v=rphHWuPyrog,gracies corner,https://www.youtube.com/channel/UCQ2FzqIvWSE7ysvL1sLWQ5Q,rphHWuPyrog,1,category,cat-v1,0.6,27
mi casa  aprende vocabulario de la casa  telelingo  spanish learning video for babies  toddlers,https://www.youtube.com/watch?v=mA4zgZJkTVE,telelingo,https://www.youtube.com/channel/UCDXwEaMgCXiTlkJc3Eujv1A,mA4zgZJkTVE,1,category,cat-v1,0.6,27
preschool learning  sing along  learn spanish  vocabulary  sel  musica  cartoon,https://www.youtube.com/watch?v=srgF0pSIkvY,canticos  bilingual nursery rhymes  kids songs,https://www.youtube.com/channel/UCFJJziTVsiIVSyRKvXHX37g,srgF0pSIkvY,1,category,cat-v1,0.6,27
learn how to say numbers in spanish,https://www.youtube.com/watch?v=iVyUMBmfDiY,butterfly spanish,https://www.youtube.com/channel/UC9yudInUYzMh9H4gJs4DrHg,iVyUMBmfDiY,1,category,cat-v1,0.6,27
7 days of the week in spanish  siete dias de la semana  jack hartmann,https://www.youtube.com/watch?v=SQbspMMdJU8,jack hartmann kids music channel,https://www.youtube.com/channel/UCVcQH8A634mauPrGbWs7QlQ,SQbspMMdJU8,1,category,cat-v1,0.6,27
apprendre lespagnol leçon 1 pour débutants hd,https://www.youtube.com/watch?v=MRW2f_UMjKc,¡aprende español con saby,https://www.youtube.com/channel/UChBBkfwGgJZ3mYQ_zksg6mw,MRW2f_UMjKc,1,category,cat-v1,0.6,27
learn spanish level 1 lesson 1,https://www.youtube.com/watch?v=Rj6pAX7aAkg,learn spanish,https://www.youtube.com/channel/UCQ4Wsh4cmy08Ard8vU_R-rw,Rj6pAX7aAkg,1,category,cat-v1,0.6,27
i did duolingo for 2000 days can i speak spanish,https://www.youtube.com/watch?v=y8cE5skIvok,evan edinger,https://www.youtube.com/channel/UCT7H_xchRHaT9zr5GalIZVA,y8cE5skIvok,1,category,cat-v1,0.6,27
best video for toddlers to count 1  5 learn colors in spanish  english  toy learning preschool,https://www.youtube.com/watch?v=Yg3jar0V5zk,kids learn and grow  educational videos,https://www.youtube.com/channel/UCGxE9I3vpwj9973SaW72tqg,Yg3jar0V5zk,1,category,cat-v1,0.6,27
learn spanish in 35 minutes the 100 everyday spanish sentences you need to know,https://www.youtube.com/watch?v=6_5FnCLLYoA,butterfly spanish,https://www.youtube.com/channel/UC9yudInUYzMh9H4gJs4DrHg,6_5FnCLLYoA,1,category,cat-v1,0.6,27
learn spanish in 30 minutes the 100 spanish phrases you need to know,https://www.youtube.com/watch?v=LGMKg6MUdxI,butterfly spanish,https://www.youtube.com/channel/UC9yudInUYzMh9H4gJs4DrHg,LGMKg6MUdxI,1,category,cat-v1,0.6,27
basic spanish  lesson 1  introductions  greetings,https://www.youtube.com/watch?v=QWEXFfqwh7w,culturealley,https://www.youtube.com/channel/UClXWAVAECiAHgcqmwz1iDNA,QWEXFfqwh7w,1,category,cat-v1,0.6,27
colors in spanish  language learners,https://www.youtube.com/watch?v=BD0efnwzi0k,language learners español,https://www.youtube.com/channel/UCPtNQbM6N0tzc-E-wgq_KWA,BD0efnwzi0k,1,category,cat-v1,0.6,27
speech basics first words and more all in spanish with miss nenna the engineer  spanish for minis,https://www.youtube.com/watch?v=5CR8DwRTlBo,miss nenna,https://www.youtube.com/channel/UCW1UHu3gNcbyITOK0vEvJBg,5CR8DwRTlBo,1,category,cat-v1,0.6,27
count to 100 in spanish  jack hartmann,https://www.youtube.com/watch?v=MP5JAL46nCM,jack hartmann kids music channel,https://www.youtube.com/channel/UCVcQH8A634mauPrGbWs7QlQ,MP5JAL46nCM,1,category,cat-v1,0.6,27
400 spanish phrases  learn spanish for beginners,https://www.youtube.com/watch?v=JVyYSLvdFo4,el maestro pablo ,https://www.youtube.com/channel/UCFS0eRHTcchOpM-FCck7pGA,JVyYSLvdFo4,1,category,cat-v1,0.6,27
mastering the verb ser  spanish for beginners ep2,https://www.youtube.com/watch?v=luj8bpvRQ34,aib,https://www.youtube.com/channel/UCF25AcGNwFB34HvTTj-0jfg,luj8bpvRQ34,1,category,cat-v1,0.6,27
learn spanish for kids  food activities  animals,https://www.youtube.com/watch?v=9U96AXr9eBM,rock n learn,https://www.youtube.com/channel/UCExx109KH5msQR0n52ZzyAw,9U96AXr9eBM,1,category,cat-v1,0.6,27
learn colors shapes  counting  spanish immersion for babies  toddlers  aprende en español,https://www.youtube.com/watch?v=NvoG4JGFnGA,telelingo,https://www.youtube.com/channel/UCDXwEaMgCXiTlkJc3Eujv1A,NvoG4JGFnGA,1,category,cat-v1,0.6,27
how to pronounce letters in spanish,https://www.youtube.com/watch?v=kJQjXAVEWt0,the language tutor  spanish,https://www.youtube.com/channel/UC_GFwrcNlXh92xA8iKFT2WA,kJQjXAVEWt0,1,category,cat-v1,0.6,27
learn all the basics in spanish spanish level 1,https://www.youtube.com/watch?v=ylKWkYVNzuk,butterfly spanish,https://www.youtube.com/channel/UC9yudInUYzMh9H4gJs4DrHg,ylKWkYVNzuk,1,category,cat-v1,0.6,27
learn spanish for kids – useful phrases for beginners,https://www.youtube.com/watch?v=BWOqJ3TTMmo,rock n learn,https://www.youtube.com/channel/UCExx109KH5msQR0n52ZzyAw,BWOqJ3TTMmo,1,category,cat-v1,0.6,27
uno to diez  doggyland kids songs  nursery rhymes by snoop dogg,https://www.youtube.com/watch?v=Hi0byO7dcGs,doggyland  kids songs  nursery rhymes,https://www.youtube.com/channel/UC9zs_bkRRTJa2kRsakFaFmw,Hi0byO7dcGs,1,category,cat-v1,0.6,27
animals for kids in spanish  bilingual spanish vocab for kids  compilation,https://www.youtube.com/watch?v=6r6RSRJ7G_I,learn spanish with smile and learn,https://www.youtube.com/channel/UCRHD-2CUQf--icdc553JVww,6r6RSRJ7G_I,1,category,cat-v1,0.6,27
learn speech basics songs and more all in spanish with miss nenna the engineer  en español,https://www.youtube.com/watch?v=4SPk-1aWEkU,miss nenna,https://www.youtube.com/channel/UCW1UHu3gNcbyITOK0vEvJBg,4SPk-1aWEkU,1,category,cat-v1,0.6,27
the ultimate spanish learning guide resources  tips,https://www.youtube.com/watch?v=mi7oRyDhBF0,anna lenkovska,https://www.youtube.com/channel/UCJZrgdE18ZCUKRBNEqeoOjA,mi7oRyDhBF0,1,category,cat-v1,0.6,27
numbers in spanish  language learners,https://www.youtube.com/watch?v=TtbKSVsXgiI,language learners español,https://www.youtube.com/channel/UCPtNQbM6N0tzc-E-wgq_KWA,TtbKSVsXgiI,1,category,cat-v1,0.6,27
wild animals in spanish  language learners,https://www.youtube.com/watch?v=2s4YpgDQZHg,language learners español,https://www.youtube.com/channel/UCPtNQbM6N0tzc-E-wgq_KWA,2s4YpgDQZHg,1,category,cat-v1,0.6,27
spanish phrases you can use for a lifetime — listen repeatedly and learn easily,https://www.youtube.com/watch?v=UxE3n6beo0k,kendras language school,https://www.youtube.com/channel/UCTYQzAi6YOcgv2mkzsfzmpA,UxE3n6beo0k,1,category,cat-v1,0.6,27
spanish lesson  numbers 120  los números del 1 al 20  compter jusquà 20 en espagnol,https://www.youtube.com/watch?v=8fPF1eGvLLM,learn spanish through music,https://www.youtube.com/channel/UCGsb_ijftvAK45QQQ7yqKpw,8fPF1eGvLLM,1,category,cat-v1,0.6,27
keep calm and relax learn spanish rain background edition,https://www.youtube.com/watch?v=8-VhELDvPa8,learn spanish world,https://www.youtube.com/channel/UC5B9ci_IO3AMHqGsifkHMJQ,8-VhELDvPa8,1,category,cat-v1,0.6,27
learn spanish verbs present past and future of ser estar tener ir,https://www.youtube.com/watch?v=K6SUsWizytA,butterfly spanish,https://www.youtube.com/channel/UC9yudInUYzMh9H4gJs4DrHg,K6SUsWizytA,1,category,cat-v1,0.6,27
mexican spanish vs filipino  have many words similar to spanish  learningspanish,https://www.youtube.com/watch?v=rkF_kgKKZkc,spanish with ana,https://www.youtube.com/channel/UCT2-qYuc-Sw_0S8HKz_YK6w,rkF_kgKKZkc,1,category,cat-v1,0.6,27
learn tenses in english grammar with examples  present tenses past tenses future tenses,https://www.youtube.com/watch?v=pXZtRXpGNck,dear sir,https://www.youtube.com/channel/UC9dyrsYEmD4iGJ8Oz1G5dpw,pXZtRXpGNck,1,category,cat-v1,0.6,27
18 आम बोल चाल के वाक्य 1minute english speaking practice kanchan english connection shorts,https://www.youtube.com/watch?v=-77FUE3E-88,english connection,https://www.youtube.com/channel/UCsUBoYj2kqgj72g6kgzGPMg,-77FUE3E-88,1,category,cat-v1,0.6,27
some common mistakes with prepositions  the knowledge spreader ,https://www.youtube.com/watch?v=gkJJHxiQSg4,tejasvi rajput,https://www.youtube.com/channel/UCupK5547qIX4jE58OxLJl9g,gkJJHxiQSg4,1,category,cat-v1,0.6,27
all tenses in 1 hour  tense in english grammar  present tense past tense and future tense,https://www.youtube.com/watch?v=67TgyZQaig4,english connection,https://www.youtube.com/channel/UCsUBoYj2kqgj72g6kgzGPMg,67TgyZQaig4,1,category,cat-v1,0.6,27
learn english grammar the 4 conditionals,https://www.youtube.com/watch?v=veTo6eWJQrM,learn english with gill · engvid,https://www.youtube.com/channel/UCzBGtBze1AIcDmRwD2ZjiAA,veTo6eWJQrM,1,category,cat-v1,0.6,27
day 1 basics of english  बिल्कुल zero से english सीखे। पहला दिन  60 days spoken english course,https://www.youtube.com/watch?v=OnSUWIyQqIc,mass study,https://www.youtube.com/channel/UCEW2Cv_FPFwqOrzJyZvjkPg,OnSUWIyQqIc,1,category,cat-v1,0.6,27
active and passive voice trick  active voice and passive voice in english grammar  dsssb rrb d,https://www.youtube.com/watch?v=My7XX_IzH4U,dear sir,https://www.youtube.com/channel/UC9dyrsYEmD4iGJ8Oz1G5dpw,My7XX_IzH4U,1,category,cat-v1,0.6,27
आगे खसकोगे  how to say in english phrasal verbs  english speaking practice  shorts ananya,https://www.youtube.com/watch?v=kHLjzHpaVIQ,learnex  english lessons through hindi,https://www.youtube.com/channel/UCtArm3-faI7bOK-6J-H-SPA,kHLjzHpaVIQ,1,category,cat-v1,0.6,27
basic english grammar have has had,https://www.youtube.com/watch?v=Nd4MScADY94,english with ronnie · englishlessons4u with engvid,https://www.youtube.com/channel/UC4cmBAit8i_NJZE8qK8sfpA,Nd4MScADY94,1,category,cat-v1,0.6,27
english speaking course day 1  spoken english guru day 1  english speaking practice class 1,https://www.youtube.com/watch?v=xTLK0iHLxFs,spoken english guru,https://www.youtube.com/channel/UCrcPCuPv0X4Lr3tommVK0lQ,xTLK0iHLxFs,1,category,cat-v1,0.6,27
english grammar course for beginners  basic english grammar,https://www.youtube.com/watch?v=AVYfyTvc9KY,shaw english online,https://www.youtube.com/channel/UC_OskgZBoS4dAnVUgJVexcw,AVYfyTvc9KY,1,category,cat-v1,0.6,27
whats your english level take this test,https://www.youtube.com/watch?v=NGUf8Ubw018,english lessons with kate,https://www.youtube.com/channel/UChLASBNU4ITm34gCOZxinSg,NGUf8Ubw018,1,category,cat-v1,0.6,27
food taste  vocabulary  english speaking practice  ananya vocabulary learnenglish learnex,https://www.youtube.com/watch?v=jhzlMb58-ek,learnex  english lessons through hindi,https://www.youtube.com/channel/UCtArm3-faI7bOK-6J-H-SPA,jhzlMb58-ek,1,category,cat-v1,0.6,27
पैर के 18 भागों के नाम अंग्रेजी में 18 parts of legs  kanchan spoken english connection shorts,https://www.youtube.com/watch?v=ttPMAyiX1xQ,english connection,https://www.youtube.com/channel/UCsUBoYj2kqgj72g6kgzGPMg,ttPMAyiX1xQ,1,category,cat-v1,0.6,27
noun  parts of speech  noun english grammar  hindidefinitionclausephrasetypeskindscase,https://www.youtube.com/watch?v=vsky5jW4muc,dear sir,https://www.youtube.com/channel/UC9dyrsYEmD4iGJ8Oz1G5dpw,vsky5jW4muc,1,category,cat-v1,0.6,27
sandeep dubey   basic english grammar lesson 1 use of is am are were was  english spoken classes,https://www.youtube.com/watch?v=U8qlmA4Q_k4,dr english,https://www.youtube.com/channel/UCxey-6Ass0Z7XZPy48WaT5g,U8qlmA4Q_k4,1,category,cat-v1,0.6,27
common mistakes in english  tejasvi rajput  ytshorts shorts language english communication,https://www.youtube.com/watch?v=rMDTj_eWQZQ,tejasvi rajput,https://www.youtube.com/channel/UCupK5547qIX4jE58OxLJl9g,rMDTj_eWQZQ,1,category,cat-v1,0.6,27
remember this grammar rule,https://www.youtube.com/watch?v=FdN6DAeirJg,gohar khan,https://www.youtube.com/channel/UCPk2s5c4R_d-EUUNvFFODoA,FdN6DAeirJg,1,category,cat-v1,0.6,27
simple compound and complex sentences  english grammar lessons  clauses in english grammar,https://www.youtube.com/watch?v=8boxlzOObMc,dear sir,https://www.youtube.com/channel/UC9dyrsYEmD4iGJ8Oz1G5dpw,8boxlzOObMc,1,category,cat-v1,0.6,27
funny conversation in english english englishgrammar viralvideo englishspeaking grammar ielts,https://www.youtube.com/watch?v=l9GPshXTrx0,bari english academy,https://www.youtube.com/channel/UC8TlLhW3BTZ2IDE7IyTvv2A,l9GPshXTrx0,1,category,cat-v1,0.6,27
at on  in  when do you use it english grammar test,https://www.youtube.com/watch?v=vm5VYIznqt4,lklogic,https://www.youtube.com/channel/UCPkctgt1mTeJWTGj4tq4dPQ,vm5VYIznqt4,1,category,cat-v1,0.6,27
master english speaking in 21 days 7 easy tips to speak english prashant kirad,https://www.youtube.com/watch?v=hM1hah6ELO8,exphub  prashant kirad,https://www.youtube.com/channel/UCgoyBmLOMNWmsiVkj-MezyQ,hM1hah6ELO8,1,category,cat-v1,0.6,27
preposition  preposition in hinditrickenglish grammardear sir  preposition of place  above to,https://www.youtube.com/watch?v=IGODTYMQaf0,dear sir,https://www.youtube.com/channel/UC9dyrsYEmD4iGJ8Oz1G5dpw,IGODTYMQaf0,1,category,cat-v1,0.6,27
do you speak british or american english when you pronounce these words,https://www.youtube.com/watch?v=jwIYWBdUoeo,english with lucy,https://www.youtube.com/channel/UCz4tgANd4yy8Oe0iXCdSWfA,jwIYWBdUoeo,1,category,cat-v1,0.6,27
english vocabulary test learnenglish englishteacher englishtest,https://www.youtube.com/watch?v=FVWcZXuZmv8,english lessons with kate,https://www.youtube.com/channel/UChLASBNU4ITm34gCOZxinSg,FVWcZXuZmv8,1,category,cat-v1,0.6,27
top preposition trickconcept  common english grammar mistakes  part2,https://www.youtube.com/watch?v=gZjqusANVnA,dear sir,https://www.youtube.com/channel/UC9dyrsYEmD4iGJ8Oz1G5dpw,gZjqusANVnA,1,category,cat-v1,0.6,27
pronoun  parts of speech  pronoun english grammar  definitionhinditypeskindsconcept,https://www.youtube.com/watch?v=TOsNcqImhzI,dear sir,https://www.youtube.com/channel/UC9dyrsYEmD4iGJ8Oz1G5dpw,TOsNcqImhzI,1,category,cat-v1,0.6,27
premium spoken english course   full coursepracticevideoin hindi  learn english speaking course,https://www.youtube.com/watch?v=91ptZp3Si0s,dear sir,https://www.youtube.com/channel/UC9dyrsYEmD4iGJ8Oz1G5dpw,91ptZp3Si0s,1,category,cat-v1,0.6,27
60 rules में पूरा grammar खत्म   ssc cgl chsl mts ib phase cds nda gd  by rani maam,https://www.youtube.com/watch?v=6OW1mJTLms0,english with rani mam,https://www.youtube.com/channel/UCvagVtkTsj3ASMTlhcIc-7A,6OW1mJTLms0,1,category,cat-v1,0.6,27
the verb forms “to be” in english grammar,https://www.youtube.com/watch?v=RAIuto7S3cM,lklogic,https://www.youtube.com/channel/UCPkctgt1mTeJWTGj4tq4dPQ,RAIuto7S3cM,1,category,cat-v1,0.6,27
basic english important lessonenglish grammar language education,https://www.youtube.com/watch?v=t7ecQ0CAo3M,madhumita ghosh,https://www.youtube.com/channel/UCvjj7ZhR4wIsHbnxIkRBxrA,t7ecQ0CAo3M,1,category,cat-v1,0.6,27
zero level से english सीखे  basic spoken english course  english lovers live ,https://www.youtube.com/watch?v=Qf-mbrg_kPg,english lovers,https://www.youtube.com/channel/UCyZ6lcMSjm0ecKjkXfwpoAg,Qf-mbrg_kPg,1,category,cat-v1,0.6,27
common english grammar mistakes made while speaking  writing english  english with ananya  shorts,https://www.youtube.com/watch?v=4FEZVVuAanc,learnex  english lessons through hindi,https://www.youtube.com/channel/UCtArm3-faI7bOK-6J-H-SPA,4FEZVVuAanc,1,category,cat-v1,0.6,27
day 2  आज से ही english बोलोगे। spoken english day 2। be verb  60 days english course,https://www.youtube.com/watch?v=TxFCpzIOh7Y,mass study,https://www.youtube.com/channel/UCEW2Cv_FPFwqOrzJyZvjkPg,TxFCpzIOh7Y,1,category,cat-v1,0.6,27
how to identify parts of speech  for beginners  basic english grammar in hindi  rani maam,https://www.youtube.com/watch?v=alozPFBFquE,english with rani mam,https://www.youtube.com/channel/UCvagVtkTsj3ASMTlhcIc-7A,alozPFBFquE,1,category,cat-v1,0.6,27
test your english grammar,https://www.youtube.com/watch?v=j01UlJroa8o,lklogic,https://www.youtube.com/channel/UCPkctgt1mTeJWTGj4tq4dPQ,j01UlJroa8o,1,category,cat-v1,0.6,27
verb  verbs in english grammar  verb forms in english  conceptdefinitiontypesagreementadvance,https://www.youtube.com/watch?v=CvZm15LrL1A,dear sir,https://www.youtube.com/channel/UC9dyrsYEmD4iGJ8Oz1G5dpw,CvZm15LrL1A,1,category,cat-v1,0.6,27
learn all the tenses in english complete course,https://www.youtube.com/watch?v=O9S70oJAivI,learn english with rebecca · engvid,https://www.youtube.com/channel/UCJtBaL1PPmTc1ff0nsihR0g,O9S70oJAivI,1,category,cat-v1,0.6,27
kichui pari na  english course  9 hours ,https://www.youtube.com/watch?v=WZiYlv5cjr0,englishboli,https://www.youtube.com/channel/UCalegAMCh5rNl1x7JDKCnDw,WZiYlv5cjr0,1,category,cat-v1,0.6,27
conjunctions in english grammar  conjunction in hindi  all conjunction english grammar,https://www.youtube.com/watch?v=XzVFbfdymas,dear sir,https://www.youtube.com/channel/UC9dyrsYEmD4iGJ8Oz1G5dpw,XzVFbfdymas,1,category,cat-v1,0.6,27
english sikhane ka tarikaenglish sikhne ka tarikaenglish speaking practiceenglish bolne ka tarika,https://www.youtube.com/watch?v=Oi0d0zdAsFU,learn english speaking,https://www.youtube.com/channel/UCBdyQWh4dYw6FKpoZvqjdlg,Oi0d0zdAsFU,1,category,cat-v1,0.6,27
whats your english level take this test,https://www.youtube.com/watch?v=NzTEZgFEr9k,brian wiles,https://www.youtube.com/channel/UCtxkIdWKrCjdHmc3WE9Vxbw,NzTEZgFEr9k,1,category,cat-v1,0.6,27
english grammar the prepositions on at in by,https://www.youtube.com/watch?v=sN5H7YTo_IQ,english with james · engvid,https://www.youtube.com/channel/UCwA7Aepp7nRUJNa8roQ-6Bw,sN5H7YTo_IQ,1,category,cat-v1,0.6,27
spoken english in telugu  zero to hero  day 1  tube english  online english speaking course,https://www.youtube.com/watch?v=J5FiHyZRKnw,tube english,https://www.youtube.com/channel/UCZs-gpSvS5eSfsAG_49ioKQ,J5FiHyZRKnw,1,category,cat-v1,0.6,27
modals  class 91011  short tricks  modals in english grammar  cbse dear sir,https://www.youtube.com/watch?v=padtwaoqogA,dear sir,https://www.youtube.com/channel/UC9dyrsYEmD4iGJ8Oz1G5dpw,padtwaoqogA,1,category,cat-v1,0.6,27
how to use me too and me neither correctly  english conversation english learnenglish 英語学習,https://www.youtube.com/watch?v=c1AAq_0MyXM,best english teacher,https://www.youtube.com/channel/UCIEIBlSMoebkNFsqHph54yg,c1AAq_0MyXM,1,category,cat-v1,0.6,27
english grammar lesson,https://www.youtube.com/watch?v=8Qdgjzac87I,jay fujiwara,https://www.youtube.com/channel/UCC5wphA09b5Hlvs6_RCS3cg,8Qdgjzac87I,1,category,cat-v1,0.6,27
3 types of tense shorts englishgrammar,https://www.youtube.com/watch?v=TIjsCofRxv8,edtechxplain,https://www.youtube.com/channel/UC2US6vOxCLAHahMEqzdrsAQ,TIjsCofRxv8,1,category,cat-v1,0.6,27
basics of english  english grammar course  best explanation  tensefull coursecompetitive exams,https://www.youtube.com/watch?v=3oIAICs8N9I,dear sir,https://www.youtube.com/channel/UC9dyrsYEmD4iGJ8Oz1G5dpw,3oIAICs8N9I,1,category,cat-v1,0.6,27
the sat question everyone got wrong,https://www.youtube.com/watch?v=FUHkTs-Ipfg,veritasium,https://www.youtube.com/channel/UCHnyfMqiRRG1u-2MsSQLbXA,FUHkTs-Ipfg,1,category,cat-v1,0.6,27
this sat question is easy but everyone gets it wrong satprep digitalsat,https://www.youtube.com/watch?v=qNipc3uUogo,your sat coach,https://www.youtube.com/channel/UCMnEHFaYicEJ0QRO7vwSYdQ,qNipc3uUogo,1,category,cat-v1,0.6,27
units digit of 4 math trick question  sat prep  justicethetutor math maths shorts,https://www.youtube.com/watch?v=q1VRIHhGOzc,justice shepard,https://www.youtube.com/channel/UC4UdwOtQsRxmhwkfTQXF5Qg,q1VRIHhGOzc,1,category,cat-v1,0.6,27
the trickiest question on the sat can you solve it satprep digitalsat satstrategy,https://www.youtube.com/watch?v=swZmfHgE_UU,your sat coach,https://www.youtube.com/channel/UCMnEHFaYicEJ0QRO7vwSYdQ,swZmfHgE_UU,1,category,cat-v1,0.6,27
sat vs gaokao,https://www.youtube.com/watch?v=fBVlIGufCuQ,gohar khan,https://www.youtube.com/channel/UCPk2s5c4R_d-EUUNvFFODoA,fBVlIGufCuQ,1,category,cat-v1,0.6,27
how fast can you crack this tricky sat question digitalsat satprep,https://www.youtube.com/watch?v=et7_N2S79xU,your sat coach,https://www.youtube.com/channel/UCMnEHFaYicEJ0QRO7vwSYdQ,et7_N2S79xU,1,category,cat-v1,0.6,27
the easiest question on the sat🤨,https://www.youtube.com/watch?v=UidCElWKF0E,your sat coach,https://www.youtube.com/channel/UCMnEHFaYicEJ0QRO7vwSYdQ,UidCElWKF0E,1,category,cat-v1,0.6,27
sat math test prep online crash course algebra  geometry study guide review functionsyoutube,https://www.youtube.com/watch?v=yBCAv_NzzPQ,the organic chemistry tutor,https://www.youtube.com/channel/UCEWpbFLzoYGPfuWUMFPSaoA,yBCAv_NzzPQ,1,category,cat-v1,0.6,27
the hardest problem on the sat  algebra  math,https://www.youtube.com/watch?v=PinQ_uU3pKM,justice shepard,https://www.youtube.com/channel/UC4UdwOtQsRxmhwkfTQXF5Qg,PinQ_uU3pKM,1,category,cat-v1,0.6,27
goodbye sat,https://www.youtube.com/watch?v=zb6YCQ4dCeE,gohar khan,https://www.youtube.com/channel/UCPk2s5c4R_d-EUUNvFFODoA,zb6YCQ4dCeE,1,category,cat-v1,0.6,27
ratio and proportion word problems  math,https://www.youtube.com/watch?v=JOZSFwuyqok,the organic chemistry tutor,https://www.youtube.com/channel/UCEWpbFLzoYGPfuWUMFPSaoA,JOZSFwuyqok,1,category,cat-v1,0.6,27
the only sat math desmos guide youll ever need,https://www.youtube.com/watch?v=-pGNBb8M3LQ,learnsatmath,https://www.youtube.com/channel/UCFi7uuVtKZQG1YuMVT9xWtA,-pGNBb8M3LQ,1,category,cat-v1,0.6,27
this question tanks perfect sat math scores,https://www.youtube.com/watch?v=3C2J4pb8GRk,your sat coach,https://www.youtube.com/channel/UCMnEHFaYicEJ0QRO7vwSYdQ,3C2J4pb8GRk,1,category,cat-v1,0.6,27
the sat question that ruins perfect scores digitalsat satprep,https://www.youtube.com/watch?v=Dfxbp3ui2CQ,your sat coach,https://www.youtube.com/channel/UCMnEHFaYicEJ0QRO7vwSYdQ,Dfxbp3ui2CQ,1,category,cat-v1,0.6,27
all of sat math explained in 26 minutes,https://www.youtube.com/watch?v=1bTkbmHx944,learnsatmath,https://www.youtube.com/channel/UCFi7uuVtKZQG1YuMVT9xWtA,1bTkbmHx944,1,category,cat-v1,0.6,27
geometry problem  finding the missing angle  sat prep  math problem,https://www.youtube.com/watch?v=PacSMXd1FIc,justice shepard,https://www.youtube.com/channel/UC4UdwOtQsRxmhwkfTQXF5Qg,PacSMXd1FIc,1,category,cat-v1,0.6,27
this easy sat question tricks 99 of test takers🤐 digitalsat satprep,https://www.youtube.com/watch?v=oTCqzPS4oQk,your sat coach,https://www.youtube.com/channel/UCMnEHFaYicEJ0QRO7vwSYdQ,oTCqzPS4oQk,1,category,cat-v1,0.6,27
my insane sat score progression shorts,https://www.youtube.com/watch?v=Qy6YzJCQBuI,hayden rhodea sat,https://www.youtube.com/channel/UC2d_AUhNXJevGBzPz6N5LQw,Qy6YzJCQBuI,1,category,cat-v1,0.6,27
m042 most confusing sat question math education,https://www.youtube.com/watch?v=aN0shKXdx98,brain station,https://www.youtube.com/channel/UCFdTgUEt2-UCVzPwQ8v9jFg,aN0shKXdx98,1,category,cat-v1,0.6,27
sat math prep  no calculator practice test 1,https://www.youtube.com/watch?v=2wejLVabgKM,steve crow,https://www.youtube.com/channel/UCvBNHVWMUhlbT7odzfM6v_Q,2wejLVabgKM,1,category,cat-v1,0.6,27
this impossible sat question ruins perfect scores,https://www.youtube.com/watch?v=-iiY2bqn9Wo,your sat coach,https://www.youtube.com/channel/UCMnEHFaYicEJ0QRO7vwSYdQ,-iiY2bqn9Wo,1,category,cat-v1,0.6,27
geometry introduction  basic overview  review for sat act eoc midterm final exam,https://www.youtube.com/watch?v=KtZai86htng,the organic chemistry tutor,https://www.youtube.com/channel/UCEWpbFLzoYGPfuWUMFPSaoA,KtZai86htng,1,category,cat-v1,0.6,27
every sat grammar rule in 15 minutes,https://www.youtube.com/watch?v=NLz8CRdMvuI,rishab jain discord,https://www.youtube.com/channel/UCyQG3qizZ9xae_0bZvz-akQ,NLz8CRdMvuI,1,category,cat-v1,0.6,27
this sat percent question is backwards,https://www.youtube.com/watch?v=Hs_OemW3qrw,your sat coach,https://www.youtube.com/channel/UCMnEHFaYicEJ0QRO7vwSYdQ,Hs_OemW3qrw,1,category,cat-v1,0.6,27
800 sat math scorer  math walkthrough  digital sat practice test 1,https://www.youtube.com/watch?v=xX27kssYDe0,hayden rhodea sat,https://www.youtube.com/channel/UC2d_AUhNXJevGBzPz6N5LQw,xX27kssYDe0,1,category,cat-v1,0.6,27
how to get a 1500 on the sat  how to study study plan motivation  section tips resources ,https://www.youtube.com/watch?v=F1H7k_O_Cis,joy zou,https://www.youtube.com/channel/UC68_nNB9mKLuCBy74PKy6YQ,F1H7k_O_Cis,1,category,cat-v1,0.6,27
complex perimeters made easy   sat  act math prep,https://www.youtube.com/watch?v=as2WgzniPVo,justice shepard,https://www.youtube.com/channel/UC4UdwOtQsRxmhwkfTQXF5Qg,as2WgzniPVo,1,category,cat-v1,0.6,27
99 of sat takers get tricked by this question  digitalsat satprep satstrategy,https://www.youtube.com/watch?v=Srr60tL_T1E,your sat coach,https://www.youtube.com/channel/UCMnEHFaYicEJ0QRO7vwSYdQ,Srr60tL_T1E,1,category,cat-v1,0.6,27
digital sat prep course from 1590 scorer  18 hours  part 1 of 2,https://www.youtube.com/watch?v=5g7sDt964Tg,hayden rhodea sat,https://www.youtube.com/channel/UC2d_AUhNXJevGBzPz6N5LQw,5g7sDt964Tg,1,category,cat-v1,0.6,27
sat math is so easy🤯,https://www.youtube.com/watch?v=erSa4hjBNa8,hayden rhodea sat,https://www.youtube.com/channel/UC2d_AUhNXJevGBzPz6N5LQw,erSa4hjBNa8,1,category,cat-v1,0.6,27
the easy sat question even top scorers get wrong digitalsat satprep,https://www.youtube.com/watch?v=Oq2YTb6PtTQ,your sat coach,https://www.youtube.com/channel/UCMnEHFaYicEJ0QRO7vwSYdQ,Oq2YTb6PtTQ,1,category,cat-v1,0.6,27
act math test prep,https://www.youtube.com/watch?v=SsA7rZ8kczM,the organic chemistry tutor,https://www.youtube.com/channel/UCEWpbFLzoYGPfuWUMFPSaoA,SsA7rZ8kczM,1,category,cat-v1,0.6,27
the sat geometry question that 90 skip,https://www.youtube.com/watch?v=x3M0XgfMxVY,your sat coach,https://www.youtube.com/channel/UCMnEHFaYicEJ0QRO7vwSYdQ,x3M0XgfMxVY,1,category,cat-v1,0.6,27
my secret digital sat hacks for 150 points,https://www.youtube.com/watch?v=HcG867qFZ5A,pratik vangal,https://www.youtube.com/channel/UCANgLJ3GA29oBa1L6-YKnmA,HcG867qFZ5A,1,category,cat-v1,0.6,27
youre studying for the sat wrong,https://www.youtube.com/watch?v=nqYpJv0IVf0,your sat coach,https://www.youtube.com/channel/UCMnEHFaYicEJ0QRO7vwSYdQ,nqYpJv0IVf0,1,category,cat-v1,0.6,27
the sneaky sat quadratic shortcut,https://www.youtube.com/watch?v=-aZgmvk6ZkE,your sat coach,https://www.youtube.com/channel/UCMnEHFaYicEJ0QRO7vwSYdQ,-aZgmvk6ZkE,1,category,cat-v1,0.6,27
the hardest sat question on the 2022 sat⏳ digitalsat satprep,https://www.youtube.com/watch?v=Z92ss7CUdsU,your sat coach,https://www.youtube.com/channel/UCMnEHFaYicEJ0QRO7vwSYdQ,Z92ss7CUdsU,1,category,cat-v1,0.6,27
the 1 strategy that helped me go from a 1270 to 1580 sat score,https://www.youtube.com/watch?v=Utrgwyhdrcw,elise pham,https://www.youtube.com/channel/UCQgwF5Od06EKCvhEh1tmQDw,Utrgwyhdrcw,1,category,cat-v1,0.6,27
digital sat prep course from a 1590 scorer ,https://www.youtube.com/watch?v=OKxQxpJULH8,hayden rhodea sat,https://www.youtube.com/channel/UC2d_AUhNXJevGBzPz6N5LQw,OKxQxpJULH8,1,category,cat-v1,0.6,27
acing the sat math so you can just copy me,https://www.youtube.com/watch?v=xhCNDDV-eoA,learnsatmath,https://www.youtube.com/channel/UCFi7uuVtKZQG1YuMVT9xWtA,xhCNDDV-eoA,1,category,cat-v1,0.6,27
the sat math questions everyone gets wrong,https://www.youtube.com/watch?v=dEoFBES-LW0,learnsatmath,https://www.youtube.com/channel/UCFi7uuVtKZQG1YuMVT9xWtA,dEoFBES-LW0,1,category,cat-v1,0.6,27
the most confusing sat question of 2025,https://www.youtube.com/watch?v=dIIHdOt5_1I,your sat coach,https://www.youtube.com/channel/UCMnEHFaYicEJ0QRO7vwSYdQ,dIIHdOt5_1I,1,category,cat-v1,0.6,27
the last sat desmos guide youll need,https://www.youtube.com/watch?v=e-O4nwVHQ-Y,james lu sat,https://www.youtube.com/channel/UCy0sBL6X8dxIGXrkJZN4urQ,e-O4nwVHQ-Y,1,category,cat-v1,0.6,27
insane sat score improvement ,https://www.youtube.com/watch?v=4Da9Ci88Zvs,hayden rhodea sat,https://www.youtube.com/channel/UC2d_AUhNXJevGBzPz6N5LQw,4Da9Ci88Zvs,1,category,cat-v1,0.6,27
slope of a line  math hack  sat  act prep shorts maths,https://www.youtube.com/watch?v=IcvqvWVr79A,justice shepard,https://www.youtube.com/channel/UC4UdwOtQsRxmhwkfTQXF5Qg,IcvqvWVr79A,1,category,cat-v1,0.6,27
how i got an 800 on sat math with only desmos,https://www.youtube.com/watch?v=U04SZfX-nv0,ping pong physics,https://www.youtube.com/channel/UCQxJAusYOWHI_Be1l9Wwy5A,U04SZfX-nv0,1,category,cat-v1,0.6,27
may sat math every sat circle question types  summarized  practices,https://www.youtube.com/watch?v=yzenpEt0bcU,john jung  the admission hackers,https://www.youtube.com/channel/UCyaDpuG_X60c-0I-MgZ696Q,yzenpEt0bcU,1,category,cat-v1,0.6,27
must know sat math question ⏳ digitalsat satprep,https://www.youtube.com/watch?v=czFGqDH-blM,your sat coach,https://www.youtube.com/channel/UCMnEHFaYicEJ0QRO7vwSYdQ,czFGqDH-blM,1,category,cat-v1,0.6,27
the forgotten sat math rule you need to know,https://www.youtube.com/watch?v=VSyVp_jS03M,your sat coach,https://www.youtube.com/channel/UCMnEHFaYicEJ0QRO7vwSYdQ,VSyVp_jS03M,1,category,cat-v1,0.6,27
what 20 years of piano practice looks like shorts,https://www.youtube.com/watch?v=-ms1oZ3VlCU,aylex thunder,https://www.youtube.com/channel/UCbK94KNsStVoiJhDy3bRUlA,-ms1oZ3VlCU,1,category,cat-v1,0.6,27
c major singalong  learn to sing solfege colors numbers letters   prodigies music lessons,https://www.youtube.com/watch?v=N7Cjgdde5pk,prodigies music lessons,https://www.youtube.com/channel/UCR_6C8MGPmasS-4QMKclRGw,N7Cjgdde5pk,1,category,cat-v1,0.6,27
daily practice 1 scales and triads,https://www.youtube.com/watch?v=3eT2NoTYwNA,the singing school,https://www.youtube.com/channel/UC1DFlISnNESQaY6oYz5-lTQ,3eT2NoTYwNA,1,category,cat-v1,0.6,27
the first fill every drummer learns easy beginner drum lesson,https://www.youtube.com/watch?v=zIjoCgeRXBQ,30 second drum lessons,https://www.youtube.com/channel/UCtzjlXAq5eTQuCTUXvZz9Eg,zIjoCgeRXBQ,1,category,cat-v1,0.6,27
how playing an instrument benefits your brain  anita collins,https://www.youtube.com/watch?v=R0JKCYZ8hng,teded,https://www.youtube.com/channel/UCsooa4yRKGN_zEE8iknghZA,R0JKCYZ8hng,1,category,cat-v1,0.6,27
how to use the caged system to play a solo,https://www.youtube.com/watch?v=0Qp26KcDrGw,spj guitar lessons,https://www.youtube.com/channel/UCM7inNEZgbA3_ZPp2D6IAlw,0Qp26KcDrGw,1,category,cat-v1,0.6,27
how to read music  tim hansen,https://www.youtube.com/watch?v=ZN41d7Txcq0,teded,https://www.youtube.com/channel/UCsooa4yRKGN_zEE8iknghZA,ZN41d7Txcq0,1,category,cat-v1,0.6,27
violin challenge goes wrong  violinlesson violinteacher violinstudents violinist music,https://www.youtube.com/watch?v=NSWSVcXvU0M,muso method pedagogy,https://www.youtube.com/channel/UC8sSeqYSv_XBP_P8prqC_Qg,NSWSVcXvU0M,1,category,cat-v1,0.6,27
songs that use 54 time,https://www.youtube.com/watch?v=KQ76-WiFTlo,david bennett music theory,https://www.youtube.com/channel/UCz2iUx-Imr6HgDC3zAFpjOw,KQ76-WiFTlo,1,category,cat-v1,0.6,27
marvelous music  caities classroom  music education for kids,https://www.youtube.com/watch?v=eNCZ9a1QyQw,super simple play with caitie,https://www.youtube.com/channel/UCxG6Tbopv4XcHfem65bgFeg,eNCZ9a1QyQw,1,category,cat-v1,0.6,27
japans favourite chord progression and why it works,https://www.youtube.com/watch?v=6aezSL_GvZA,david bennett music theory,https://www.youtube.com/channel/UCz2iUx-Imr6HgDC3zAFpjOw,6aezSL_GvZA,1,category,cat-v1,0.6,27
introduction to rhythm reading stage one,https://www.youtube.com/watch?v=4vZ5mlfZlgk,visual musical minds,https://www.youtube.com/channel/UCjUxQg9cHiOYqaRdtZ6pfoQ,4vZ5mlfZlgk,1,category,cat-v1,0.6,27
learn music w mr rob  sweet beets movement solfege hand signs nursery rhymes  prodigies music,https://www.youtube.com/watch?v=qb1n7BDsNo4,prodigies music lessons,https://www.youtube.com/channel/UCR_6C8MGPmasS-4QMKclRGw,qb1n7BDsNo4,1,category,cat-v1,0.6,27
the 7 levels of jazz harmony,https://www.youtube.com/watch?v=lz3WR-F_pnM,adam neely,https://www.youtube.com/channel/UCnkp4xDOwqqJD7sSM3xdUiQ,lz3WR-F_pnM,1,category,cat-v1,0.6,27
music theory in 16 minutes,https://www.youtube.com/watch?v=_eKTOMhpy2w,guy michelmore,https://www.youtube.com/channel/UCMHG0rJtVF1LohiP63FJakw,_eKTOMhpy2w,1,category,cat-v1,0.6,27
easy first piano lesson  for kids,https://www.youtube.com/watch?v=CuL6YJpiAIg,my music workshop,https://www.youtube.com/channel/UC4vN6uI_RB1A3BCRdeiUygw,CuL6YJpiAIg,1,category,cat-v1,0.6,27
songs that use the creep chord progression,https://www.youtube.com/watch?v=NyiEMdbfjG8,david bennett music theory,https://www.youtube.com/channel/UCz2iUx-Imr6HgDC3zAFpjOw,NyiEMdbfjG8,1,category,cat-v1,0.6,27
circle of fifths everything you need to know,https://www.youtube.com/watch?v=O43EBVnwNvo,brad harrison music,https://www.youtube.com/channel/UC5EEcOixvGwVFVsHXWYehHg,O43EBVnwNvo,1,category,cat-v1,0.6,27
jazz theory explained in 20 minutes,https://www.youtube.com/watch?v=RpObAWZ0SKM,jazz tutorial  julian bradley,https://www.youtube.com/channel/UCu1yiKjTRetsoZ-OSeOMmzg,RpObAWZ0SKM,1,category,cat-v1,0.6,27
how to read notes the easy way you weren’t taught,https://www.youtube.com/watch?v=PyOKefHURsg,pianote,https://www.youtube.com/channel/UC_DmCvOP5Q_eBMRDvqqRXjg,PyOKefHURsg,1,category,cat-v1,0.6,27
how to play piano beginner piano lesson,https://www.youtube.com/watch?v=tEtukfFv3Wk,pianote,https://www.youtube.com/channel/UC_DmCvOP5Q_eBMRDvqqRXjg,tEtukfFv3Wk,1,category,cat-v1,0.6,27
how basic chords work  music theory lesson 1,https://www.youtube.com/watch?v=5Y01jIorpeA,michael new,https://www.youtube.com/channel/UCNBiLBQrKrnvwcVRD5fS8aA,5Y01jIorpeA,1,category,cat-v1,0.6,27
better than caged introducing the 32 system the fastest way to learn your fretboard,https://www.youtube.com/watch?v=U0WALJX9QHU,pickup music,https://www.youtube.com/channel/UCSeHAIacSPWhnp2MeXj14Og,U0WALJX9QHU,1,category,cat-v1,0.6,27
practice 16th note triplets w el estepario siberiano ,https://www.youtube.com/watch?v=lhDScnu0LFE,drumeo,https://www.youtube.com/channel/UCBiJBaDaM3K6vPVggLhTyWA,lhDScnu0LFE,1,category,cat-v1,0.6,27
7 super common chord progressions and why they work,https://www.youtube.com/watch?v=Vyc8lezaa9g,david bennett music theory,https://www.youtube.com/channel/UCz2iUx-Imr6HgDC3zAFpjOw,Vyc8lezaa9g,1,category,cat-v1,0.6,27
musical fruits  rhythm syllables clapalong,https://www.youtube.com/watch?v=71fkBqZ_4K8,in unison music lessons,https://www.youtube.com/channel/UCwHBGpmobNVGYU57XAZ0n8w,71fkBqZ_4K8,1,category,cat-v1,0.6,27
i learnt how to read  write any music notation in just 15 minutes  ep 1  ☎️ 91 98719 45522,https://www.youtube.com/watch?v=_nq8sZJH1ho,akash maheshwari,https://www.youtube.com/channel/UCIWdUGYxCFDqwKnYdGLN8Uw,_nq8sZJH1ho,1,category,cat-v1,0.6,27
how to figure out the key of a song by ear on guitar  guitar ear training,https://www.youtube.com/watch?v=8Ldj9PLhI1I,samjamguitar,https://www.youtube.com/channel/UC0GTuqMzOHgV0pRVRbu3afw,8Ldj9PLhI1I,1,category,cat-v1,0.6,27
how to make really good melodies for beginners,https://www.youtube.com/watch?v=QqXWu5O3uyI,alex rome,https://www.youtube.com/channel/UCh1MtJ4rx4n4PQGYNYK_UXA,QqXWu5O3uyI,1,category,cat-v1,0.6,27
baby  toddler music class  lavender blues tv the pilot  official,https://www.youtube.com/watch?v=s-R-rIsZZZM,lavender blues music,https://www.youtube.com/channel/UCQi891fED-l6y0UGP-WUojg,s-R-rIsZZZM,1,category,cat-v1,0.6,27
how to read music  basics for beginners  music theory lesson,https://www.youtube.com/watch?v=tj34qrl43Jo,jjbartleymusic,https://www.youtube.com/channel/UC1aL52TnpX9X1H8f7ndbNzw,tj34qrl43Jo,1,category,cat-v1,0.6,27
a beginners guide to music theory,https://www.youtube.com/watch?v=n2z02J4fJwg,inspiraspir,https://www.youtube.com/channel/UCOXsGjFIo0PBeKe2mA3H9SQ,n2z02J4fJwg,1,category,cat-v1,0.6,27
try this 300yearold piano exercise,https://www.youtube.com/watch?v=hW9DHIPrkIQ,learn piano with jazer lee,https://www.youtube.com/channel/UC6tpkZhNpJiTnlUgoiUe9QQ,hW9DHIPrkIQ,1,category,cat-v1,0.6,27
how to write chord progressions  songwriting basics music theory diatonic chords,https://www.youtube.com/watch?v=M8eItITv8QA,signals music studio,https://www.youtube.com/channel/UCRDDHLvQb8HjE2r7_ZuNtWA,M8eItITv8QA,1,category,cat-v1,0.6,27
i wasted years on piano until i learned this,https://www.youtube.com/watch?v=ipcm-Ub22UY,learn piano with jazer lee,https://www.youtube.com/channel/UC6tpkZhNpJiTnlUgoiUe9QQ,ipcm-Ub22UY,1,category,cat-v1,0.6,27
the music theory iceberg explained,https://www.youtube.com/watch?v=NmeogiNhdHI,david bennett music theory,https://www.youtube.com/channel/UCz2iUx-Imr6HgDC3zAFpjOw,NmeogiNhdHI,1,category,cat-v1,0.6,27
careless whisper sax tutorial  saxplained,https://www.youtube.com/watch?v=B4i49KpCckk,saxplained,https://www.youtube.com/channel/UCUBrIs82cndTH2QjRt9RRFQ,B4i49KpCckk,1,category,cat-v1,0.6,27
aprenda teoria musical em 1 hora,https://www.youtube.com/watch?v=CYFcEyne4xc,milo andreo,https://www.youtube.com/channel/UC_P_VjGqCyjQyCwBUPu4lHg,CYFcEyne4xc,1,category,cat-v1,0.6,27
playing in every mode with one tiny scale shape guitar lesson  modes  music theory,https://www.youtube.com/watch?v=96cydVB4w-A,signals music studio,https://www.youtube.com/channel/UCRDDHLvQb8HjE2r7_ZuNtWA,96cydVB4w-A,1,category,cat-v1,0.6,27
 music notes explained   building blocks of music  green beans music,https://www.youtube.com/watch?v=Lt-fYFq6uYI,green beans music  childrens channel,https://www.youtube.com/channel/UCdC1eJ_YERtDSYQvgPgFKDQ,Lt-fYFq6uYI,1,category,cat-v1,0.6,27
rhythm practice with quarter notes and eighth notes  80 bpm,https://www.youtube.com/watch?v=8pyHJeYELTI,ricky gessler,https://www.youtube.com/channel/UCX8pvJpiRYW9-dzM0au7vMw,8pyHJeYELTI,1,category,cat-v1,0.6,27
ever wondered how a pro pianist learns interstellars cornfield chase on the spot  piano,https://www.youtube.com/watch?v=9Nlx7DfoT40,pianote,https://www.youtube.com/channel/UC_DmCvOP5Q_eBMRDvqqRXjg,9Nlx7DfoT40,1,category,cat-v1,0.6,27
desmos music,https://www.youtube.com/watch?v=emBwZmXgA6Q,andy math,https://www.youtube.com/channel/UC6KhU3AMLHC-qv7tj0ZJduw,emBwZmXgA6Q,1,category,cat-v1,0.6,27
what is swing swing explained in 2 minutes music theory,https://www.youtube.com/watch?v=bGiPJZ-wRb4,dave wave,https://www.youtube.com/channel/UCnLFGBfJj_DdkWxBh6QBjRA,bGiPJZ-wRb4,1,category,cat-v1,0.6,27
how to train your dragon is a masterclass in theme writing,https://www.youtube.com/watch?v=k87EZ5hm_BM,charles cornell,https://www.youtube.com/channel/UC4PIiYewI1YGyiZvgNlJNrA,k87EZ5hm_BM,1,category,cat-v1,0.6,27
modal interchange  music with myles,https://www.youtube.com/watch?v=1dRA28cdt5c,music with myles,https://www.youtube.com/channel/UCcGlLQgO9bzynCw6TYj1qnQ,1dRA28cdt5c,1,category,cat-v1,0.6,27
this song teaches counting but is insanely hard to count,https://www.youtube.com/watch?v=TMtGImlEmu0,charles cornell,https://www.youtube.com/channel/UC4PIiYewI1YGyiZvgNlJNrA,TMtGImlEmu0,1,category,cat-v1,0.6,27
1 learn free music theory,https://www.youtube.com/watch?v=6gHEIF0rT2w,andrew furmanczyk,https://www.youtube.com/channel/UCpzgTNTgQsR9YYsyOm3k3KQ,6gHEIF0rT2w,1,category,cat-v1,0.6,27
rhythm rule for better melodies,https://www.youtube.com/watch?v=WTj-b6oD-Ks,hack music theory,https://www.youtube.com/channel/UCDKiHSPstsj0silp519gt6w,WTj-b6oD-Ks,1,category,cat-v1,0.6,27
i didnt know where chords came from until i knew this,https://www.youtube.com/watch?v=2hs-9tsRmW8,ricky comiskey,https://www.youtube.com/channel/UCRONOgjwqfMTFuK0ZNSSqZw,2hs-9tsRmW8,1,category,cat-v1,0.6,27
¡aprende como tocar guitarra en solo 20 minutos el mejor tutorial para principiantes,https://www.youtube.com/watch?v=S_QIaGgLJ-0,tus clases de guitarra,https://www.youtube.com/channel/UC3k4Tn0XRZ2urVwBLY5s9Zw,S_QIaGgLJ-0,1,category,cat-v1,0.6,27
titanic theme  my heart will go on guitar tutorial  tabs christianvib,https://www.youtube.com/watch?v=ggwDHh7yNiU,christianvib,https://www.youtube.com/channel/UC2VKCoZND5PENxAXLl8r6Jw,ggwDHh7yNiU,1,category,cat-v1,0.6,27
guitar chords,https://www.youtube.com/watch?v=qAlyjGrThGo,guitar compass,https://www.youtube.com/channel/UCYTXmW1Rvx0BOGboUfzlAAQ,qAlyjGrThGo,1,category,cat-v1,0.6,27
super easy first guitar lesson  guitar lessons for beginners  stage 1  the d chord,https://www.youtube.com/watch?v=yh6sPqDEZCY,justinguitar,https://www.youtube.com/channel/UCBNkm8o5LiEVLxO8w0p2sfQ,yh6sPqDEZCY,1,category,cat-v1,0.6,27
fingerpicking for beginnersplay guitar in 12 minutes,https://www.youtube.com/watch?v=Z7xm_juNcPY,acoustic guitar videos lessons,https://www.youtube.com/channel/UCzW9550lVYzynQiytup5Slg,Z7xm_juNcPY,1,category,cat-v1,0.6,27
first guitar lesson for absolute beginners  lesson 1 in hindi by veer kumar,https://www.youtube.com/watch?v=8W5apZaHs9s,veer kumar,https://www.youtube.com/channel/UCipTNTWkEbIPIGES3B8f2Bw,8W5apZaHs9s,1,category,cat-v1,0.6,27
how to play the last of us  main theme guitar tutorial tabs fingerstyle,https://www.youtube.com/watch?v=Ou8zCdy49LE,soviet guitar,https://www.youtube.com/channel/UCgsjvY2qODbkIv8AYkxpNmQ,Ou8zCdy49LE,1,category,cat-v1,0.6,27
guitar tuner  tune standard guitar online  e a d g b e,https://www.youtube.com/watch?v=fvF2V3X1FCk,guitar mastery method,https://www.youtube.com/channel/UCZ-be6RDs0fULHUfkMTmRkg,fvF2V3X1FCk,1,category,cat-v1,0.6,27
let her go  easy guitar chords and lyrics,https://www.youtube.com/watch?v=gPUjA7fZ3tw,easy guitar chords and lyrics,https://www.youtube.com/channel/UC4PUP76IVavhanExfKOVVGg,gPUjA7fZ3tw,1,category,cat-v1,0.6,27
beginner guitar lessons  stage 1 the a chord  your second super easy guitar chord bc112,https://www.youtube.com/watch?v=VkkOFLouQDs,justinguitar,https://www.youtube.com/channel/UCBNkm8o5LiEVLxO8w0p2sfQ,VkkOFLouQDs,1,category,cat-v1,0.6,27
happy birthday easy guitar tutorial how to play,https://www.youtube.com/watch?v=35pI-MrsdKo,andy guitar,https://www.youtube.com/channel/UC9cvVvlvr-qBssphm1EdYGQ,35pI-MrsdKo,1,category,cat-v1,0.6,27
sweet child o mine guitar lesson pt1  guns n roses  intro  slash,https://www.youtube.com/watch?v=iWxMMWOmkNQ,guitarlessons365song,https://www.youtube.com/channel/UCYqDqs59rgZ3_7hJugnbXog,iWxMMWOmkNQ,1,category,cat-v1,0.6,27
the loser ukulele tutorial  verzache zach farache shorts ukulele tutorial,https://www.youtube.com/watch?v=p1UwXB6zOWE,kaseys music method,https://www.youtube.com/channel/UCJgTLRae1PrLIXkQnvmYWeg,p1UwXB6zOWE,1,category,cat-v1,0.6,27
basic guitar tutorial pano mag gitara step by step for beginners,https://www.youtube.com/watch?v=kb4dIQH65q4,pareng don tutorials,https://www.youtube.com/channel/UCkvlztyYGV01Cwc9BChT0Wg,kb4dIQH65q4,1,category,cat-v1,0.6,27
stairway to heaven guitar lesson pt1  intro first half  led zeppelin,https://www.youtube.com/watch?v=AV-0Nfslshs,guitarlessons365song,https://www.youtube.com/channel/UCYqDqs59rgZ3_7hJugnbXog,AV-0Nfslshs,1,category,cat-v1,0.6,27
10000  reasons lyrics and chords praise and worship time,https://www.youtube.com/watch?v=5TCrlF-XIyc,manuel lapingcao,https://www.youtube.com/channel/UCmcEJ3IdfIflzbDQQd4ApaA,5TCrlF-XIyc,1,category,cat-v1,0.6,27
john frusciante blew my mind again ,https://www.youtube.com/watch?v=nqLFjfefL7c,paul davids,https://www.youtube.com/channel/UC_Oa7Ph3v94om5OyxY1nPKg,nqLFjfefL7c,1,category,cat-v1,0.6,27
15 1 string guitar songs – beginners guitar songs – easy songs to play on guitar,https://www.youtube.com/watch?v=BnZ61MBYGRk,essential guitar lessons,https://www.youtube.com/channel/UCjKQ81RGEyZE8szgEGjmADw,BnZ61MBYGRk,1,category,cat-v1,0.6,27
beginners first guitar lesson  the easiest 2 chords on guitar,https://www.youtube.com/watch?v=sLSFOCyNC8Q,andy guitar,https://www.youtube.com/channel/UC9cvVvlvr-qBssphm1EdYGQ,sLSFOCyNC8Q,1,category,cat-v1,0.6,27
3 ways of playing f chord  guitar lesson  guitar for beginners stage 6 bc161,https://www.youtube.com/watch?v=ecPzu9sTKbo,justinguitar,https://www.youtube.com/channel/UCBNkm8o5LiEVLxO8w0p2sfQ,ecPzu9sTKbo,1,category,cat-v1,0.6,27
electric guitars types everything you must know,https://www.youtube.com/watch?v=hEOuGs7m8bw,paul davids,https://www.youtube.com/channel/UC_Oa7Ph3v94om5OyxY1nPKg,hEOuGs7m8bw,1,category,cat-v1,0.6,27
essential hand stretches for guitarists or any instrumentalist,https://www.youtube.com/watch?v=TSrfB7JIzxY,guitarlessons365,https://www.youtube.com/channel/UCvnfBBzEizi1T5unOXNCxdQ,TSrfB7JIzxY,1,category,cat-v1,0.6,27
guitar lesson 1  playing 2 most easiest chords  guitar lessons for beginners  frontrow,https://www.youtube.com/watch?v=w-Zt5Kbf3TM,siff guitar,https://www.youtube.com/channel/UCAY_1vrUoOxjaKMnjKWovDQ,w-Zt5Kbf3TM,1,category,cat-v1,0.6,27
 easy g chord – 1finger beginner hack ,https://www.youtube.com/watch?v=qY_LriRrDh4,guitar geek academy,https://www.youtube.com/channel/UCP7iuNuGZ-314k4yuztZkoA,qY_LriRrDh4,1,category,cat-v1,0.6,27
perfect by ed sheeran easy guitar tutorial,https://www.youtube.com/watch?v=5Sqld0UXnSM,bernadette teaches music,https://www.youtube.com/channel/UCHF88ovEEPETzNtEUbgGBuw,5Sqld0UXnSM,1,category,cat-v1,0.6,27
how everyone can play the funk beginner to pro,https://www.youtube.com/watch?v=ADR4-sIXoPE,paul davids,https://www.youtube.com/channel/UC_Oa7Ph3v94om5OyxY1nPKg,ADR4-sIXoPE,1,category,cat-v1,0.6,27
how to make a guitar at home in 5 minutes theworldofchinese,https://www.youtube.com/watch?v=haPOjfKB-_k,hades,https://www.youtube.com/channel/UCEb8kqgdgNiZ_GNQt_rACpA,haPOjfKB-_k,1,category,cat-v1,0.6,27
guitarists pain  guitar pain guitarist,https://www.youtube.com/watch?v=Q41zua0yTgo,sj  guitar ,https://www.youtube.com/channel/UCpRJVRGLhdgftYBBw_AoOZw,Q41zua0yTgo,1,category,cat-v1,0.6,27
master of puppets guitar lesson  metallica  intro,https://www.youtube.com/watch?v=FvVrCKgEu4s,guitarlessons365song,https://www.youtube.com/channel/UCYqDqs59rgZ3_7hJugnbXog,FvVrCKgEu4s,1,category,cat-v1,0.6,27
gitarre lernen für anfänger  deine erste gitarrenstunde  einfach  auf deutsch,https://www.youtube.com/watch?v=fwJ7knXMLj4,gitarre lernen werdemusikerde,https://www.youtube.com/channel/UCtM5oEFbYyH0guXzr4Q7wAg,fwJ7knXMLj4,1,category,cat-v1,0.6,27
10 basic jazz chords  guitar tutorials  justinguitar ja001,https://www.youtube.com/watch?v=6QcEoGrmpqc,justinguitar,https://www.youtube.com/channel/UCBNkm8o5LiEVLxO8w0p2sfQ,6QcEoGrmpqc,1,category,cat-v1,0.6,27
asturias  guitar lesson  tab,https://www.youtube.com/watch?v=CCVBDCavI_c,sky guitar,https://www.youtube.com/channel/UCDlfXUX_wYgyfiXbfQh96Eg,CCVBDCavI_c,1,category,cat-v1,0.6,27
thunderstruck guitar lesson pt1  acdc  intro,https://www.youtube.com/watch?v=fkk2TlRc428,guitarlessons365song,https://www.youtube.com/channel/UCYqDqs59rgZ3_7hJugnbXog,fkk2TlRc428,1,category,cat-v1,0.6,27
riptide  easy beginners guitar lesson  vance joy  no capo,https://www.youtube.com/watch?v=DfxvaBxv-AM,drue james,https://www.youtube.com/channel/UCrn6VeXwwna2Ga90BgLPISA,DfxvaBxv-AM,1,category,cat-v1,0.6,27
como tocar las mañanitas en guitarra acústica acordes  fácil ,https://www.youtube.com/watch?v=wHHTaE8pyRw,chordhouse,https://www.youtube.com/channel/UCeELeNRiPUCZUugEH9vD6Cg,wHHTaE8pyRw,1,category,cat-v1,0.6,27
ukulele beginners learn this chord progression first  ukeguide,https://www.youtube.com/watch?v=BKwB8FmvKHw,ukeguide,https://www.youtube.com/channel/UCtYAlKT4ZHsP37o8d7gIjkQ,BKwB8FmvKHw,1,category,cat-v1,0.6,27
californication guitar lesson  how to play californication,https://www.youtube.com/watch?v=YSy3pOw8Qis,arthurva,https://www.youtube.com/channel/UCA5lfsuTE4-Bln8uzfU58NQ,YSy3pOw8Qis,1,category,cat-v1,0.6,27
für elise full version  guitar lesson  tab,https://www.youtube.com/watch?v=y0LfRlCHEV8,sky guitar,https://www.youtube.com/channel/UCDlfXUX_wYgyfiXbfQh96Eg,y0LfRlCHEV8,1,category,cat-v1,0.6,27
how to play happy birthday on guitar,https://www.youtube.com/watch?v=mkYYOzNIrUY,bernadette teaches music,https://www.youtube.com/channel/UCHF88ovEEPETzNtEUbgGBuw,mkYYOzNIrUY,1,category,cat-v1,0.6,27
chopin nocturne op9 no2  guitar lesson  tab,https://www.youtube.com/watch?v=n_3Jb8ekqNQ,sky guitar,https://www.youtube.com/channel/UCDlfXUX_wYgyfiXbfQh96Eg,n_3Jb8ekqNQ,1,category,cat-v1,0.6,27
the beatles  blackbird guitar lesson pt1  intro verse  turnaround,https://www.youtube.com/watch?v=6ykdZ8U5Jf0,guitarlessons365song,https://www.youtube.com/channel/UCYqDqs59rgZ3_7hJugnbXog,6ykdZ8U5Jf0,1,category,cat-v1,0.6,27
1 chord 4 trending songs  beginner  1 chord songs on guitar  guitarchords viralsong easychords,https://www.youtube.com/watch?v=k5npwaJ8Kas,mr desi string,https://www.youtube.com/channel/UCPRLT4UNxtpIT37DE7CewCw,k5npwaJ8Kas,1,category,cat-v1,0.6,27
3 big mistakes all selftaught guitarists make  guitar lessons for beginners  siffguitar,https://www.youtube.com/watch?v=EME7dAaGr60,siff guitar,https://www.youtube.com/channel/UCAY_1vrUoOxjaKMnjKWovDQ,EME7dAaGr60,1,category,cat-v1,0.6,27
learn 3 fingerstyle songs in 10 minutes  total beginners fingerstyle guitar lesson,https://www.youtube.com/watch?v=lW0K7gLbl64,andy guitar,https://www.youtube.com/channel/UC9cvVvlvr-qBssphm1EdYGQ,lW0K7gLbl64,1,category,cat-v1,0.6,27
beginners play your first fingerstyle song in 60 minutes beginner fingerpicking for guitar,https://www.youtube.com/watch?v=R1d_vprBkTE,acoustic guitar videos lessons,https://www.youtube.com/channel/UCzW9550lVYzynQiytup5Slg,R1d_vprBkTE,1,category,cat-v1,0.6,27
capricho árabe  guitar lesson  tab,https://www.youtube.com/watch?v=muhg8aCLQzU,sky guitar,https://www.youtube.com/channel/UCDlfXUX_wYgyfiXbfQh96Eg,muhg8aCLQzU,1,category,cat-v1,0.6,27
perfect  ed sheeran  chords,https://www.youtube.com/watch?v=tCh3NiOWh9c,asmund friborg,https://www.youtube.com/channel/UCqfQE-XAdOPHqXHs73qeEXg,tCh3NiOWh9c,1,category,cat-v1,0.6,27
how to draw easy acrylic moonlight landscapepainting tutorial,https://www.youtube.com/watch?v=C9BK0Iki594,art space,https://www.youtube.com/channel/UCvxzTKmHYIvGJMHXCkOQSoA,C9BK0Iki594,1,category,cat-v1,0.6,27
how to draw ariel the little mermaid,https://www.youtube.com/watch?v=jBfMs-YskHo,art for kids hub,https://www.youtube.com/channel/UC5XMF3Inoi8R9nSI8ChOsdQ,jBfMs-YskHo,1,category,cat-v1,0.6,27
never draw the drip effect this way  art drawing shorts,https://www.youtube.com/watch?v=P2-za2wtsQg,anderson bluu,https://www.youtube.com/channel/UClJtaL3XijvvMi0_XIenbGg,P2-za2wtsQg,1,category,cat-v1,0.6,27
✅ como dibujar un paisaje natural a lapiz blanco y negro  dibujos de paisajes ⭐ easy art,https://www.youtube.com/watch?v=190VaLBpJ0U,easy art,https://www.youtube.com/channel/UCIZEjA3Mp23QE53w2i3KAbw,190VaLBpJ0U,1,category,cat-v1,0.6,27
how to draw a cute ice cream cone,https://www.youtube.com/watch?v=UW6H5dAPuhY,art for kids hub,https://www.youtube.com/channel/UC5XMF3Inoi8R9nSI8ChOsdQ,UW6H5dAPuhY,1,category,cat-v1,0.6,27
how to draw an ice cream tower folding surprise,https://www.youtube.com/watch?v=vzaUdSnUWS4,art for kids hub,https://www.youtube.com/channel/UC5XMF3Inoi8R9nSI8ChOsdQ,vzaUdSnUWS4,1,category,cat-v1,0.6,27
how to draw pizza  preschool,https://www.youtube.com/watch?v=1gTJQOChf94,art for kids hub,https://www.youtube.com/channel/UC5XMF3Inoi8R9nSI8ChOsdQ,1gTJQOChf94,1,category,cat-v1,0.6,27
how to draw stitch from lilo and stitch,https://www.youtube.com/watch?v=_g4vy7H8bdo,art for kids hub,https://www.youtube.com/channel/UC5XMF3Inoi8R9nSI8ChOsdQ,_g4vy7H8bdo,1,category,cat-v1,0.6,27
how to draw a cartoon dolphin,https://www.youtube.com/watch?v=ou7NitF6gkU,art for kids hub,https://www.youtube.com/channel/UC5XMF3Inoi8R9nSI8ChOsdQ,ou7NitF6gkU,1,category,cat-v1,0.6,27
art using ₹25 watercolours  shivangisah art diy painting shorts youtubeshorts,https://www.youtube.com/watch?v=0aFUJio5ui0,shivangi sah,https://www.youtube.com/channel/UCSPMtkMTtPY09wPkhmsF6rg,0aFUJio5ui0,1,category,cat-v1,0.6,27
oil pastel drawing  ruby rose butterfly oilpastel creativeart drawing butterflydrawing art,https://www.youtube.com/watch?v=c9pQkxG3-yQ,xin art,https://www.youtube.com/channel/UCkAjnVqAJqWuiLflYlRP3Fg,c9pQkxG3-yQ,1,category,cat-v1,0.6,27
how to draw a dragon,https://www.youtube.com/watch?v=KRAarF177Y4,art for kids hub,https://www.youtube.com/channel/UC5XMF3Inoi8R9nSI8ChOsdQ,KRAarF177Y4,1,category,cat-v1,0.6,27
how to draw 3d illusion shorts,https://www.youtube.com/watch?v=WO6ouIbufk4,mr roshan 3d art,https://www.youtube.com/channel/UCfrN_BVlQ5npf_WYUiWblfg,WO6ouIbufk4,1,category,cat-v1,0.6,27
doms  metallic brush pens  shine your art,https://www.youtube.com/watch?v=cmHPNLjv6pM,doms industries limited,https://www.youtube.com/channel/UCFX0aAmqHDyHE6ZP-iTe4lw,cmHPNLjv6pM,1,category,cat-v1,0.6,27
quick oil pastels drawing art,https://www.youtube.com/watch?v=KfkCpgssCAY,xin art,https://www.youtube.com/channel/UCkAjnVqAJqWuiLflYlRP3Fg,KfkCpgssCAY,1,category,cat-v1,0.6,27
how to draw funny popcorn,https://www.youtube.com/watch?v=GfbpU9Y6ltA,art for kids hub,https://www.youtube.com/channel/UC5XMF3Inoi8R9nSI8ChOsdQ,GfbpU9Y6ltA,1,category,cat-v1,0.6,27
how to draw hello kitty new lesson with color,https://www.youtube.com/watch?v=tMqZTzIFz3Q,art for kids hub,https://www.youtube.com/channel/UC5XMF3Inoi8R9nSI8ChOsdQ,tMqZTzIFz3Q,1,category,cat-v1,0.6,27
how to draw spiderman  step by step art lesson,https://www.youtube.com/watch?v=cvESbL06ETM,cartooning club how to draw,https://www.youtube.com/channel/UC-biucJWhM8HwjsQ96uoIUw,cvESbL06ETM,1,category,cat-v1,0.6,27
how to draw pikachu with color,https://www.youtube.com/watch?v=WoV4f1ncE7U,art for kids hub,https://www.youtube.com/channel/UC5XMF3Inoi8R9nSI8ChOsdQ,WoV4f1ncE7U,1,category,cat-v1,0.6,27
6 easy 3d drawing tutorial   easy 3d illusion drawing tutorials,https://www.youtube.com/watch?v=92lnNE8jRQc,qwe art,https://www.youtube.com/channel/UCDG5w5YhEmMTF5uqaziDACQ,92lnNE8jRQc,1,category,cat-v1,0.6,27
how to draw a cute watermelon ice cream easy for kids and toddlers,https://www.youtube.com/watch?v=eLwLxC6fVnI,cute easy drawings,https://www.youtube.com/channel/UCNB0kOpUqpB7MUqW53zN8aA,eLwLxC6fVnI,1,category,cat-v1,0.6,27
how to draw a cartoon popsicle,https://www.youtube.com/watch?v=UFHt-tbBG98,art for kids hub,https://www.youtube.com/channel/UC5XMF3Inoi8R9nSI8ChOsdQ,UFHt-tbBG98,1,category,cat-v1,0.6,27
how to draw spongebob squarepants,https://www.youtube.com/watch?v=2bkwLTMVLww,art for kids hub,https://www.youtube.com/channel/UC5XMF3Inoi8R9nSI8ChOsdQ,2bkwLTMVLww,1,category,cat-v1,0.6,27
can you make a masterpiece with crayons,https://www.youtube.com/watch?v=gNkENalJTv0,scott christian sava,https://www.youtube.com/channel/UCqa7uzfDQfc9Q-wIRpUsmdw,gNkENalJTv0,1,category,cat-v1,0.6,27
how to draw a cute unicorn doughnut,https://www.youtube.com/watch?v=WLoPNgIp6go,art for kids hub,https://www.youtube.com/channel/UC5XMF3Inoi8R9nSI8ChOsdQ,WLoPNgIp6go,1,category,cat-v1,0.6,27
how to draw funny cherries  replay live draw along,https://www.youtube.com/watch?v=kRs8Xui4QLs,art for kids hub,https://www.youtube.com/channel/UC5XMF3Inoi8R9nSI8ChOsdQ,kRs8Xui4QLs,1,category,cat-v1,0.6,27
how to draw a shark folding surprise puppet,https://www.youtube.com/watch?v=wy2-3BxdtYY,art for kids hub,https://www.youtube.com/channel/UC5XMF3Inoi8R9nSI8ChOsdQ,wy2-3BxdtYY,1,category,cat-v1,0.6,27
draw yoriichi tsugikuni  step by step zesenseidraws,https://www.youtube.com/watch?v=C8Oyhavg5uQ,zesenseidraws,https://www.youtube.com/channel/UCKiMj6vasm9CAUgBe9WJpYg,C8Oyhavg5uQ,1,category,cat-v1,0.6,27
3d shapes rainbow friends blue paper craft idea satisfying art shorts,https://www.youtube.com/watch?v=__mQQYOtx-8,pin koro,https://www.youtube.com/channel/UCgAyRZINP1gPvQUl8hK487w,__mQQYOtx-8,1,category,cat-v1,0.6,27
how to draw cartoon candy corn,https://www.youtube.com/watch?v=mEpUqkwdMVw,art for kids hub,https://www.youtube.com/channel/UC5XMF3Inoi8R9nSI8ChOsdQ,mEpUqkwdMVw,1,category,cat-v1,0.6,27
how to draw a cute cat very very easy,https://www.youtube.com/watch?v=OF2Oe7_QFdU,cute easy drawings,https://www.youtube.com/channel/UCNB0kOpUqpB7MUqW53zN8aA,OF2Oe7_QFdU,1,category,cat-v1,0.6,27
how to draw cartoon cotton candy,https://www.youtube.com/watch?v=_GC59u3-WuI,art for kids hub,https://www.youtube.com/channel/UC5XMF3Inoi8R9nSI8ChOsdQ,_GC59u3-WuI,1,category,cat-v1,0.6,27
pov beginners drawing a head,https://www.youtube.com/watch?v=VdZINKGXABE,crazy  art,https://www.youtube.com/channel/UCLESTSD7SLeCd5cMCKlmeyg,VdZINKGXABE,1,category,cat-v1,0.6,27
how to draw sonic from sonic the hedgehog movie,https://www.youtube.com/watch?v=cd4fYncwbj4,art for kids hub,https://www.youtube.com/channel/UC5XMF3Inoi8R9nSI8ChOsdQ,cd4fYncwbj4,1,category,cat-v1,0.6,27
making a simple floor plan in autocad part 1 of 3,https://www.youtube.com/watch?v=hO865EIE0p0,sourcecad,https://www.youtube.com/channel/UCpTi5sLZXyYVnQEyqM-2Kig,hO865EIE0p0,1,category,cat-v1,0.6,27
how to draw a nintendo switch folding surprise,https://www.youtube.com/watch?v=I9iagX6d0Og,art for kids hub,https://www.youtube.com/channel/UC5XMF3Inoi8R9nSI8ChOsdQ,I9iagX6d0Og,1,category,cat-v1,0.6,27
drawing a person with my 2yearold preschool lesson,https://www.youtube.com/watch?v=D_6QxEeUvM8,art for kids hub,https://www.youtube.com/channel/UC5XMF3Inoi8R9nSI8ChOsdQ,D_6QxEeUvM8,1,category,cat-v1,0.6,27
shiv ji drawing ❤️  easy drawing tutorial shorts khushidhapola,https://www.youtube.com/watch?v=WX-k5UF6kbs,ruhanika buzz,https://www.youtube.com/channel/UCEXTJWOdiqFTKc0DuBMIZoA,WX-k5UF6kbs,1,category,cat-v1,0.6,27
how to draw indominus rex from jurassic park,https://www.youtube.com/watch?v=rcWUFyIUuXo,art for kids hub,https://www.youtube.com/channel/UC5XMF3Inoi8R9nSI8ChOsdQ,rcWUFyIUuXo,1,category,cat-v1,0.6,27
how to draw a cartoon watermelon,https://www.youtube.com/watch?v=I-9UxsWEi2k,art for kids hub,https://www.youtube.com/channel/UC5XMF3Inoi8R9nSI8ChOsdQ,I-9UxsWEi2k,1,category,cat-v1,0.6,27
drawing a dog using numbers and letters draw simpledrawing simplestrokes  digitalpainting us,https://www.youtube.com/watch?v=sj7Nql03Pb8,zeeni arts ,https://www.youtube.com/channel/UCE26AIxOAZsNhG3w0t9NDCg,sj7Nql03Pb8,1,category,cat-v1,0.6,27
how to draw an airplane shorts drawing drawingtutorial drawingforkids chuchutv drawingshorts,https://www.youtube.com/watch?v=KyqUJaJvIMI,chuchutv learning with surprise eggs,https://www.youtube.com/channel/UCKcQ7Jo2VAGHiPMfDwzeRUw,KyqUJaJvIMI,1,category,cat-v1,0.6,27
is blending acrylic markers impossible art drawingtutorial howtodraw drawing tutorial,https://www.youtube.com/watch?v=QFf-TwoYC1M,nessbert draws,https://www.youtube.com/channel/UCC4yo8xHYwphiL53hNJQMBg,QFf-TwoYC1M,1,category,cat-v1,0.6,27
how to draw a teddy bear  us national teddy bear day,https://www.youtube.com/watch?v=7q3Y6cyE0LI,art for kids hub,https://www.youtube.com/channel/UC5XMF3Inoi8R9nSI8ChOsdQ,7q3Y6cyE0LI,1,category,cat-v1,0.6,27
how to draw and color a rainbow with crayons – easy tutorial,https://www.youtube.com/watch?v=STpipthL4DI,the flow terminal,https://www.youtube.com/channel/UC2Y_Z5ry0mVBvUrPzA9G8bg,STpipthL4DI,1,category,cat-v1,0.6,27
how to draw a cute chocolate bar simple  easy for kids,https://www.youtube.com/watch?v=imKc7XrkWZk,cute easy drawings,https://www.youtube.com/channel/UCNB0kOpUqpB7MUqW53zN8aA,imKc7XrkWZk,1,category,cat-v1,0.6,27
never draw the glow effect this way  drawing art poscamarkers,https://www.youtube.com/watch?v=vyxGVCihGOQ,anderson bluu,https://www.youtube.com/channel/UClJtaL3XijvvMi0_XIenbGg,vyxGVCihGOQ,1,category,cat-v1,0.6,27
autocad basic tutorial for beginners  part 1 of 3,https://www.youtube.com/watch?v=cmR9cfWJRUU,sourcecad,https://www.youtube.com/channel/UCpTi5sLZXyYVnQEyqM-2Kig,cmR9cfWJRUU,1,category,cat-v1,0.6,27
how to draw a cute cat unicorn,https://www.youtube.com/watch?v=rznC52oPBuY,art for kids hub,https://www.youtube.com/channel/UC5XMF3Inoi8R9nSI8ChOsdQ,rznC52oPBuY,1,category,cat-v1,0.6,27
how to draw 3d floating cube  3d drawing tutorial  shorts ashortaday ytshorts,https://www.youtube.com/watch?v=d3Dz4z-EzoA,mr indian chitrkar,https://www.youtube.com/channel/UC0e-mDWODto6r7eIOBVxdfw,d3Dz4z-EzoA,1,category,cat-v1,0.6,27
investing tips for beginners,https://www.youtube.com/watch?v=b5BsywkETfU,gohar khan,https://www.youtube.com/channel/UCPk2s5c4R_d-EUUNvFFODoA,b5BsywkETfU,1,category,cat-v1,0.6,27
the last ₹1 crore plan financewithsharan shorts,https://www.youtube.com/watch?v=gm3ITLOJkFc,finance with sharan,https://www.youtube.com/channel/UCwVEhEzsjLym_u1he4XWFkg,gm3ITLOJkFc,1,category,cat-v1,0.6,27
checking vs savings account,https://www.youtube.com/watch?v=Gll6fsBupK0,gohar khan,https://www.youtube.com/channel/UCPk2s5c4R_d-EUUNvFFODoA,Gll6fsBupK0,1,category,cat-v1,0.6,27
william ackman everything you need to know about finance and investing in under an hour  big think,https://www.youtube.com/watch?v=WEDIj9JBTC8,big think,https://www.youtube.com/channel/UCvQECJukTDE2i6aCoMnS-Vg,WEDIj9JBTC8,1,category,cat-v1,0.6,27
basics of stock market for beginners  lecture 2 by ca rachana phadke ranade,https://www.youtube.com/watch?v=bLl_VRQ7pBs,ca rachana phadke ranade,https://www.youtube.com/channel/UCe3qdG0A_gr-sEdat5y2twQ,bLl_VRQ7pBs,1,category,cat-v1,0.6,27
quit spending money on these 3 things,https://www.youtube.com/watch?v=da5pfEezDjg,mark tilbury,https://www.youtube.com/channel/UCxgAuX3XZROujMmGphN_scA,da5pfEezDjg,1,category,cat-v1,0.6,27
reality of trading parithabangal  trading investing,https://www.youtube.com/watch?v=U_zy8Ibn1Y8,boss wallah tamil,https://www.youtube.com/channel/UC2tHVZt2H06GJgMrrkuvdzw,U_zy8Ibn1Y8,1,category,cat-v1,0.6,27
1 introduction financial terms and concepts,https://www.youtube.com/watch?v=wvXDB9dMdEo,mit opencourseware,https://www.youtube.com/channel/UCEBb1b_L6zDS3xTUrIALZOw,wvXDB9dMdEo,1,category,cat-v1,0.6,27
find out how financially disciplined are you llashorts 05,https://www.youtube.com/watch?v=jQpccAQWE40,labour law advisor,https://www.youtube.com/channel/UCVOTBwF0vnSxMRIbfSE_K_g,jQpccAQWE40,1,category,cat-v1,0.6,27
how to manage your money like the 1,https://www.youtube.com/watch?v=QThz1B8SHmc,mark tilbury,https://www.youtube.com/channel/UCxgAuX3XZROujMmGphN_scA,QThz1B8SHmc,1,category,cat-v1,0.6,27
accounting basics a guide to almost everything,https://www.youtube.com/watch?v=yYX4bvQSqbo,accounting stuff,https://www.youtube.com/channel/UCYJLdSmyKoXCbnd-pklMn5Q,yYX4bvQSqbo,1,category,cat-v1,0.6,27
6500 invested at 21 vs 10000 invested at 45 🤨 personalfinance rothira investing,https://www.youtube.com/watch?v=0m0-1jmfJF4,advicewitherin,https://www.youtube.com/channel/UCGetiqFX7l-8unkK1LyrG3A,0m0-1jmfJF4,1,category,cat-v1,0.6,27
introduction to microsoft excel  excel basics tutorial,https://www.youtube.com/watch?v=fcbB0nkDik8,warikoo,https://www.youtube.com/channel/UCRzYN32xtBf3Yxsx5BvJWJw,fcbB0nkDik8,1,category,cat-v1,0.6,27
 never put a downpayment on your house realestate money downpayment personalfinance mortgage,https://www.youtube.com/watch?v=32X3Ne7EezQ,sean pan,https://www.youtube.com/channel/UCxTnM9iMhQnTLUvGcwsgaEQ,32X3Ne7EezQ,1,category,cat-v1,0.6,27
my 6step payday routine full guide  shorts payday personalfinance,https://www.youtube.com/watch?v=RIOcs8stB6w,nischa,https://www.youtube.com/channel/UCQpPo9BNwezg54N9hMFQp6Q,RIOcs8stB6w,1,category,cat-v1,0.6,27
do this every time you get paid paycheck routine,https://www.youtube.com/watch?v=IIKr2915l2g,vincent chan,https://www.youtube.com/channel/UCPa0bvFsR1mbBpk5mIPFGLA,IIKr2915l2g,1,category,cat-v1,0.6,27
i wish i knew this in my 20s,https://www.youtube.com/watch?v=BTOHpoC-XsE,honestly by tanmay bhat,https://www.youtube.com/channel/UCneQdPbDLwZ__ZXP0YVwiag,BTOHpoC-XsE,1,category,cat-v1,0.6,27
financial planning in 35 seconds  ankur warikoo shorts,https://www.youtube.com/watch?v=yPlPACCTXv0,warikoo,https://www.youtube.com/channel/UCRzYN32xtBf3Yxsx5BvJWJw,yPlPACCTXv0,1,category,cat-v1,0.6,27
5 finance apps that i actually use ,https://www.youtube.com/watch?v=2aJW7Xqe0wI,pranjal kamra,https://www.youtube.com/channel/UCwAdQUuPT6laN-AQR17fe1g,2aJW7Xqe0wI,1,category,cat-v1,0.6,27
how to manage your money like the 1,https://www.youtube.com/watch?v=NEzqHbtGa9U,nischa,https://www.youtube.com/channel/UCQpPo9BNwezg54N9hMFQp6Q,NEzqHbtGa9U,1,category,cat-v1,0.6,27
7 best money management hacks  personal finance tips  sonu sharma,https://www.youtube.com/watch?v=CHkhGF0KtIg,sonu sharma,https://www.youtube.com/channel/UCwrzhaGy4oAHu8clPCVol3g,CHkhGF0KtIg,1,category,cat-v1,0.6,27
iss couple ne financial planning kaise ki  ankur warikoo shorts,https://www.youtube.com/watch?v=NbTXZC-u_SI,warikoo,https://www.youtube.com/channel/UCRzYN32xtBf3Yxsx5BvJWJw,NbTXZC-u_SI,1,category,cat-v1,0.6,27
all investment options explained  investing strategies 2025  ankur warikoo hindi,https://www.youtube.com/watch?v=8zWQ9aXmeaY,warikoo,https://www.youtube.com/channel/UCRzYN32xtBf3Yxsx5BvJWJw,8zWQ9aXmeaY,1,category,cat-v1,0.6,27
5 books to master your money  ankur warikoo shorts,https://www.youtube.com/watch?v=GSDLdZUusSI,warikoo,https://www.youtube.com/channel/UCRzYN32xtBf3Yxsx5BvJWJw,GSDLdZUusSI,1,category,cat-v1,0.6,27
master financial literacy in 54 minutes everything they never taught you about money,https://www.youtube.com/watch?v=vJabNEwZIuc,nischa,https://www.youtube.com/channel/UCQpPo9BNwezg54N9hMFQp6Q,vJabNEwZIuc,1,category,cat-v1,0.6,27
financial literacy in 63 minutes,https://www.youtube.com/watch?v=ouvbeb2wSGA,tina huang,https://www.youtube.com/channel/UC2UXDak6o7rBm23k3Vv5dww,ouvbeb2wSGA,1,category,cat-v1,0.6,27
fundamentals of finance  economics for businesses – crash course,https://www.youtube.com/watch?v=EJHPltmAULA,freecodecamporg,https://www.youtube.com/channel/UC8butISFwT-Wl7EV0hUK0BQ,EJHPltmAULA,1,category,cat-v1,0.6,27
money and finance crash course economics 11,https://www.youtube.com/watch?v=Dugn51K_6WA,crashcourse,https://www.youtube.com/channel/UCX6b17PVsYBQ0ip5gyeme-Q,Dugn51K_6WA,1,category,cat-v1,0.6,27
financial literacy  full video,https://www.youtube.com/watch?v=4j2emMn7UaI,izzitedu,https://www.youtube.com/channel/UCAOjzu5Ekix4fB8YLi0eBnA,4j2emMn7UaI,1,category,cat-v1,0.6,27
if i started investing in 2026 this is what i would do full beginner’s guide,https://www.youtube.com/watch?v=bNIAi9Sm3rY,humphrey yang,https://www.youtube.com/channel/UCFBpVaKCC0ajGps1vf0AgBg,bNIAi9Sm3rY,1,category,cat-v1,0.6,27
sip investing is a scam personalfinance mutualfunds,https://www.youtube.com/watch?v=jbGVmNdoJZU,udayan adhye,https://www.youtube.com/channel/UCLQOtbB1COQwjcCEPB2pa8w,jbGVmNdoJZU,1,category,cat-v1,0.6,27
you can change your finances in 3 months here’s how,https://www.youtube.com/watch?v=gH0iNMgFC7Q,humphrey yang,https://www.youtube.com/channel/UCFBpVaKCC0ajGps1vf0AgBg,gH0iNMgFC7Q,1,category,cat-v1,0.6,27
accountant explains how i manage my money on payday income expenses  savings,https://www.youtube.com/watch?v=4sT2B2SRypo,nischa,https://www.youtube.com/channel/UCQpPo9BNwezg54N9hMFQp6Q,4sT2B2SRypo,1,category,cat-v1,0.6,27
how to invest for beginners full guide  live example,https://www.youtube.com/watch?v=iCzBVWdNOeE,humphrey yang,https://www.youtube.com/channel/UCFBpVaKCC0ajGps1vf0AgBg,iCzBVWdNOeE,1,category,cat-v1,0.6,27
stock market for beginners 20252026 – the ultimate investing guide,https://www.youtube.com/watch?v=bb6_M_srMBk,humphrey yang,https://www.youtube.com/channel/UCFBpVaKCC0ajGps1vf0AgBg,bb6_M_srMBk,1,category,cat-v1,0.6,27
financial education  the 4 rules of being financially literate,https://www.youtube.com/watch?v=q5JWp47z4bY,practical wisdom  interesting ideas,https://www.youtube.com/channel/UCYyqGqI-bpzGpo5DBtUcJQA,q5JWp47z4bY,1,category,cat-v1,0.6,27
how i became a millionaire before 30,https://www.youtube.com/watch?v=L83KfmWD3Pg,finance with sharan,https://www.youtube.com/channel/UCwVEhEzsjLym_u1he4XWFkg,L83KfmWD3Pg,1,category,cat-v1,0.6,27
the best financial strategies by income 40k 75k 100k,https://www.youtube.com/watch?v=vszkR6Dg9Lc,humphrey yang,https://www.youtube.com/channel/UCFBpVaKCC0ajGps1vf0AgBg,vszkR6Dg9Lc,1,category,cat-v1,0.6,27
financial statements all the basics in 8 mins,https://www.youtube.com/watch?v=Fi1wkUczuyk,accounting stuff,https://www.youtube.com/channel/UCYJLdSmyKoXCbnd-pklMn5Q,Fi1wkUczuyk,1,category,cat-v1,0.6,27
personal finance 101,https://www.youtube.com/watch?v=bdrJroZoeRU,explore with epaphra,https://www.youtube.com/channel/UCwVBLXAj0pfOb3df21bBtyQ,bdrJroZoeRU,1,category,cat-v1,0.6,27
budgeting basics,https://www.youtube.com/watch?v=sVKQn2I4HDM,two cents,https://www.youtube.com/channel/UCL8w_A8p8P1HWI3k6PR5Z6w,sVKQn2I4HDM,1,category,cat-v1,0.6,27
the student guide to personal finance  adulting 101,https://www.youtube.com/watch?v=MXCvtC0HqLE,studyquill,https://www.youtube.com/channel/UC-ZQaezPlUTe94-7buWtIfA,MXCvtC0HqLE,1,category,cat-v1,0.6,27
from 0 to millionaire  investing for beginners,https://www.youtube.com/watch?v=2KgH0UpiRiw,graham stephan,https://www.youtube.com/channel/UCV6KDgJskWaEckne5aPA0aQ,2KgH0UpiRiw,1,category,cat-v1,0.6,27
learn all about sip  systematic investment plan  finance money gkhindi gkindia basicgyaan,https://www.youtube.com/watch?v=ZZ-e9ZLaWIw,basic gyaan,https://www.youtube.com/channel/UCtBp5FUvxIQV-3Dn4K_43-A,ZZ-e9ZLaWIw,1,category,cat-v1,0.6,27
5 books to master your money  personal finance ,https://www.youtube.com/watch?v=FKXWpcAOhxo,karen foo britney,https://www.youtube.com/channel/UCcUOqJd-eRI3iVOBnPFpNdw,FKXWpcAOhxo,1,category,cat-v1,0.6,27
6month plan to take charge of your finances  ankur warikoo hindi,https://www.youtube.com/watch?v=XH_4rj-j0sU,warikoo,https://www.youtube.com/channel/UCRzYN32xtBf3Yxsx5BvJWJw,XH_4rj-j0sU,1,category,cat-v1,0.6,27
financial literacy  a beginners guide to financial education,https://www.youtube.com/watch?v=4XZIv4__sQA,charlee wayne,https://www.youtube.com/channel/UCeN2aBJE97-3FtRjbVc46FA,4XZIv4__sQA,1,category,cat-v1,0.6,27
5 important personal finance rules  ankur warikoo shorts,https://www.youtube.com/watch?v=6EPTegsTCtQ,warikoo,https://www.youtube.com/channel/UCRzYN32xtBf3Yxsx5BvJWJw,6EPTegsTCtQ,1,category,cat-v1,0.6,27
excel tutorial for beginners in hindi  complete microsoft excel tutorial in hindi for excel users,https://www.youtube.com/watch?v=q85n1RQBjno,learn more,https://www.youtube.com/channel/UCrHDY6lrJ8NXCKxFppomr3A,q85n1RQBjno,1,category,cat-v1,0.6,27
curso excel  capitulo 0 introducción para principiantes,https://www.youtube.com/watch?v=yKWFMgurUnU,dostin hurtado,https://www.youtube.com/channel/UCUnwzUFwZvQRcuIVgv5pD7Q,yKWFMgurUnU,1,category,cat-v1,0.6,27
microsoft excel tutorial   beginners level 1,https://www.youtube.com/watch?v=k1VUZEVuDJ8,teachers tech,https://www.youtube.com/channel/UCO66zvpQorlNfs_7hFCfmaw,k1VUZEVuDJ8,1,category,cat-v1,0.6,27
curso excel  capitulo 1 formulas y autorellenos audio mejorado,https://www.youtube.com/watch?v=47nJsZ97sz0,dostin hurtado,https://www.youtube.com/channel/UCUnwzUFwZvQRcuIVgv5pD7Q,47nJsZ97sz0,1,category,cat-v1,0.6,27
ms excel  vlookup in excel video tutorials,https://www.youtube.com/watch?v=Jwo5Ae7tH_I,tutorialspoint,https://www.youtube.com/channel/UCVLbzhxVTiTLiVKeGV7WEBg,Jwo5Ae7tH_I,1,category,cat-v1,0.6,27
ms excel basic knowledge in hindi  ms excel introduction  excel tutorial part 1,https://www.youtube.com/watch?v=ynnH3BWcH2w,my computer course,https://www.youtube.com/channel/UCZ5rU5yxtyxujpFZflq-1NQ,ynnH3BWcH2w,1,category,cat-v1,0.6,27
job चाहिए तो देखो  excel tutorial  excel shortfeed exceljob job,https://www.youtube.com/watch?v=gNQo7SeCwJw,jict jagriticomputer,https://www.youtube.com/channel/UCfcUyr37wdoRVs13fhFFR5w,gNQo7SeCwJw,1,category,cat-v1,0.6,27
14 rumus excel yang paling sering digunakan,https://www.youtube.com/watch?v=kqgPD_BmDtA,jendela tutorial,https://www.youtube.com/channel/UC5xEyhUr_yvqjooKIo38SJA,kqgPD_BmDtA,1,category,cat-v1,0.6,27
excel basics for beginners in tamil,https://www.youtube.com/watch?v=qNm_6inyqQc,endless knowledge,https://www.youtube.com/channel/UCApUMSkgDT8ayJZU8jBweYw,qNm_6inyqQc,1,category,cat-v1,0.6,27
excel tutorial for beginners in hindi  complete microsoft excel tutorial basic to advance,https://www.youtube.com/watch?v=OX-iyb-21tk,rishabh mishra,https://www.youtube.com/channel/UC3rY5HOgbBvGmq7RnDfwF7A,OX-iyb-21tk,1,category,cat-v1,0.6,27
✅ crear tablas dinámicas en excel claro y sencillo tutorial en español hd,https://www.youtube.com/watch?v=gsxCopOjGZo,saber programas,https://www.youtube.com/channel/UCAkHQJ99UaZ5Kucq4XPaqBA,gsxCopOjGZo,1,category,cat-v1,0.6,27
ms excel part1  excel tutorial for beginners  excel tutorial in hindi  ms excel introduction,https://www.youtube.com/watch?v=e0vxv3Gb7z0,gulab guru,https://www.youtube.com/channel/UC4iMgb53ktyDmHQbGFFKuDQ,e0vxv3Gb7z0,1,category,cat-v1,0.6,27
ms excel  pivot table example 1 video tutorials,https://www.youtube.com/watch?v=4PWVFBiFVVU,tutorialspoint,https://www.youtube.com/channel/UCVLbzhxVTiTLiVKeGV7WEBg,4PWVFBiFVVU,1,category,cat-v1,0.6,27
select 10000 cells in 1 second in excel excel msexcel exceltips exceltutorial microsoftexcel,https://www.youtube.com/watch?v=zTT3HawuPhs,developersguides,https://www.youtube.com/channel/UCnxqF4t_F7B1dN1BmoTMbBA,zTT3HawuPhs,1,category,cat-v1,0.6,27
excel vba beginner tutorial,https://www.youtube.com/watch?v=G05TrN7nt6k,learn skills daily,https://www.youtube.com/channel/UCqyBfm_H9ugGirk1ufYA2YA,G05TrN7nt6k,1,category,cat-v1,0.6,27
excel for beginners in hindi  excel basic knowledge  microsoft excel,https://www.youtube.com/watch?v=eeDKm9iTE3U,gulab guru,https://www.youtube.com/channel/UC4iMgb53ktyDmHQbGFFKuDQ,eeDKm9iTE3U,1,category,cat-v1,0.6,27
fill date series in excel tutorial excel exceltraining exceltips exceltutorial exceltricks,https://www.youtube.com/watch?v=bO4h4j2bZgw,accounts expert,https://www.youtube.com/channel/UCdDtsDwI7U9k78w6PAyGfSA,bO4h4j2bZgw,1,category,cat-v1,0.6,27
advanced excel full course 2026  excel tutorial for beginners  excel training  simplilearn,https://www.youtube.com/watch?v=8Ob8Hre_SnI,simplilearn,https://www.youtube.com/channel/UCsvqVGtbbyHaMoevxPAq9Fg,8Ob8Hre_SnI,1,category,cat-v1,0.6,27
multiplication table in few seconds in excel  exceltutorial exceltips exceltricks spreadsheets,https://www.youtube.com/watch?v=ggz7T4GnGYc,time to office,https://www.youtube.com/channel/UCkrKyUiuy_zyMaGX6fppxkg,ggz7T4GnGYc,1,category,cat-v1,0.6,27
msexcel complete tutorial in telugu  wwwcomputersaddacom,https://www.youtube.com/watch?v=dn5cZfikdDg,computers adda,https://www.youtube.com/channel/UCBVo5w4Cvm3_AEEBqsHjXow,dn5cZfikdDg,1,category,cat-v1,0.6,27
curso de excel completo en 1 vídeo  básico e intermedio  dostin hurtado,https://www.youtube.com/watch?v=eZPCVg4Jk00,dostin hurtado,https://www.youtube.com/channel/UCUnwzUFwZvQRcuIVgv5pD7Q,eZPCVg4Jk00,1,category,cat-v1,0.6,27
excel tutorial for beginners in hindi  complete microsoft excel tutorial in hindi for excel users,https://www.youtube.com/watch?v=5wM0GCEFCic,computer gyan,https://www.youtube.com/channel/UCf080waNXLQrLQ0roJR0Oaw,5wM0GCEFCic,1,category,cat-v1,0.6,27
salary sheet in excel  da  hra pf esi gross salary  ms excel,https://www.youtube.com/watch?v=-nxM5033bN0,computer gyan,https://www.youtube.com/channel/UCf080waNXLQrLQ0roJR0Oaw,-nxM5033bN0,1,category,cat-v1,0.6,27
excel pivot table explained in 10 minutes productivity tips included,https://www.youtube.com/watch?v=UsdedFoTA68,leila gharani,https://www.youtube.com/channel/UCJtUOos_MwJa_Ewii-R3cJA,UsdedFoTA68,1,category,cat-v1,0.6,27
data entry using form in microsoft excel  data entry in excel dataentryinexcel,https://www.youtube.com/watch?v=EId7CEs10DE,computer gyan,https://www.youtube.com/channel/UCf080waNXLQrLQ0roJR0Oaw,EId7CEs10DE,1,category,cat-v1,0.6,27
beginner vs expert excel  excel formula shortcut,https://www.youtube.com/watch?v=nCAD6fyutJ0,time to office,https://www.youtube.com/channel/UCkrKyUiuy_zyMaGX6fppxkg,nCAD6fyutJ0,1,category,cat-v1,0.6,27
microsoft excel tutorial in urdu  excel complete course  excel full course in urdu  hindi,https://www.youtube.com/watch?v=5Fj2RV81N-E,advanced user,https://www.youtube.com/channel/UCIsl13RDafDU5R6lEEv5VYg,5Fj2RV81N-E,1,category,cat-v1,0.6,27
flash fill full name excel tips  tricks from todfodeducation,https://www.youtube.com/watch?v=4zz4WkhCwKY,tod fod education,https://www.youtube.com/channel/UC6nQxVomo-B2n5-_mYwLv9g,4zz4WkhCwKY,1,category,cat-v1,0.6,27
excel desde cero parte 1 aprende excel desde el comienzo,https://www.youtube.com/watch?v=7ccNy8Z5MWs,sergio bazo  herramientas digitales,https://www.youtube.com/channel/UCxtIinrEU9jrFkjaZ_udq0Q,7ccNy8Z5MWs,1,category,cat-v1,0.6,27
zero to hero in excel  full stepbystep course with ai,https://www.youtube.com/watch?v=wF8Vew_ydRQ,accounts expert,https://www.youtube.com/channel/UCdDtsDwI7U9k78w6PAyGfSA,wF8Vew_ydRQ,1,category,cat-v1,0.6,27
how to create ultimate personal budget in excel,https://www.youtube.com/watch?v=eKyAOjH3Crk,the office lab,https://www.youtube.com/channel/UCKsfJnvC-HCoEQEEIKZIzQQ,eKyAOjH3Crk,1,category,cat-v1,0.6,27
excel  crear histograma y polígono de frecuencias en excel tutorial en español hd,https://www.youtube.com/watch?v=uZ3Q6Nth7-E,saber programas,https://www.youtube.com/channel/UCAkHQJ99UaZ5Kucq4XPaqBA,uZ3Q6Nth7-E,1,category,cat-v1,0.6,27
apprendre excel pour débutants  les bases dexcel,https://www.youtube.com/watch?v=rvg-ZsAqInk,excel formation,https://www.youtube.com/channel/UCXyZxDPY_d-ehSYV0CH3W9A,rvg-ZsAqInk,1,category,cat-v1,0.6,27
omgmicrosoft excel all formulas  how to use excel formula and functions in excel  excel formulas,https://www.youtube.com/watch?v=3uLanUrqTeg,technical computer classes,https://www.youtube.com/channel/UCUpI2QI1u5w3GRqflg7bNIw,3uLanUrqTeg,1,category,cat-v1,0.6,27
bill entry in ms excel  data entry in excel  ms excel hindi msexcel,https://www.youtube.com/watch?v=9NI90wCyA9E,computer gyan,https://www.youtube.com/channel/UCf080waNXLQrLQ0roJR0Oaw,9NI90wCyA9E,1,category,cat-v1,0.6,27
create salary sheet in excel  tips  tricks from todfodeducation,https://www.youtube.com/watch?v=gfUiERyoAEg,tod fod education,https://www.youtube.com/channel/UC6nQxVomo-B2n5-_mYwLv9g,gfUiERyoAEg,1,category,cat-v1,0.6,27
¿qué es excel   aprende lo básico,https://www.youtube.com/watch?v=jmAUii6Htog,a2 capacitación excel,https://www.youtube.com/channel/UCSW-_m4KXiok4Hq2nK97atw,jmAUii6Htog,1,category,cat-v1,0.6,27
ms excel part2  excel basic knowledge  excel tutorial for beginners  excel tutorial in hindi,https://www.youtube.com/watch?v=ng90pg0EdNo,gulab guru,https://www.youtube.com/channel/UC4iMgb53ktyDmHQbGFFKuDQ,ng90pg0EdNo,1,category,cat-v1,0.6,27
excel full bangla tutorial  complete microsoft excel tutorial in bangla,https://www.youtube.com/watch?v=tvph9RuZvUg,rayhan tanjim,https://www.youtube.com/channel/UC71iark28AqGIoKqD74yf_w,tvph9RuZvUg,1,category,cat-v1,0.6,27
aprende lo mas basico de excel en 10 minutos  ,https://www.youtube.com/watch?v=pDwZV7V7ECM,kevin ramirez,https://www.youtube.com/channel/UCtZlYWgVxuBfrXPt18TCwAg,pDwZV7V7ECM,1,category,cat-v1,0.6,27
excel for beginners in marathi  excel tutorial in marathi basic to advance,https://www.youtube.com/watch?v=bju7lpVcKaM,satish tech,https://www.youtube.com/channel/UCa-sEIAlqi0C2KuS84MGGfw,bju7lpVcKaM,1,category,cat-v1,0.6,27
google sheet full tutorial in hindi  every excel user should know what is google sheet,https://www.youtube.com/watch?v=8TpSEyTR8Jk,learn more,https://www.youtube.com/channel/UCrHDY6lrJ8NXCKxFppomr3A,8TpSEyTR8Jk,1,category,cat-v1,0.6,27
excel tutorial for beginners  how to use excel,https://www.youtube.com/watch?v=0tdlR1rBwkM,leila gharani,https://www.youtube.com/channel/UCJtUOos_MwJa_Ewii-R3cJA,0tdlR1rBwkM,1,category,cat-v1,0.6,27
travel photography tip ,https://www.youtube.com/watch?v=wPCQVwh6BiA,jd thecameraguy,https://www.youtube.com/channel/UCl0L4ecl2ipGTVLp0zz8Puw,wPCQVwh6BiA,1,category,cat-v1,0.6,27
6 weeks newborn photo shoot can be harrrrrrd newbornphotography,https://www.youtube.com/watch?v=JKv8oXCI2GE,sissi wang,https://www.youtube.com/channel/UCyvnNj4RfGbBV-gmmDQVVrA,JKv8oXCI2GE,1,category,cat-v1,0.6,27
adobe photoshop tips 2025  how to create mural painting effect ducthangds,https://www.youtube.com/watch?v=QE49oI066nA,ducthang ds,https://www.youtube.com/channel/UCHMiVk1X8dT1f_YCLFY5gdA,QE49oI066nA,1,category,cat-v1,0.6,27
create a 3d scene from a single photo in after effects  indepth parallax tutorial,https://www.youtube.com/watch?v=7tVyu-rjHbg,mdmz,https://www.youtube.com/channel/UC8vOqCiMelDzID3_9lcUYXg,7tVyu-rjHbg,1,category,cat-v1,0.6,27
i customised bokeh blurs videoediting,https://www.youtube.com/watch?v=-iRoEDAp594,nicolas grant,https://www.youtube.com/channel/UCtve26ghqXpiPuE-5mkJnuA,-iRoEDAp594,1,category,cat-v1,0.6,27
 create realistic cast shadows in photoshop,https://www.youtube.com/watch?v=9v5YV6xzFsA,photoshop training channel,https://www.youtube.com/channel/UCdQ_ZkYaMe6qPoueUyPQgpQ,9v5YV6xzFsA,1,category,cat-v1,0.6,27
how to increase height in photoshop photoshop,https://www.youtube.com/watch?v=-7rinSBCvoE,layer graphics ,https://www.youtube.com/channel/UCcbSZseEBpWqrIpOwKBqLBw,-7rinSBCvoE,1,category,cat-v1,0.6,27
remove people in 15 seconds with photoshop,https://www.youtube.com/watch?v=6l7sfhAFQ8M,piximperfect,https://www.youtube.com/channel/UCMrvLMUITAImCHMOhX88PYQ,6l7sfhAFQ8M,1,category,cat-v1,0.6,27
graduation photobooth❤️this is how to decorate for this graduation season using balloons ,https://www.youtube.com/watch?v=NMPa8fAxEB4,claudia racanelli,https://www.youtube.com/channel/UC9zFdwyhPZ0eu_4aRT9kxiw,NMPa8fAxEB4,1,category,cat-v1,0.6,27
10 mobile videography tips for beginners,https://www.youtube.com/watch?v=0nG7pAXRgvE,learn online video,https://www.youtube.com/channel/UCWWq67D7TofEPq_eBiaYCWw,0nG7pAXRgvE,1,category,cat-v1,0.6,27
how to shoot the galaxy using a samsung galaxy  shorts,https://www.youtube.com/watch?v=oBZAm2KjUhE,demas rusli,https://www.youtube.com/channel/UCj9r3VS9Tuy9FRI87HrXgow,oBZAm2KjUhE,1,category,cat-v1,0.6,27
ecommerce product photoshoot कैसे करे  product photography ecommerce canva sellers,https://www.youtube.com/watch?v=uFbsKl_vxmg,surazz gupta,https://www.youtube.com/channel/UC9P5va2ei53ypHDN_dHRuUg,uFbsKl_vxmg,1,category,cat-v1,0.6,27
jordan matters 5minute photography ideas at home  nas academy,https://www.youtube.com/watch?v=JU0vterF1UA,nas academy,https://www.youtube.com/channel/UCPxruz1GHlnZx4QuoWJu-Wg,JU0vterF1UA,1,category,cat-v1,0.6,27
master your camera in 20 minutes  tomorrows filmmakers,https://www.youtube.com/watch?v=HTUjJoMNWqo,tomorrows filmmakers,https://www.youtube.com/channel/UCK8a56y4aVNhlpsJ1f3ZA4Q,HTUjJoMNWqo,1,category,cat-v1,0.6,27
selfie photo tip 🤳,https://www.youtube.com/watch?v=rLBJ5nimsCo,jd thecameraguy,https://www.youtube.com/channel/UCl0L4ecl2ipGTVLp0zz8Puw,rLBJ5nimsCo,1,category,cat-v1,0.6,27
iphone photography  selfie tutorial 30 second,https://www.youtube.com/watch?v=p-CAXmiHByU,wise sage,https://www.youtube.com/channel/UCEjWAGEH5N19JmAJsbxdNdg,p-CAXmiHByU,1,category,cat-v1,0.6,27
how to make a cheap camera cinematicaz guide,https://www.youtube.com/watch?v=LpPkXmdNdVI,manish pathak,https://www.youtube.com/channel/UC-0UmAUi0b_-R3cDqwZTXUg,LpPkXmdNdVI,1,category,cat-v1,0.6,27
master mobile filmmaking in 20 minutes,https://www.youtube.com/watch?v=4LDbloNewgk,tomorrows filmmakers,https://www.youtube.com/channel/UCK8a56y4aVNhlpsJ1f3ZA4Q,4LDbloNewgk,1,category,cat-v1,0.6,27
try this mobile photography trick,https://www.youtube.com/watch?v=qnRsO7uTFRc,demas rusli,https://www.youtube.com/channel/UCj9r3VS9Tuy9FRI87HrXgow,qnRsO7uTFRc,1,category,cat-v1,0.6,27
how to take good pictures of people,https://www.youtube.com/watch?v=AJlp_obQgq8,tim shields,https://www.youtube.com/channel/UCZncx0SqnJIUZ8Ij0buCqsQ,AJlp_obQgq8,1,category,cat-v1,0.6,27
ideia de milhões celular criatividade foto photography photo praia,https://www.youtube.com/watch?v=1DrQNwNnVAc,par de reis shorts,https://www.youtube.com/channel/UCet49GvjPeVDZCO6FBJqizQ,1DrQNwNnVAc,1,category,cat-v1,0.6,27
4 framing  composition techniques for beginners  photography  video training,https://www.youtube.com/watch?v=nKM3jkEOpuE,learn online video,https://www.youtube.com/channel/UCWWq67D7TofEPq_eBiaYCWw,nKM3jkEOpuE,1,category,cat-v1,0.6,27
how to pose and always look good in pictures 50 tips,https://www.youtube.com/watch?v=o7dou88HCTA,daria koso,https://www.youtube.com/channel/UCXGuyrKze7VxNwpcXZdXW-A,o7dou88HCTA,1,category,cat-v1,0.6,27
mobile pro mode explained in 10 minutes hindi,https://www.youtube.com/watch?v=UnHvzTfnuSw,kunal malhotra,https://www.youtube.com/channel/UCeRR3gl2xCB68ZO7O_z7cmA,UnHvzTfnuSw,1,category,cat-v1,0.6,27
adobe photoshop 2025 tips  remove image background using channels ducthangds,https://www.youtube.com/watch?v=dF9WqqnY1Fk,ducthang ds,https://www.youtube.com/channel/UCHMiVk1X8dT1f_YCLFY5gdA,dF9WqqnY1Fk,1,category,cat-v1,0.6,27
how to shoot in manual mode on your camera,https://www.youtube.com/watch?v=Vg1WDO4od90,austin james jackson,https://www.youtube.com/channel/UCriqrppgdUbwL2YoE_e2nwg,Vg1WDO4od90,1,category,cat-v1,0.6,27
photo transition tutorial to the song let me blow ya mind by showmusik app vn,https://www.youtube.com/watch?v=iNbXsYciSZg,dalia schär,https://www.youtube.com/channel/UCF9q2Ztd5DWzdkhoHzCZJNw,iNbXsYciSZg,1,category,cat-v1,0.6,27
nikon d3100 dslr  basic beginner tutorial training part 1,https://www.youtube.com/watch?v=ptiTruEXkGk,tom r photography ,https://www.youtube.com/channel/UCoyQMiYs8LZD2q8GZ3Kbjgg,ptiTruEXkGk,1,category,cat-v1,0.6,27
make your iphone videos look cinematic easy guideline,https://www.youtube.com/watch?v=ZjbThd8q0ok,julian eisenkirchner,https://www.youtube.com/channel/UCkFCbviPCdjccdThhlkaR4Q,ZjbThd8q0ok,1,category,cat-v1,0.6,27
how to make realistic perspective text effect using photoshop shorts,https://www.youtube.com/watch?v=aKx5vxYwm_o,pexel gfxtor,https://www.youtube.com/channel/UCpZkA-Iw4in2UK8qSvkfzEw,aKx5vxYwm_o,1,category,cat-v1,0.6,27
the ultimate guide to street photography,https://www.youtube.com/watch?v=Fh6PIafC8wU,jason vong,https://www.youtube.com/channel/UCBG4ZzTTBVg23yVdQhztnfQ,Fh6PIafC8wU,1,category,cat-v1,0.6,27
mobile photography idea,https://www.youtube.com/watch?v=FmmnzIgUHi0,kunal malhotra,https://www.youtube.com/channel/UCeRR3gl2xCB68ZO7O_z7cmA,FmmnzIgUHi0,1,category,cat-v1,0.6,27
try this easy mobile photography trick  the vertical panorama  shorts,https://www.youtube.com/watch?v=97sq802BCBE,demas rusli,https://www.youtube.com/channel/UCj9r3VS9Tuy9FRI87HrXgow,97sq802BCBE,1,category,cat-v1,0.6,27
free 3 hour landscape photography tutorial with raw files nikon z6,https://www.youtube.com/watch?v=uPveao-ZOLY,taylor jackson,https://www.youtube.com/channel/UCCdYgwZvHnXO8nkRrWl-mfA,uPveao-ZOLY,1,category,cat-v1,0.6,27
inshot app se video editing kaise kare  stepbystep tutorial 2025  inshot video editor,https://www.youtube.com/watch?v=S3fnBU5CKik,invisible gyan,https://www.youtube.com/channel/UCCZFE8t-7VXHUBwBY9R9fww,S3fnBU5CKik,1,category,cat-v1,0.6,27
watch before buying a light for video  filmmaking,https://www.youtube.com/watch?v=ZFbiZIsS9vQ,content creators,https://www.youtube.com/channel/UCXyqlW3MOTbhpQIMapXMOSQ,ZFbiZIsS9vQ,1,category,cat-v1,0.6,27
the secret to nailing your exposure every time,https://www.youtube.com/watch?v=TiYMuWioY_8,steve arnold,https://www.youtube.com/channel/UCkwNWnivy9-On-1aXk4gf-Q,TiYMuWioY_8,1,category,cat-v1,0.6,27
free dramatic portraiture  lighting class w chris knight tutorial,https://www.youtube.com/watch?v=mi8XiGKGU3s,pro edu photography tutorials,https://www.youtube.com/channel/UCaof5tcBQSY7f-SceS-_Xog,mi8XiGKGU3s,1,category,cat-v1,0.6,27
biggest mobile portrait mode mistake  mobile photography tips,https://www.youtube.com/watch?v=Yphwr2YN17Q,roaring film school shorts,https://www.youtube.com/channel/UCafeSJVFBromgZKr4cnXOtA,Yphwr2YN17Q,1,category,cat-v1,0.6,27
split timelapse tutorial vn video editor shorts,https://www.youtube.com/watch?v=AQTA9pVeWuA,how to edit under one minute,https://www.youtube.com/channel/UCp9vWQ5KI3TDPlKOa2x251A,AQTA9pVeWuA,1,category,cat-v1,0.6,27
30second photoshop replace background  create shadows shorts,https://www.youtube.com/watch?v=qaUZWl2JYbw,piximperfect,https://www.youtube.com/channel/UCMrvLMUITAImCHMOhX88PYQ,qaUZWl2JYbw,1,category,cat-v1,0.6,27
scale photos without ugly stretching in photoshop shorts,https://www.youtube.com/watch?v=rREehrfb4fM,piximperfect,https://www.youtube.com/channel/UCMrvLMUITAImCHMOhX88PYQ,rREehrfb4fM,1,category,cat-v1,0.6,27
portrait photography tip for beginners shorts,https://www.youtube.com/watch?v=0hOKxQW-PIk,kunal malhotra,https://www.youtube.com/channel/UCeRR3gl2xCB68ZO7O_z7cmA,0hOKxQW-PIk,1,category,cat-v1,0.6,27
lightroom photo editing full tutorial hindilightroom की पूरी जानकारी इस वीडियो मेlightroomediting,https://www.youtube.com/watch?v=fprZ_0gz6_Y,rsc picture,https://www.youtube.com/channel/UC7trZe9OYelGwJjqBV_xyCg,fprZ_0gz6_Y,1,category,cat-v1,0.6,27
the ultimate guide to color theory in just 12 minutes — photography visual patterns 4,https://www.youtube.com/watch?v=yIOVJXNoDxY,pat kay,https://www.youtube.com/channel/UCeMvA8xJIGgvEjO0kgGFOpg,yIOVJXNoDxY,1,category,cat-v1,0.6,27
7 photography tips for beginners  canon eos rebel t7  eos 1500d,https://www.youtube.com/watch?v=EfH6lHekOn8,photo genius,https://www.youtube.com/channel/UC9lyUdwosxq_OxC1uggjUPA,EfH6lHekOn8,1,category,cat-v1,0.6,27
google gemini ai photo editing  ai couple photo editing  gemini ai magic 2026,https://www.youtube.com/watch?v=t6oLE15K6W0,shushil editor,https://www.youtube.com/channel/UCwgBQln4FFFOWJU2WX-gAkQ,t6oLE15K6W0,1,category,cat-v1,0.6,27
aperture shutter speed  iso settings to master manual mode  हिंदी,https://www.youtube.com/watch?v=xJMeVYIz-BE,kunal malhotra,https://www.youtube.com/channel/UCeRR3gl2xCB68ZO7O_z7cmA,xJMeVYIz-BE,1,category,cat-v1,0.6,27
telugu photography tutorials 30days 30 buttons and options teluguphotographyvlogs viewfindersnap,https://www.youtube.com/watch?v=AVNgtgViLV0,telugu photography vlogs,https://www.youtube.com/channel/UCoAgWm7qF2Tlckzy4yW7qJw,AVNgtgViLV0,1,category,cat-v1,0.6,27
80 of photography basics in just 10 minutes,https://www.youtube.com/watch?v=hVuTuib65WM,pat kay,https://www.youtube.com/channel/UCeMvA8xJIGgvEjO0kgGFOpg,hVuTuib65WM,1,category,cat-v1,0.6,27
tom  jerry rithvikavireal end twist  shorts,https://www.youtube.com/watch?v=f5-ep47m_TU,kl bro biju rithvik,https://www.youtube.com/channel/UCL5nlHWXVLeOsSjKH2fhmsg,f5-ep47m_TU,0,category,cat-v1,0.6,24
would you pet a cheetah in africa,https://www.youtube.com/watch?v=8kggT2ej-lo,mrbeast,https://www.youtube.com/channel/UCX6OQ3DkcsbYNE6H8uQQuVA,8kggT2ej-lo,0,category,cat-v1,0.6,24
man vs cartoon characters animation meme boyanddragon shorts,https://www.youtube.com/watch?v=BZkDft_-blY,boy  dragon  wildbrain,https://www.youtube.com/channel/UCsbBEef-l-vFAh0F3clHsrw,BZkDft_-blY,0,category,cat-v1,0.6,24
try to repeat with us funny funnyvideos comedy family,https://www.youtube.com/watch?v=08TMuvDoFlk,arina kids,https://www.youtube.com/channel/UCd-qNPS2rlpYWiRXcMp-N0g,08TMuvDoFlk,0,category,cat-v1,0.6,24
me vs  my friend  at lunch break  school life shorts comedy funny ashortaday friends school,https://www.youtube.com/watch?v=6y1-zfBDdvI,minku tinku,https://www.youtube.com/channel/UCxi0dzokH2oIL6NfCgqmAsw,6y1-zfBDdvI,0,category,cat-v1,0.6,24
issei funny video  winter sea shorts,https://www.youtube.com/watch?v=BCz2tp8AI0c,issei  いっせい,https://www.youtube.com/channel/UC6QZ_ss3i_8qLV_RczPZBkw,BCz2tp8AI0c,0,category,cat-v1,0.6,24
funny video 🤪comedy videoshorts emotional fun funny comedy entertainment viral,https://www.youtube.com/watch?v=Wn1dnpoTWRI,vloger priya priyanshu,https://www.youtube.com/channel/UCB_OXHgHiu6oTtLGWNJQ4SQ,Wn1dnpoTWRI,0,category,cat-v1,0.6,24
funny baby crying  tom  jerry funnyvideo youtubeshorts trending mantumommagic shorts,https://www.youtube.com/watch?v=lRzG3phjmYo,mantu mom magic ,https://www.youtube.com/channel/UCP15G0y9gSG12qn5CtX9X8A,lRzG3phjmYo,0,category,cat-v1,0.6,24
my heart is for you  a or b    funny animation,https://www.youtube.com/watch?v=0Sbx23ZlMfI,4m animation,https://www.youtube.com/channel/UCJRoUjCbVLWvA20rCbh1qfQ,0Sbx23ZlMfI,0,category,cat-v1,0.6,24
i cant believe that happened  try not to laugh shorts,https://www.youtube.com/watch?v=VZedJx16tIg,dose of happy,https://www.youtube.com/channel/UCxkWPAE3RC2XJ_hbUsnb0_g,VZedJx16tIg,0,category,cat-v1,0.6,24
best fails of the year  try not to laugh🤣🤣,https://www.youtube.com/watch?v=BNiTVsAlzlc,failarmy,https://www.youtube.com/channel/UCPDis9pjXuqyI7RYLJ-TTSA,BNiTVsAlzlc,0,category,cat-v1,0.6,24
new funny video 2022 best comedy video try not to laugh funny shorts arina kids,https://www.youtube.com/watch?v=a8_d_IhsBJg,arina kids,https://www.youtube.com/channel/UCd-qNPS2rlpYWiRXcMp-N0g,a8_d_IhsBJg,0,category,cat-v1,0.6,24
nonomen funny video super funny reaction,https://www.youtube.com/watch?v=Ew7T0clzCqQ,nonomen ノノメン,https://www.youtube.com/channel/UCUdJc8_Ah8BYBp4uhP-XO-Q,Ew7T0clzCqQ,0,category,cat-v1,0.6,24
sagawa1gou funny video   sagawa best shorts 2022 shorts,https://www.youtube.com/watch?v=a2vJLW0ZkX0,sagawa さがわ,https://www.youtube.com/channel/UCWaOde99oeUVoXbIj3SNu9g,a2vJLW0ZkX0,0,category,cat-v1,0.6,24
try not to laugh top 10 funniest moments funny,https://www.youtube.com/watch?v=gKKJbKlPD0g,chris colditz,https://www.youtube.com/channel/UCuHvKRvLtJk7Rz1Ga4vk_oQ,gKKJbKlPD0g,0,category,cat-v1,0.6,24
cleanest transition the internet has witnessed,https://www.youtube.com/watch?v=LMx5qgZy_7Q,brandon b,https://www.youtube.com/channel/UCUnmH8N8k4E7y3dKfCzDKKg,LMx5qgZy_7Q,0,category,cat-v1,0.6,24
do you like strawberry ice cream  shorts funny comedy,https://www.youtube.com/watch?v=ek8AJzvMuk0,funny club tv,https://www.youtube.com/channel/UCJquRn5s6Wl79JLpFtCz7Hw,ek8AJzvMuk0,0,category,cat-v1,0.6,24
best fails of the year so far,https://www.youtube.com/watch?v=-GJFSmpZjCw,failarmy,https://www.youtube.com/channel/UCPDis9pjXuqyI7RYLJ-TTSA,-GJFSmpZjCw,0,category,cat-v1,0.6,24
junya1gou funny video ,https://www.youtube.com/watch?v=qcoQZqRxNfY,junyaじゅんや,https://www.youtube.com/channel/UCjp_3PEaOau_nT_3vnqKIvg,qcoQZqRxNfY,0,category,cat-v1,0.6,24
try not to laugh or grin while watching funny kids vines  best viners 2021,https://www.youtube.com/watch?v=GOysW6WYWoE,best viners 2,https://www.youtube.com/channel/UC0vDTIi5YP1IVT7gZo0afQA,GOysW6WYWoE,0,category,cat-v1,0.6,24
i pranked the school bully 🫣 candy prank asmr,https://www.youtube.com/watch?v=4eEiHNUVsNg,spizee,https://www.youtube.com/channel/UCtM58H2QaTXTi7OIRAVgAGg,4eEiHNUVsNg,0,category,cat-v1,0.6,24
the best of the internet 2022,https://www.youtube.com/watch?v=NVH79ehGfY0,daily dose of internet,https://www.youtube.com/channel/UCdC0An4ZPNr_YiFiYoVbwaw,NVH79ehGfY0,0,category,cat-v1,0.6,24
little brother’s hilarious watermelon prank on big bro ,https://www.youtube.com/watch?v=V3-kBxGjAWY,excited bro,https://www.youtube.com/channel/UCmBcV0lRSo0wkvowPSF9eJQ,V3-kBxGjAWY,0,category,cat-v1,0.6,24
which part do you likecomedy meme remix,https://www.youtube.com/watch?v=wqMQNIlzdGk,issei  いっせい,https://www.youtube.com/channel/UC6QZ_ss3i_8qLV_RczPZBkw,wqMQNIlzdGk,0,category,cat-v1,0.6,24
best funny memes of the year top 10 ,https://www.youtube.com/watch?v=iYXT1h0mYlM,chris colditz,https://www.youtube.com/channel/UCuHvKRvLtJk7Rz1Ga4vk_oQ,iYXT1h0mYlM,0,category,cat-v1,0.6,24
issei funny video  shorts,https://www.youtube.com/watch?v=kMAoBGDzAG8,issei  いっせい,https://www.youtube.com/channel/UC6QZ_ss3i_8qLV_RczPZBkw,kMAoBGDzAG8,0,category,cat-v1,0.6,24
google meme teacher  google reading funny  google spelling funny,https://www.youtube.com/watch?v=R9VvNR2QwlQ,lets laugh together,https://www.youtube.com/channel/UCQoYI16iV_m_SBv2_9-rEAQ,R9VvNR2QwlQ,0,category,cat-v1,0.6,24
jennifer lawrences reaction to every wing on hot ones ,https://www.youtube.com/watch?v=1ntwS9EbaQ8,first we feast,https://www.youtube.com/channel/UCPD_bxCRGpmmeQcbe2kpPaA,1ntwS9EbaQ8,0,category,cat-v1,0.6,24
try not to laugh game,https://www.youtube.com/watch?v=IvATO7gvWhA,issei  いっせい,https://www.youtube.com/channel/UC6QZ_ss3i_8qLV_RczPZBkw,IvATO7gvWhA,0,category,cat-v1,0.6,24
ranking the funniest filter challenge 🤣 part 6,https://www.youtube.com/watch?v=-55jShs9owk,mr chill,https://www.youtube.com/channel/UCD8EF2_byGKzQZckdD-eB1g,-55jShs9owk,0,category,cat-v1,0.6,24
quick answer makes steve hiss shorts,https://www.youtube.com/watch?v=b1lNX-PGcyE,family feud,https://www.youtube.com/channel/UCt8jfvd9skBAOT6XJwc_mJg,b1lNX-PGcyE,0,category,cat-v1,0.6,24
cute baby  shorts funny cute viral,https://www.youtube.com/watch?v=sScA2QQ1mR4,funny club tv,https://www.youtube.com/channel/UCJquRn5s6Wl79JLpFtCz7Hw,sScA2QQ1mR4,0,category,cat-v1,0.6,24
epic funny video laugh time 🤣🤣shorts funnyvideo comedyvideo viralvideo fails youtubeshorts,https://www.youtube.com/watch?v=zLq9NFvqUPA,laughh paradise,https://www.youtube.com/channel/UCESeXmcZIdzn6NU4N_LN7Bg,zLq9NFvqUPA,0,category,cat-v1,0.6,24
devil wears prada at the oscars  anne hathaway emily blunt  meryl streep  shorts,https://www.youtube.com/watch?v=XZNucxcpDgk,oscars,https://www.youtube.com/channel/UCb-vZWBeWA5Q2818JmmJiqQ,XZNucxcpDgk,0,category,cat-v1,0.6,24
part 1  if you laugh you will eliminate🤫shorts,https://www.youtube.com/watch?v=zqpwbyOXsd0,team star bts,https://www.youtube.com/channel/UCa6tsoN--vD0Y3790BfK-xg,zqpwbyOXsd0,0,category,cat-v1,0.6,24
ranking the funniest filter challenge 🤣 part 10,https://www.youtube.com/watch?v=KqG97fnquME,mr chill,https://www.youtube.com/channel/UCD8EF2_byGKzQZckdD-eB1g,KqG97fnquME,0,category,cat-v1,0.6,24
chris pratts sons potty mouth🤣 shorts,https://www.youtube.com/watch?v=5-un0IBxP9o,the graham norton show,https://www.youtube.com/channel/UC4PziMH5MvvsmqM0VCZTy-g,5-un0IBxP9o,0,category,cat-v1,0.6,24
try not to laugh challenge104   kind react  kindreact,https://www.youtube.com/watch?v=m4jONF5bUUk,naman universe,https://www.youtube.com/channel/UCsszgUTaVumWsKDk3NQYCsw,m4jONF5bUUk,0,category,cat-v1,0.6,24
funny video  ice cream prank,https://www.youtube.com/watch?v=ooNepQlgj28,biboben,https://www.youtube.com/channel/UCNuG5QidepVff-YzVcqmr6Q,ooNepQlgj28,0,category,cat-v1,0.6,24
tom jerry grandpagrandmadont miss the end🤣 shorts,https://www.youtube.com/watch?v=MHdc1S5QIzI,aja kitchen,https://www.youtube.com/channel/UCOh01Sv2bdi_hjci9tOH7Mg,MHdc1S5QIzI,0,category,cat-v1,0.6,24
issei funny video  new meme remix,https://www.youtube.com/watch?v=QGhyVqC1sWA,issei  いっせい,https://www.youtube.com/channel/UC6QZ_ss3i_8qLV_RczPZBkw,QGhyVqC1sWA,0,category,cat-v1,0.6,24
try not to laugh 🤣 top 100 funniest videos ever  memes epic fails  pranks compilation part 25,https://www.youtube.com/watch?v=gXKy3GQJRKA,yabaifunny,https://www.youtube.com/channel/UCYfOElZVy5mtF2T84ecopsA,gXKy3GQJRKA,0,category,cat-v1,0.6,24
craziest sagawa1gou funny tiktok compilation  try not to laugh watching cactus dance challenge 2024,https://www.youtube.com/watch?v=jUpknoy-DKc,sagawa さがわ,https://www.youtube.com/channel/UCWaOde99oeUVoXbIj3SNu9g,jUpknoy-DKc,0,category,cat-v1,0.6,24
ranking funniest little kid moments shorts,https://www.youtube.com/watch?v=c8haaR5HtlY,monthsphere,https://www.youtube.com/channel/UCAW6P4sYAHbPuwOJQptwDCQ,c8haaR5HtlY,0,category,cat-v1,0.6,24
most funny  video in varanasi ghat funny funnyshorts ganga varanasi ghat youtubeshorts,https://www.youtube.com/watch?v=Pwm4w4QOqs0,trickpro,https://www.youtube.com/channel/UC9uWq9GzXS85e-66_7DRwLQ,Pwm4w4QOqs0,0,category,cat-v1,0.6,24
try not laugh 139 ,https://www.youtube.com/watch?v=xFYkuraE5gQ,jacksinfo,https://www.youtube.com/channel/UCuZBxbwknYtE30Qdh0dQ1Tg,xFYkuraE5gQ,0,category,cat-v1,0.6,24
try not to laugh challenge top 6 funniest videos episode 6 funnyvideos funny,https://www.youtube.com/watch?v=NEB2spXBSJ8,chris colditz,https://www.youtube.com/channel/UCuHvKRvLtJk7Rz1Ga4vk_oQ,NEB2spXBSJ8,0,category,cat-v1,0.6,24
welp men probably do exaggerate this number shorts,https://www.youtube.com/watch?v=qz91smv1cZ8,family feud,https://www.youtube.com/channel/UCt8jfvd9skBAOT6XJwc_mJg,qz91smv1cZ8,0,category,cat-v1,0.6,24
try not to laugh game,https://www.youtube.com/watch?v=0thP51KLmc8,issei  いっせい,https://www.youtube.com/channel/UC6QZ_ss3i_8qLV_RczPZBkw,0thP51KLmc8,0,category,cat-v1,0.6,24
nah 🤣kaneljoseph funnymoments funniestytclips shorts,https://www.youtube.com/watch?v=blKIIFk9r8I,funniest yt clips,https://www.youtube.com/channel/UCdTQfOZ4xB-A0lm2QzM1NVQ,blKIIFk9r8I,0,category,cat-v1,0.6,24
bungee 🥱jumping with rope in beautiful place adventures bungeejumping  shorts vlog,https://www.youtube.com/watch?v=KvC7BzOh3a4,adven,https://www.youtube.com/channel/UCW7SYB_-HgXi-qcAkqwVEvg,KvC7BzOh3a4,0,category,cat-v1,0.6,24
i made satisfying multi layer balloon shorts,https://www.youtube.com/watch?v=YpzNU6u7y_Q,agnit shorts,https://www.youtube.com/channel/UCu6eDhSb-UJq7_vLgKe4vHw,YpzNU6u7y_Q,0,category,cat-v1,0.6,24
when a gamer wants to drive supercar,https://www.youtube.com/watch?v=kqcF3yAriwY,ujjwal shorts,https://www.youtube.com/channel/UCUA81A-VZAZXYALpOScwFOQ,kqcF3yAriwY,0,category,cat-v1,0.6,24
i gave him ₹1 lakh but only 1 hour to spend it,https://www.youtube.com/watch?v=Ci4f7Tz5QFc,ayush bhandari,https://www.youtube.com/channel/UCTig_sB8GjLOcTYBcw6700w,Ci4f7Tz5QFc,0,category,cat-v1,0.6,24
finally i phone 14 pro max le liya 🥰minivlog vlog,https://www.youtube.com/watch?v=EVh4lCjJPWc,shuvo paul vlogs,https://www.youtube.com/channel/UCIJHY-O7qs9bqGkJQjsjQOQ,EVh4lCjJPWc,0,category,cat-v1,0.6,24
i tried the free hotel,https://www.youtube.com/watch?v=CEsHNbzyGZA,drewdoes,https://www.youtube.com/channel/UCwskTkVFu3vuglmSsqiVmbA,CEsHNbzyGZA,0,category,cat-v1,0.6,24
watch train vlog on  neelamkukreja dushyantkukreja shorts,https://www.youtube.com/watch?v=nS15DSplDw0,dushyant kukreja,https://www.youtube.com/channel/UCo6y9hnRawAqtyWhRhblXqg,nS15DSplDw0,0,category,cat-v1,0.6,24
asmr twin mom after school routine 🫧🥘🧸 adayinmylife,https://www.youtube.com/watch?v=zLzsnKwaOEQ,annatwinsies,https://www.youtube.com/channel/UCa8opd43s6JyO4vlgtmEapA,zLzsnKwaOEQ,0,category,cat-v1,0.6,24
garmi 🥰 ki first kulfi   mini vlog  shorts minivlog vlog,https://www.youtube.com/watch?v=8YbQITHkqoE,i am partner ,https://www.youtube.com/channel/UCUjsa9oURTPbpkwj2RCIMFQ,8YbQITHkqoE,0,category,cat-v1,0.6,24
how we shoot our videos minivlog shorts,https://www.youtube.com/watch?v=nnWBfT50Ixc,real aman,https://www.youtube.com/channel/UCJZqkPpOCwlM4gooRYFq8WQ,nnWBfT50Ixc,0,category,cat-v1,0.6,24
kfc vs mcdonald’sfood foodie kfc mcdonalds burger minivlog foodvlog foodreview comparison,https://www.youtube.com/watch?v=BONuX0s1PQc,proud opinions ,https://www.youtube.com/channel/UCcqa2nmuSt_YpPQFRFmV88g,BONuX0s1PQc,0,category,cat-v1,0.6,24
kerala ke special musical instruments  vlog shorts,https://www.youtube.com/watch?v=yYK7Om10wQs,real thugesh ,https://www.youtube.com/channel/UCGCh409DId2JGBRGnyIfhEw,yYK7Om10wQs,0,category,cat-v1,0.6,24
suami hellomelle sakit kasian ” tapi udah sembuh kok 🥰 shorts itsmeissie,https://www.youtube.com/watch?v=Bl2MOuSGBdk,itsmeissie,https://www.youtube.com/channel/UCPOyt9Ii791y25bRdoCT8aQ,Bl2MOuSGBdk,0,category,cat-v1,0.6,24
perjuangan shalat ied bawa ruhie vlog adayinmylife,https://www.youtube.com/watch?v=wmyyH9_67cA,rieke rhasie official,https://www.youtube.com/channel/UC4M4qWZnB5qIae0rvsAp25g,wmyyH9_67cA,0,category,cat-v1,0.6,24
video game  challenge with partner   mini vlog  shorts minivlog vlog,https://www.youtube.com/watch?v=BTs1xzuVArg,sahu original,https://www.youtube.com/channel/UCzLKlc6VfmJJGCu2eivhXyw,BTs1xzuVArg,0,category,cat-v1,0.6,24
pizza  by partner   mini vlog  shorts minivolgs vlog,https://www.youtube.com/watch?v=5xyEwR7y0hE,sahu original,https://www.youtube.com/channel/UCzLKlc6VfmJJGCu2eivhXyw,5xyEwR7y0hE,0,category,cat-v1,0.6,24
stranger drawing reaction  minivlog  141  viralvideo trending indore vlog ashortaday,https://www.youtube.com/watch?v=VG1sD4c3jtQ,hardiksoni art  vlogs,https://www.youtube.com/channel/UCoqZ6SchnGs_2MU-SKjZUJQ,VG1sD4c3jtQ,0,category,cat-v1,0.6,24
daily vlog behind the scene noura ikut tren tiktok behindthescenes,https://www.youtube.com/watch?v=RGyuY0SafAc,kakaola tv,https://www.youtube.com/channel/UCe6XlMMfgFLSgAwqU2ao_JQ,RGyuY0SafAc,0,category,cat-v1,0.6,24
khushboo ke dost ke liye maine gift liya minivlog babuaaman dailyvlog,https://www.youtube.com/watch?v=Ngb1RHGgn8c,real aman,https://www.youtube.com/channel/UCJZqkPpOCwlM4gooRYFq8WQ,Ngb1RHGgn8c,0,category,cat-v1,0.6,24
old piyush   saurabh joshi old vlogs  shorts,https://www.youtube.com/watch?v=dhBkr9EGvXg,yash ki duniya ,https://www.youtube.com/channel/UCzCtuKiDurTUnNW6BOw_2vA,dhBkr9EGvXg,0,category,cat-v1,0.6,24
dubai is unbelievable  bus me danger  shorts vlogs,https://www.youtube.com/watch?v=ZCreWsPX3q4,real thugesh ,https://www.youtube.com/channel/UCGCh409DId2JGBRGnyIfhEw,ZCreWsPX3q4,0,category,cat-v1,0.6,24
daily vlog noura ikut halal bi halal keluarga dailyvlog grwm getreadywithme,https://www.youtube.com/watch?v=cNB4e9S6wz4,kakaola tv,https://www.youtube.com/channel/UCe6XlMMfgFLSgAwqU2ao_JQ,cNB4e9S6wz4,0,category,cat-v1,0.6,24
grwm for the airport 🤍✨☁️ vlog aesthetic morningroutine grwm skincare aestheticgirl,https://www.youtube.com/watch?v=d_7vqS4hpms,alexis jacobo,https://www.youtube.com/channel/UCjHKIzvzdOfEuy1w8LWxC4A,d_7vqS4hpms,0,category,cat-v1,0.6,24
i trust her blindly tanshivlogs shorts,https://www.youtube.com/watch?v=E_wZGB3mA7U,tanshi vlogs,https://www.youtube.com/channel/UC5uWgENEaPf0AkRVLPIv3rg,E_wZGB3mA7U,0,category,cat-v1,0.6,24
hayattayim vlog,https://www.youtube.com/watch?v=HDLOrdNRxxQ,enes batur s,https://www.youtube.com/channel/UCG0HA4uyuuzPzeq_US_ywVg,HDLOrdNRxxQ,0,category,cat-v1,0.6,24
abi̇li̇k görevi̇ tamamlandi vlog,https://www.youtube.com/watch?v=umtPzfeDRiA,cakal,https://www.youtube.com/channel/UCV06Qx4PMVtaTCzerkyfRqg,umtPzfeDRiA,0,category,cat-v1,0.6,24
bodrum vlog w blok3real,https://www.youtube.com/watch?v=8bnPIrN-NWk,i̇brahim tilaver,https://www.youtube.com/channel/UCvOi0S9H1Plb7ph-acVnqhw,8bnPIrN-NWk,0,category,cat-v1,0.6,24
calling my friends for a gossip shorts saravijay monavlogs ​craftervinisha ammu times,https://www.youtube.com/watch?v=xIHfGVvJwo0,ammu times,https://www.youtube.com/channel/UC2a3J_HBc7J7gm8DJc7UUEQ,xIHfGVvJwo0,0,category,cat-v1,0.6,24
my youtube income  minivlog  143  trending viralvideo indore vlog ashortaday,https://www.youtube.com/watch?v=8FKvk1beH7c,hardiksoni art  vlogs,https://www.youtube.com/channel/UCoqZ6SchnGs_2MU-SKjZUJQ,8FKvk1beH7c,0,category,cat-v1,0.6,24
rajdhani food🥘food foodie rajdhaniexpress review foodvlogs irctc train shorts foodreview,https://www.youtube.com/watch?v=XyKovtCehLs,proud opinions ,https://www.youtube.com/channel/UCcqa2nmuSt_YpPQFRFmV88g,XyKovtCehLs,0,category,cat-v1,0.6,24
bhunt ne dra diya  ll sourav joshi vlogs ll shorts youtubeshorts,https://www.youtube.com/watch?v=Rlj_XMyxops,kunali power shorts,https://www.youtube.com/channel/UCs_GlIJsBJYnbmeNW8hkiwA,Rlj_XMyxops,0,category,cat-v1,0.6,24
mummy ab karengi kya   cooking food vlog recipe dailyvlog comedy icecream,https://www.youtube.com/watch?v=TkJGHVRHbKs,prakash 4u,https://www.youtube.com/channel/UCnCmad9uJptG_OsmFlcJ6sg,TkJGHVRHbKs,0,category,cat-v1,0.6,24
piyush gf ko dhekha ke shrma gya  ll sourav joshi vlogs ll shorts youtubeshorts,https://www.youtube.com/watch?v=09ZlJMF8gqM,kunali power shorts,https://www.youtube.com/channel/UCs_GlIJsBJYnbmeNW8hkiwA,09ZlJMF8gqM,0,category,cat-v1,0.6,24
youtube see first payment aagyi  shortsminivlogvlog,https://www.youtube.com/watch?v=gJbN04VSOsw,thakurz vlogs,https://www.youtube.com/channel/UCQJrrRbfv0XreCi87q6_DJw,gJbN04VSOsw,0,category,cat-v1,0.6,24
5 movie theater,https://www.youtube.com/watch?v=eiZrVwSFtuA,jenny hoyos,https://www.youtube.com/channel/UC6YjT1TJaANveVGQ4vl1CIg,eiZrVwSFtuA,0,category,cat-v1,0.6,24
daily vlog noura lebaran hari pertama mohon maaf lahir batin ya dailyvlog lebaran,https://www.youtube.com/watch?v=nSxd8tulm1Y,kakaola tv,https://www.youtube.com/channel/UCe6XlMMfgFLSgAwqU2ao_JQ,nSxd8tulm1Y,0,category,cat-v1,0.6,24
part 2,https://www.youtube.com/watch?v=wuytd0HSDUg,family fitness,https://www.youtube.com/channel/UCvVEcGPPEkn3zSdc-rniGMg,wuytd0HSDUg,0,category,cat-v1,0.6,24
mi rutina de la noche   no puedo dormir shorts  shortsvideo grwm,https://www.youtube.com/watch?v=MkYYzpYH9NI,karina  marina,https://www.youtube.com/channel/UCfgn1AVa96Rye5DRETetq6g,MkYYzpYH9NI,0,category,cat-v1,0.6,24
vava karanjal achuvum karaum 🥰 paavam couple newborn,https://www.youtube.com/watch?v=qypvWeJFnnI,danys days,https://www.youtube.com/channel/UCubgLw1XNl1Vo04Ed8xH1oQ,qypvWeJFnnI,0,category,cat-v1,0.6,24
aaj to gaya kaam se  minivlog  264  viralvideo ytshorts vlog trending,https://www.youtube.com/watch?v=7q5m6Q6TIWg,hardiksoni art  vlogs,https://www.youtube.com/channel/UCoqZ6SchnGs_2MU-SKjZUJQ,7q5m6Q6TIWg,0,category,cat-v1,0.6,24
i̇nfluencer kızların erkek arkadaşlarının bir günü vlog,https://www.youtube.com/watch?v=PGbYwoXENao,halil i̇brahim göker,https://www.youtube.com/channel/UC5VfcMtimzCTxWZkpkaTQOA,PGbYwoXENao,0,category,cat-v1,0.6,24
earned 8000 in a day 🤑,https://www.youtube.com/watch?v=3T_v-YIW0mM,hardiksoni art  vlogs,https://www.youtube.com/channel/UCoqZ6SchnGs_2MU-SKjZUJQ,3T_v-YIW0mM,0,category,cat-v1,0.6,24
sahil ke ulte kaam hai bhai  ll sourav joshi vlogs ll youtubeshorts shorts,https://www.youtube.com/watch?v=q_NCw9GPIkI,joshi family edits,https://www.youtube.com/channel/UCsf_PjA70dUC7We_4pOEm7Q,q_NCw9GPIkI,0,category,cat-v1,0.6,24
piyush negi kya jeet liya  ll sourav joshi vlogs ll shorts youtubeshorts,https://www.youtube.com/watch?v=yF7QwDMoJVM,kunali power shorts,https://www.youtube.com/channel/UCs_GlIJsBJYnbmeNW8hkiwA,yF7QwDMoJVM,0,category,cat-v1,0.6,24
daily vlog malam minggu bebas mau tidur jam berapa movietime dailyvlog movietime,https://www.youtube.com/watch?v=oTD78sEw4VM,kakaola tv,https://www.youtube.com/channel/UCe6XlMMfgFLSgAwqU2ao_JQ,oTD78sEw4VM,0,category,cat-v1,0.6,24
dubai se papa aa gaye  🥹  cooking food vlog recipe dailyvlog comedy banana,https://www.youtube.com/watch?v=VtOoNvrlc0g,prakash 4u,https://www.youtube.com/channel/UCnCmad9uJptG_OsmFlcJ6sg,VtOoNvrlc0g,0,category,cat-v1,0.6,24
stranger girl drawing  minivlog  224  trending viralvideo vlog indore shorts,https://www.youtube.com/watch?v=cq_mQ3YGBOE,hardiksoni art  vlogs,https://www.youtube.com/channel/UCoqZ6SchnGs_2MU-SKjZUJQ,cq_mQ3YGBOE,0,category,cat-v1,0.6,24
new bike revealing  minivlog  275  viralvideo trending trending vlog ashortaday,https://www.youtube.com/watch?v=7lVf9ShmhTA,hardiksoni art  vlogs,https://www.youtube.com/channel/UCoqZ6SchnGs_2MU-SKjZUJQ,7lVf9ShmhTA,0,category,cat-v1,0.6,24
navami kanya poojan mini vlog  chhavibisht minivlogdailyshorts viralshort navratrispecial,https://www.youtube.com/watch?v=OTF42co6IpE,chhavi agarwal bisht,https://www.youtube.com/channel/UCkLnM0movo9A3OLxaI-XvuA,OTF42co6IpE,0,category,cat-v1,0.6,24
mini vlog sushi yemeye gittik  eğlence,https://www.youtube.com/watch?v=57bAv3BL0AI,leyla günay,https://www.youtube.com/channel/UCYBYBzyrzziAJd2XBibLM6g,57bAv3BL0AI,0,category,cat-v1,0.6,24
tom holland react viral videos part 22 tomholland funny trytolaugh reaction,https://www.youtube.com/watch?v=dgn-aenjHp8,mahadi alp,https://www.youtube.com/channel/UCf6zQtsUnIqmfGDDjZz-GkA,dgn-aenjHp8,0,category,cat-v1,0.6,24
what happens when a ghost shows up in public  reaction ghost edit prank,https://www.youtube.com/watch?v=DRvqpTgsmUo,the sleeper historian,https://www.youtube.com/channel/UCkarXOoydbLrZWGcVi5zYLQ,DRvqpTgsmUo,0,category,cat-v1,0.6,24
ishowspeed reacts to ishowsponge,https://www.youtube.com/watch?v=TaPj2FWEgj4,live speedy,https://www.youtube.com/channel/UC2bW_AY9BlbYLGJSXAbjS4Q,TaPj2FWEgj4,0,category,cat-v1,0.6,24
tom holland react viral videos part 16 tomholland funny trynottolaugh reaction,https://www.youtube.com/watch?v=P-HHnYq7Mo4,mahadi alp,https://www.youtube.com/channel/UCf6zQtsUnIqmfGDDjZz-GkA,P-HHnYq7Mo4,0,category,cat-v1,0.6,24
tom holland react viral videos part 34 tomholland funny trynottolaugh reaction,https://www.youtube.com/watch?v=bwxT4UvuDAs,mahadi alp,https://www.youtube.com/channel/UCf6zQtsUnIqmfGDDjZz-GkA,bwxT4UvuDAs,0,category,cat-v1,0.6,24
try not to laugh challenge with mom  trynottolaugh reactionvideo reaction meme memes funny,https://www.youtube.com/watch?v=FWeOvOQ7h2Y,anktastic,https://www.youtube.com/channel/UC4qxmvU1vH9MuuCwFji1dxQ,FWeOvOQ7h2Y,0,category,cat-v1,0.6,24
tom holland react viral videos part 54 tomholland funny trytolaugh reaction,https://www.youtube.com/watch?v=WqeB6OREHcg,mahadi alp,https://www.youtube.com/channel/UCf6zQtsUnIqmfGDDjZz-GkA,WqeB6OREHcg,0,category,cat-v1,0.6,24
try not to react ,https://www.youtube.com/watch?v=KOu3880jQmo,pup react,https://www.youtube.com/channel/UCoW-CsI8W5lo665rn37CfEQ,KOu3880jQmo,0,category,cat-v1,0.6,24
  theboys rashmika reaction shorts,https://www.youtube.com/watch?v=26QLCJa3LHg,on camera,https://www.youtube.com/channel/UCJRMeIB9t_yn8sWad71jlJA,26QLCJa3LHg,0,category,cat-v1,0.6,24
her mic wasnt muted,https://www.youtube.com/watch?v=z7T4vhQnLhQ,sssniperwolf,https://www.youtube.com/channel/UCpB959t8iPrxQWj7G6n0ctQ,z7T4vhQnLhQ,0,category,cat-v1,0.6,24
tom holland react viral videos part 31 tomholland funny trynottolaugh reaction,https://www.youtube.com/watch?v=Sjkoz8h0IsM,mahadi alp,https://www.youtube.com/channel/UCf6zQtsUnIqmfGDDjZz-GkA,Sjkoz8h0IsM,0,category,cat-v1,0.6,24
enna pangu  eppadi pannita funny reaction troll video tamil teabreak,https://www.youtube.com/watch?v=bunryhKB5HY,tea break,https://www.youtube.com/channel/UCmoBMhIxgbPk3LdHagwJb6g,bunryhKB5HY,0,category,cat-v1,0.6,24
tom holland react viral videos part 47 tomholland funny trytolaugh reaction,https://www.youtube.com/watch?v=eKFW8tXhgY8,mahadi alp,https://www.youtube.com/channel/UCf6zQtsUnIqmfGDDjZz-GkA,eKFW8tXhgY8,0,category,cat-v1,0.6,24
tom holland react viral videos part 30 tomholland funny trynottolaugh reaction,https://www.youtube.com/watch?v=5XHbX__BtBk,mahadi alp,https://www.youtube.com/channel/UCf6zQtsUnIqmfGDDjZz-GkA,5XHbX__BtBk,0,category,cat-v1,0.6,24
caseoh reacts to his school test  caseoh meme,https://www.youtube.com/watch?v=46sYlrgZI68,moreclipsforyou,https://www.youtube.com/channel/UCTWeiEY7l_GCVVu91vLRlAA,46sYlrgZI68,0,category,cat-v1,0.6,24
“that’s the reaction i need no lessarianagrande love reactionvideo viral shortsfeed fyp,https://www.youtube.com/watch?v=5REMZt7t-YE,aesthetic shorts ,https://www.youtube.com/channel/UC_SV-diOrbWo3TZzh29VfrQ,5REMZt7t-YE,0,category,cat-v1,0.6,24
tom holland react viral videos part 15 tomholland funny trytolaugh reaction,https://www.youtube.com/watch?v=0bYg79rQOY0,mahadi alp,https://www.youtube.com/channel/UCf6zQtsUnIqmfGDDjZz-GkA,0bYg79rQOY0,0,category,cat-v1,0.6,24
kadang heran juga kenapa bisa pro gitu❗️❗️shorts andresuhen videomeme reactionvideo,https://www.youtube.com/watch?v=hoGKjH1x_JU,aulialya,https://www.youtube.com/channel/UCzQcxYt441c-a5H5diZRd0w,hoGKjH1x_JU,0,category,cat-v1,0.6,24
funny reactions 🤣 funny comedy reaction memes fun entertainment ytshorts shorts comment,https://www.youtube.com/watch?v=daWfnTQ_2DY,vishal yadav ,https://www.youtube.com/channel/UCWpwm7TvYpjP9vnBFlKRzlQ,daWfnTQ_2DY,0,category,cat-v1,0.6,24
try not to laugh challenge with mom trynottolaugh funny challenge reaction reactionvideo memes,https://www.youtube.com/watch?v=wS2ng7ZfY5g,anktastic,https://www.youtube.com/channel/UC4qxmvU1vH9MuuCwFji1dxQ,wS2ng7ZfY5g,0,category,cat-v1,0.6,24
they are shocked  amazing reaction 🤣🤣🤣🤣jokes funny prank,https://www.youtube.com/watch?v=7LZ2sDnbqsM,laugh 4 life,https://www.youtube.com/channel/UCmDOChfahA4gZU3WoRriNUQ,7LZ2sDnbqsM,0,category,cat-v1,0.6,24
tom holland react viral videos part 18 tomholland funny trynottolaugh reaction,https://www.youtube.com/watch?v=M6Mixaw4ZaM,mahadi alp,https://www.youtube.com/channel/UCf6zQtsUnIqmfGDDjZz-GkA,M6Mixaw4ZaM,0,category,cat-v1,0.6,24
jenna ortega reacting to my video ,https://www.youtube.com/watch?v=dyaANHu6BsM,linguini,https://www.youtube.com/channel/UCSbKI3s_8tg3KeQ4R4_6c6g,dyaANHu6BsM,0,category,cat-v1,0.6,24
triggered insaan and ruchikas reaction on ai video  triggeredinsaan ruchikarathore,https://www.youtube.com/watch?v=6J5Rfqb8_Yw,mastibaaz munda,https://www.youtube.com/channel/UC8NVihTC6zRQoT1nyNWxbSw,6J5Rfqb8_Yw,0,category,cat-v1,0.6,24
try not to react ,https://www.youtube.com/watch?v=HDGFjW0iXcQ,pup react,https://www.youtube.com/channel/UCoW-CsI8W5lo665rn37CfEQ,HDGFjW0iXcQ,0,category,cat-v1,0.6,24
pakistani girls reaction on india  pak media pakistan reaction video shorts,https://www.youtube.com/watch?v=QZCRihsNwWc,only shorts 50,https://www.youtube.com/channel/UCsueVNJ_yGMnzhc6WKOcFfQ,QZCRihsNwWc,0,category,cat-v1,0.6,24
tom holland react viral videos part 32 tomholland funny trynottolaugh reaction,https://www.youtube.com/watch?v=q5h6h3vvV_o,mahadi alp,https://www.youtube.com/channel/UCf6zQtsUnIqmfGDDjZz-GkA,q5h6h3vvV_o,0,category,cat-v1,0.6,24
kids vs snoring  dad 🤣 funny reaction shorts,https://www.youtube.com/watch?v=AbUVbRRGOsM,vral reacts,https://www.youtube.com/channel/UCM9Mi-Gy3PPxpMDmh_ms-mA,AbUVbRRGOsM,0,category,cat-v1,0.6,24
ranking best reaction video of ishowspeed ishowspeed,https://www.youtube.com/watch?v=UskKbo7r0n0,retro 5 picks,https://www.youtube.com/channel/UC-_TMy9tORXaYnVhPdU0NZA,UskKbo7r0n0,0,category,cat-v1,0.6,24
accounts reaction video  yo yo honey singh new song  unseen rexctionz dhh  yoyohoneysinghnewsong,https://www.youtube.com/watch?v=7oDi1uzmgl4,unseenrexctionz,https://www.youtube.com/channel/UC_IsGJWHRE5RW0o952EwnxA,7oDi1uzmgl4,0,category,cat-v1,0.6,24
big shaq  mans not hot music video reaction michaeldapaah,https://www.youtube.com/watch?v=g0bDYhy-GZY,zias,https://www.youtube.com/channel/UCwKTAvM2mY5-A4dFY4xCgqw,g0bDYhy-GZY,0,category,cat-v1,0.6,24
tom holland react viral videos part 33 tomholland funny trytolaugh reaction,https://www.youtube.com/watch?v=du70401k_EI,mahadi alp,https://www.youtube.com/channel/UCf6zQtsUnIqmfGDDjZz-GkA,du70401k_EI,0,category,cat-v1,0.6,24
pak girl reaction shorts indvspakmatch pakmediacrying pakpublicreaction pakigirl t20worldcup,https://www.youtube.com/watch?v=XphlWKfKDyM,carry on karan,https://www.youtube.com/channel/UCJZKWMMA0zrvfOZhaXJ2CvQ,XphlWKfKDyM,0,category,cat-v1,0.6,24
tom holland reacts to viral video part 14 tomholland funny reaction memesfunny funnymemes,https://www.youtube.com/watch?v=z_gScHAjsO8,rp2funny,https://www.youtube.com/channel/UCFnwaiMTMteNAyYEKfPR5MA,z_gScHAjsO8,0,category,cat-v1,0.6,24
dhakka hi to laga hai fir kyu mara   shortsfeed reaction prank metro shorts  funny,https://www.youtube.com/watch?v=BWkSrl2H740,oyerajat,https://www.youtube.com/channel/UCdlAlRtgC5tS0CnfP-fNn7g,BWkSrl2H740,0,category,cat-v1,0.6,24
tom holland react viral videos part 61 tomholland funny trytolaugh reaction,https://www.youtube.com/watch?v=Td-0EHuZwR4,mahadi alp,https://www.youtube.com/channel/UCf6zQtsUnIqmfGDDjZz-GkA,Td-0EHuZwR4,0,category,cat-v1,0.6,24
pakistani memes pakvsindmemes memes funny reaction reactpro,https://www.youtube.com/watch?v=fLljHjejFKI,react pro,https://www.youtube.com/channel/UCDjGcabLBWW8erBj34CJSTg,fLljHjejFKI,0,category,cat-v1,0.6,24
baby 2 bache preshan kar rhe the🤣☠️reaction video🤣youtubeshorts shortsviral reactionvideo,https://www.youtube.com/watch?v=wz9iwfakJgY,tannu kapoor,https://www.youtube.com/channel/UCl5gUw6WA8Xk-dYB0KNpS5g,wz9iwfakJgY,0,category,cat-v1,0.6,24
reacting to my own dhar man video,https://www.youtube.com/watch?v=AQ-31WDGxGo,foltyn reacts,https://www.youtube.com/channel/UCD4UWbxOOrFsxkMMfjYQ0VA,AQ-31WDGxGo,0,category,cat-v1,0.6,24
if i laugh i lose viewer suggested videos,https://www.youtube.com/watch?v=OwBWWZ7CpBQ,joe bartolozzi,https://www.youtube.com/channel/UCGRryxFxjXbVAtBPE9EbyMg,OwBWWZ7CpBQ,0,category,cat-v1,0.6,24
tom holland react viral videos part 67 tomholland funny trynottolaugh reaction,https://www.youtube.com/watch?v=TAWPznlWXC0,mahadi alp,https://www.youtube.com/channel/UCf6zQtsUnIqmfGDDjZz-GkA,TAWPznlWXC0,0,category,cat-v1,0.6,24
tom holland react viral videos part 74 tomholland funny trytolaugh reaction,https://www.youtube.com/watch?v=VelDUNgFTYY,mahadi alp,https://www.youtube.com/channel/UCf6zQtsUnIqmfGDDjZz-GkA,VelDUNgFTYY,0,category,cat-v1,0.6,24
tom holland reacts to viral videos part 180 tomholland funny reaction viralvideo funnyshorts,https://www.youtube.com/watch?v=zQirJJgkXuw,anas tv info,https://www.youtube.com/channel/UCAgVGGYAOYonGiU-p1KRjRg,zQirJJgkXuw,0,category,cat-v1,0.6,24
school nahi jana ☠️ reaction video 🤣🤪 youtubeshorts shortsviral reactionvideo shortreaction,https://www.youtube.com/watch?v=h_1HMbyqxY8,tannu kapoor,https://www.youtube.com/channel/UCl5gUw6WA8Xk-dYB0KNpS5g,h_1HMbyqxY8,0,category,cat-v1,0.6,24
funniest try not to laugh tiktoks,https://www.youtube.com/watch?v=nVE6CTQoXdQ,foltyn reacts,https://www.youtube.com/channel/UCD4UWbxOOrFsxkMMfjYQ0VA,nVE6CTQoXdQ,0,category,cat-v1,0.6,24
tom holland react viral videostomholland funny trytolaugh reaction,https://www.youtube.com/watch?v=2anLH2P8mz4,blake 3531,https://www.youtube.com/channel/UCqddx5H3CcpcOVj4_HHy3gg,2anLH2P8mz4,0,category,cat-v1,0.6,24
pro rider or bicycle legend  shorts funny reaction bike viral video,https://www.youtube.com/watch?v=_QD9945zRek,bhumij rider  reacts,https://www.youtube.com/channel/UC0zjknCpstYhvSI8VQ2l1sA,_QD9945zRek,0,category,cat-v1,0.6,24
tom holland react viral videos part 2tomholland funny trytolaugh reaction,https://www.youtube.com/watch?v=p9d3stnE-nM,mose funkyn,https://www.youtube.com/channel/UC74uuXoubtlOurjIBPUmQ-g,p9d3stnE-nM,0,category,cat-v1,0.6,24
tom holland react viral videos part tomholland funny trytolaugh reaction funnyvideo fyp,https://www.youtube.com/watch?v=HtE3J2T1fcE,d2,https://www.youtube.com/channel/UCGYbE-5PDqc9EcRL0Y5ltyA,HtE3J2T1fcE,0,category,cat-v1,0.6,24
fake hand prank   shorts,https://www.youtube.com/watch?v=ZAtCsHEEmKI,topper guild,https://www.youtube.com/channel/UCPuEAY09CtdTzFNWuqVZgDw,ZAtCsHEEmKI,0,category,cat-v1,0.6,24
levitating goldman statue how is this possible statue prank fail​⁠ silvermanstatueofficial,https://www.youtube.com/watch?v=Q1v_5WaIiSY,liberty barros,https://www.youtube.com/channel/UCqFrAZ1xHxvzgGr8nzBlCaw,Q1v_5WaIiSY,0,category,cat-v1,0.6,24
mariage prank w police ‍♀️🤣,https://www.youtube.com/watch?v=TGUJ5T6jAv0,sami2bx,https://www.youtube.com/channel/UCpvD6bcl1emZhwUTGOAmMcQ,TGUJ5T6jAv0,0,category,cat-v1,0.6,24
whoispelagheya fake halloween prank knife,https://www.youtube.com/watch?v=ND7ykRE6IHY,masomkamagic  ,https://www.youtube.com/channel/UCdv4wK9U_ZH-yvejS_ZOEvg,ND7ykRE6IHY,0,category,cat-v1,0.6,24
double pranking my mom and my girlfriend,https://www.youtube.com/watch?v=eZt4Omakb1w,wigofellas,https://www.youtube.com/channel/UCZJXPmoPwJ0VM7aY2vWKwdA,eZt4Omakb1w,0,category,cat-v1,0.6,24
prank on my boyfriend watch till end  shorts,https://www.youtube.com/watch?v=7fm5FUToSfs,mr degree,https://www.youtube.com/channel/UCeYTfGpNCmVhlxjQxBDrGPA,7fm5FUToSfs,0,category,cat-v1,0.6,24
spider on face prank 🤣🤣,https://www.youtube.com/watch?v=FV8iGPKjbs0,asmrlinastar,https://www.youtube.com/channel/UCx4XhF4f6bNjeD4PrzRkQnQ,FV8iGPKjbs0,0,category,cat-v1,0.6,24
my family scares me pranks shorts,https://www.youtube.com/watch?v=5EHKqeLupSQ,hanby clips,https://www.youtube.com/channel/UCbYvvLKojVDpeYUn9TPENDQ,5EHKqeLupSQ,0,category,cat-v1,0.6,24
ripped pants in the gym youtubeshorts viral prank,https://www.youtube.com/watch?v=IZg2dgylIBg,alwayspilipili,https://www.youtube.com/channel/UCo6djXsiuTc6fIIzSAT3i9A,IZg2dgylIBg,0,category,cat-v1,0.6,24
funny scary ghost prank for laughing  sagor bhuyan,https://www.youtube.com/watch?v=fjb0gk5EtVQ,sagor bhuyan,https://www.youtube.com/channel/UC0JttpauH-JoTarmBtL-Ufw,fjb0gk5EtVQ,0,category,cat-v1,0.6,24
prank electro shock resturant️ prank electro shock resturant divertente costume reaction,https://www.youtube.com/watch?v=Kc2jJfs5JrQ,matteo del campo,https://www.youtube.com/channel/UCWQ40nsE63tfoopuSOGVwAw,Kc2jJfs5JrQ,0,category,cat-v1,0.6,24
this prank went too far  shorts,https://www.youtube.com/watch?v=qBAt360UH1Y,wigofellas,https://www.youtube.com/channel/UCZJXPmoPwJ0VM7aY2vWKwdA,qBAt360UH1Y,0,category,cat-v1,0.6,24
wanted comedy twist in lift   lift prank  funny video  ajith editz  shorts prank,https://www.youtube.com/watch?v=h27irbivsgw,ajith x,https://www.youtube.com/channel/UCZ9qvf47F7EoMWux2VhxQew,h27irbivsgw,0,category,cat-v1,0.6,24
bro was shocked 🤣prank,https://www.youtube.com/watch?v=kHZOOjNMVLY,maciej mp,https://www.youtube.com/channel/UC0JdRKBK5CGi-ELeLJz3ZLQ,kHZOOjNMVLY,0,category,cat-v1,0.6,24
ada caranya prankterlucu fuuny,https://www.youtube.com/watch?v=f4EVakIvL9U,risky rian,https://www.youtube.com/channel/UCvxXyt7lmtnoAsXtASQ73XQ,f4EVakIvL9U,0,category,cat-v1,0.6,24
ranking the best harmless dad pranks,https://www.youtube.com/watch?v=9vj8Novohf8,rankicat,https://www.youtube.com/channel/UC_KuEf5uG9UzdCAfejE8ZAA,9vj8Novohf8,0,category,cat-v1,0.6,24
3 holi pranks didi vs aunties shorts,https://www.youtube.com/watch?v=VltQDJDYZAw,shreemani tripathi,https://www.youtube.com/channel/UCcl4x-1l61b4mI3HnnmoxOg,VltQDJDYZAw,0,category,cat-v1,0.6,24
walking on water prank,https://www.youtube.com/watch?v=RPH2APBoVtI,airrack,https://www.youtube.com/channel/UCyps-v4WNjWDnYRKmZ4BUGw,RPH2APBoVtI,0,category,cat-v1,0.6,24
ahhhh get out,https://www.youtube.com/watch?v=z-5DPwnOOqg,jaykindafunny,https://www.youtube.com/channel/UCo1D69DoOnX1um64p4h9XUw,z-5DPwnOOqg,0,category,cat-v1,0.6,24
karate prank nyc  cobra kai ralph macchio william zabka,https://www.youtube.com/watch?v=cgIbzjjbdw8,karate kid  cobra kai,https://www.youtube.com/channel/UCe9DTWmhhxeKyYHL4mldGcA,cgIbzjjbdw8,0,category,cat-v1,0.6,24
sending my girlfriend a picture of her phone when she leaves prank couple,https://www.youtube.com/watch?v=JncsrRSy46c,chlo  matt,https://www.youtube.com/channel/UCZydaZQXul_-NMzwe6eByjg,JncsrRSy46c,0,category,cat-v1,0.6,24
ellie charlotte  eva vs stitch sneaky pool prank showdown,https://www.youtube.com/watch?v=cNzdXkwUsA8,toys and colors,https://www.youtube.com/channel/UCgFXm4TI8htWmCyJ6cVPG_A,cNzdXkwUsA8,0,category,cat-v1,0.6,24
old man powerlifter at muscle beach  anatoly gym prank,https://www.youtube.com/watch?v=YFbdukrZZHc,anatoly,https://www.youtube.com/channel/UCwYQXYfPHTZKANHzBHdYo2w,YFbdukrZZHc,0,category,cat-v1,0.6,24
vegan prank prank,https://www.youtube.com/watch?v=DE8gdST4oUc,maciej mp,https://www.youtube.com/channel/UC0JdRKBK5CGi-ELeLJz3ZLQ,DE8gdST4oUc,0,category,cat-v1,0.6,24
i wasn’t gonna slapped youtubeshorts viral prank,https://www.youtube.com/watch?v=6uraogYVxzY,alwayspilipili,https://www.youtube.com/channel/UCo6djXsiuTc6fIIzSAT3i9A,6uraogYVxzY,0,category,cat-v1,0.6,24
top 6 devious prank gadgets shorts,https://www.youtube.com/watch?v=gNpAM5VggRU,mr degree,https://www.youtube.com/channel/UCeYTfGpNCmVhlxjQxBDrGPA,gNpAM5VggRU,0,category,cat-v1,0.6,24
ice cream prank on mom and baby ❤️ funny woodscraft comedy,https://www.youtube.com/watch?v=dQFKOf-kvHw,thánh ăn tạp,https://www.youtube.com/channel/UCAfiTVtiNYy7qUBwiwI6fIw,dQFKOf-kvHw,0,category,cat-v1,0.6,24
try not to laugh 🤣 top 100 funniest videos ever  memes epic fails  pranks compilation part 10,https://www.youtube.com/watch?v=OeAv-F3__fM,yabaifunny,https://www.youtube.com/channel/UCYfOElZVy5mtF2T84ecopsA,OeAv-F3__fM,0,category,cat-v1,0.6,24
most funny 🤣 video in varanasi funny prank funnyshorts varanasi shorts,https://www.youtube.com/watch?v=uAy_EV0vfZA,trickpro,https://www.youtube.com/channel/UC9uWq9GzXS85e-66_7DRwLQ,uAy_EV0vfZA,0,category,cat-v1,0.6,24
she was shocked at his pickup line  pranks pickuplines rizz arizonastateuniversity,https://www.youtube.com/watch?v=ZnFL2FOziyQ,theburnstwins,https://www.youtube.com/channel/UC1GkyUm4JYmH1qKUIMXROgA,ZnFL2FOziyQ,0,category,cat-v1,0.6,24
lipstick prank on my boyfriend shorts,https://www.youtube.com/watch?v=B0z7xIKHREg,piper rockelle,https://www.youtube.com/channel/UCYfbq37VGb-07tDS0FGtsPw,B0z7xIKHREg,0,category,cat-v1,0.6,24
girlfriend change prank   group lift prank  funny video  ajith editz  shorts pranks,https://www.youtube.com/watch?v=vwcpmLfdLlM,ajith x,https://www.youtube.com/channel/UCZ9qvf47F7EoMWux2VhxQew,vwcpmLfdLlM,0,category,cat-v1,0.6,24
 black face needed to use lift   lift prank  funny video  ajith x  shorts prank,https://www.youtube.com/watch?v=g5zGha_W82I,ajith x,https://www.youtube.com/channel/UCZ9qvf47F7EoMWux2VhxQew,g5zGha_W82I,0,category,cat-v1,0.6,24
बुड़ियाprank in metro🤣🤪viralvideo trending funny voice pranks shorte videos foryou,https://www.youtube.com/watch?v=qaetqMOOt0M,pradeep kumar mishra,https://www.youtube.com/channel/UCXrBonz5mgv7dqX4SW6EWOg,qaetqMOOt0M,0,category,cat-v1,0.6,24
pranking my girlfriend but it went wrong  shorts,https://www.youtube.com/watch?v=KESxrCDkUI0,wigofellas,https://www.youtube.com/channel/UCZJXPmoPwJ0VM7aY2vWKwdA,KESxrCDkUI0,0,category,cat-v1,0.6,24
the best food prank ,https://www.youtube.com/watch?v=iya_gCLvHlg, zqotiz,https://www.youtube.com/channel/UC22rU-oXsRzoBqM71k13icA,iya_gCLvHlg,0,category,cat-v1,0.6,24
middle ☝ prank on mom 🤣🤣🤣,https://www.youtube.com/watch?v=n3sBodbmRMQ,asmrlinastar,https://www.youtube.com/channel/UCx4XhF4f6bNjeD4PrzRkQnQ,n3sBodbmRMQ,0,category,cat-v1,0.6,24
a real mermaid  the carbonaro effect shorts magic prank 🧜‍♀️✨,https://www.youtube.com/watch?v=4zFz5rTzeJo,prank haus,https://www.youtube.com/channel/UCDt2ApjgkmZhlzNcRRCCHzg,4zFz5rTzeJo,0,category,cat-v1,0.6,24
बुड़ियाprank in  metro🤣🤪viralvideo trending funny voice pranks shorte videos foryou,https://www.youtube.com/watch?v=v6mwE9q8jHo,pradeep kumar mishra,https://www.youtube.com/channel/UCXrBonz5mgv7dqX4SW6EWOg,v6mwE9q8jHo,0,category,cat-v1,0.6,24
ranking the best zople prank call moments shortsviral,https://www.youtube.com/watch?v=5tlqRb2cNIM,dn shorts,https://www.youtube.com/channel/UCo22tfHCql6mIfGEoxMbdvQ,5tlqRb2cNIM,0,category,cat-v1,0.6,24
walking prank on strangers🤣,https://www.youtube.com/watch?v=umd2DjuPFZ4,because why not ,https://www.youtube.com/channel/UCt4cyoeqit_5X8igvbYYb4Q,umd2DjuPFZ4,0,category,cat-v1,0.6,24
kaha se aate hai ase log 🤔  delhi metro shadi prank trending youtubeshorts shadi fitpunom,https://www.youtube.com/watch?v=yJ56pXlArzI,fit punom,https://www.youtube.com/channel/UCmH9gC_-NApMiSfGKCjF-IQ,yJ56pXlArzI,0,category,cat-v1,0.6,24
eating girls pani puri prankamuku dumuku amal dumal prank india 99 shorts,https://www.youtube.com/watch?v=nt_kx3YyuHA,itz murtuja ,https://www.youtube.com/channel/UCZ2WAODBApwQx7R-ik033fA,nt_kx3YyuHA,0,category,cat-v1,0.6,24
mirror pranks pranks funny fyp usa,https://www.youtube.com/watch?v=p0WVyt1942I,delilah974,https://www.youtube.com/channel/UCoIiMpjMUB-oIEDUlq93ivg,p0WVyt1942I,0,category,cat-v1,0.6,24
wait for end mannequinchallenge statue prank funny sarfarazansari,https://www.youtube.com/watch?v=bt0hpt8sDE4,sarfaraz ansari,https://www.youtube.com/channel/UCXPnZDZY9puB0kIrX7hGXIQ,bt0hpt8sDE4,0,category,cat-v1,0.6,24
lift prank 20  rj naved,https://www.youtube.com/watch?v=OFJTJPMY5Vo,rj naved,https://www.youtube.com/channel/UCnxR2m8Z70_ORJpamIk_hUA,OFJTJPMY5Vo,0,category,cat-v1,0.6,24
gordon ramsay tries most expensive chocolate bar,https://www.youtube.com/watch?v=FD-0KG-h2-c,mrbeast,https://www.youtube.com/channel/UCX6OQ3DkcsbYNE6H8uQQuVA,FD-0KG-h2-c,0,category,cat-v1,0.6,24
who is the best at gymnastics brothers and sister challenge,https://www.youtube.com/watch?v=BuvyOhCjeIo,ninja kidz tv,https://www.youtube.com/channel/UCpZ88DWlKW0H_AYDaUZptcw,BuvyOhCjeIo,0,category,cat-v1,0.6,24
mms red foods vs chocolate foods ice cream challenge funny shorts by ethan funny family,https://www.youtube.com/watch?v=IQ7BpLl81u8,ethan funny family,https://www.youtube.com/channel/UCnBDsZLdYSU5jJttrDvn2yQ,IQ7BpLl81u8,0,category,cat-v1,0.6,24
fruit shots drinking challenge फल शॉट्स पीने की चुनौती shorts foodie streetfood,https://www.youtube.com/watch?v=K4caQMPUV7A,wakenbite,https://www.youtube.com/channel/UCVidr_Df7gMAcLB2HBe1ZOA,K4caQMPUV7A,0,category,cat-v1,0.6,24
left or right spicy challenge with my little sister 🥵,https://www.youtube.com/watch?v=LSr4RIhATZM,spizee,https://www.youtube.com/channel/UCtM58H2QaTXTi7OIRAVgAGg,LSr4RIhATZM,0,category,cat-v1,0.6,24
would you risk drowning for 500000,https://www.youtube.com/watch?v=uyiG6uw-6pA,mrbeast,https://www.youtube.com/channel/UCX6OQ3DkcsbYNE6H8uQQuVA,uyiG6uw-6pA,0,category,cat-v1,0.6,24
spicy sauce vs honey sauce emoji food challenge  sweet rice donuts mukbang funny video shorts,https://www.youtube.com/watch?v=LyDU8-H_XW4,huba후바,https://www.youtube.com/channel/UCybzQL-nUUIcbobgx6CrvkQ,LyDU8-H_XW4,0,category,cat-v1,0.6,24
random emoji beatbox challenge beatbox tiktok,https://www.youtube.com/watch?v=CQNxaGAPBvY,beatboxjcop,https://www.youtube.com/channel/UCdX5KXiCTPYWYZscfphgQ4g,CQNxaGAPBvY,0,category,cat-v1,0.6,24
last to leave their circle wins 500000,https://www.youtube.com/watch?v=zajUgQLviwk,mrbeast,https://www.youtube.com/channel/UCX6OQ3DkcsbYNE6H8uQQuVA,zajUgQLviwk,0,category,cat-v1,0.6,24
60000 extreme hide and seek  challenge,https://www.youtube.com/watch?v=LdMx2U5tby0,mrbeast,https://www.youtube.com/channel/UCX6OQ3DkcsbYNE6H8uQQuVA,LdMx2U5tby0,0,category,cat-v1,0.6,24
extreme giant blue food challenge,https://www.youtube.com/watch?v=usYRpRDnUGc,the faith family,https://www.youtube.com/channel/UCm4FUt0uVITowfThQhs0NNQ,usYRpRDnUGc,0,category,cat-v1,0.6,24
every minute one person is eliminated,https://www.youtube.com/watch?v=sF5LYGgKbUA,mrbeast,https://www.youtube.com/channel/UCX6OQ3DkcsbYNE6H8uQQuVA,sF5LYGgKbUA,0,category,cat-v1,0.6,24
last to leave roller coaster wins 20000  challenge,https://www.youtube.com/watch?v=gL6iSCSHjco,mrbeast,https://www.youtube.com/channel/UCX6OQ3DkcsbYNE6H8uQQuVA,gL6iSCSHjco,0,category,cat-v1,0.6,24
did you pass ✅ or fail ❌this challenge subscribe to get another chance ,https://www.youtube.com/watch?v=4XSU17gdL_4,scottsreality,https://www.youtube.com/channel/UCFXZBGS7J0IDINQc8xtMqCg,4XSU17gdL_4,0,category,cat-v1,0.6,24
sour family sour gummy lemon challenge ,https://www.youtube.com/watch?v=vXUZpRRrIBU,the faith family,https://www.youtube.com/channel/UCm4FUt0uVITowfThQhs0NNQ,vXUZpRRrIBU,0,category,cat-v1,0.6,24
viral tiktok fidget game  pop it 🟡🟣🟢 asmr shorts smol 123go,https://www.youtube.com/watch?v=-ZYj1uJiIF0,smol,https://www.youtube.com/channel/UCBBZ7No0AzEJ3qiatjSa-mg,-ZYj1uJiIF0,0,category,cat-v1,0.6,24
water pouring challenge 🤣 short,https://www.youtube.com/watch?v=nIzLdFeyxL0,chattambees,https://www.youtube.com/channel/UCzsNLZ9GrGXRjt0QmvWFm2Q,nIzLdFeyxL0,0,category,cat-v1,0.6,24
part 8  if you laugh you will eliminate🤣shorts,https://www.youtube.com/watch?v=LDlblTyBIJ4,team stars,https://www.youtube.com/channel/UCO3J0RQkTAqR3niPfj2wO_g,LDlblTyBIJ4,0,category,cat-v1,0.6,24
trapped on an island until i build a boat,https://www.youtube.com/watch?v=JFtlf8RoPZY,mrbeast,https://www.youtube.com/channel/UCX6OQ3DkcsbYNE6H8uQQuVA,JFtlf8RoPZY,0,category,cat-v1,0.6,24
giant gold chocolates challenge with my sister 🤤,https://www.youtube.com/watch?v=mip8wfRa_ZE,spizee,https://www.youtube.com/channel/UCtM58H2QaTXTi7OIRAVgAGg,mip8wfRa_ZE,0,category,cat-v1,0.6,24
24 hour waterpark challenge emotional,https://www.youtube.com/watch?v=1MnD8z4n63k,jordan matter,https://www.youtube.com/channel/UCKaCalz5N5ienIbfPzEbYuA,1MnD8z4n63k,0,category,cat-v1,0.6,24
ages 1  100 race for 250000,https://www.youtube.com/watch?v=9WEQts7b8Pw,mrbeast,https://www.youtube.com/channel/UCX6OQ3DkcsbYNE6H8uQQuVA,9WEQts7b8Pw,0,category,cat-v1,0.6,24
crazy magic challenge with xaviermortimer,https://www.youtube.com/watch?v=9BPv3MQe028,g9teen,https://www.youtube.com/channel/UCJk3WFC6coZf0pLBYm31SYw,9BPv3MQe028,0,category,cat-v1,0.6,24
challenge to build a dog house outdoor staircase from magnetic balls asmr videos,https://www.youtube.com/watch?v=QQoMcL2oaao,magnet challenge ,https://www.youtube.com/channel/UCE5IjMc_iztLrN2U92B-vTg,QQoMcL2oaao,0,category,cat-v1,0.6,24
extreme try not to laugh challenge,https://www.youtube.com/watch?v=HR1ig6u9-6A,beast reacts,https://www.youtube.com/channel/UCUaT_39o1x6qWjz7K2pWcgw,HR1ig6u9-6A,0,category,cat-v1,0.6,24
real vs gummy 🤤 gummy asmr ft trendytreats,https://www.youtube.com/watch?v=Z5xn0iI7FoU,spizee,https://www.youtube.com/channel/UCtM58H2QaTXTi7OIRAVgAGg,Z5xn0iI7FoU,0,category,cat-v1,0.6,24
tom jerry grandpagrandmadont miss the end🤣 shorts,https://www.youtube.com/watch?v=t9aOM0kDfS4,aja kitchen,https://www.youtube.com/channel/UCOh01Sv2bdi_hjci9tOH7Mg,t9aOM0kDfS4,0,category,cat-v1,0.6,24
baba banke dost ko behosh kar diya  shorts minivlog challenge comedy funny reaction,https://www.youtube.com/watch?v=U1PRl0VIzUE,shreyansh pathak,https://www.youtube.com/channel/UCR5_IGDVYCgCk-72NYlUVcA,U1PRl0VIzUE,0,category,cat-v1,0.6,24
munch eating challenge shorts,https://www.youtube.com/watch?v=esu09QrGPGw,team stars,https://www.youtube.com/channel/UCO3J0RQkTAqR3niPfj2wO_g,esu09QrGPGw,0,category,cat-v1,0.6,24
random emoji beatbox challenge beatbox tiktok,https://www.youtube.com/watch?v=cMNmU88zi7o,beatboxjcop,https://www.youtube.com/channel/UCdX5KXiCTPYWYZscfphgQ4g,cMNmU88zi7o,0,category,cat-v1,0.6,24
salt  sugar challenge 🤣 short shorts,https://www.youtube.com/watch?v=Gujcko6LxR0,chattambees,https://www.youtube.com/channel/UCzsNLZ9GrGXRjt0QmvWFm2Q,Gujcko6LxR0,0,category,cat-v1,0.6,24
reaction time challenge,https://www.youtube.com/watch?v=rB9NynBZ4go,mrbeast,https://www.youtube.com/channel/UCX6OQ3DkcsbYNE6H8uQQuVA,rB9NynBZ4go,0,category,cat-v1,0.6,24
the scariest challenge ever,https://www.youtube.com/watch?v=AT9HbX6fg5U,ben azelart,https://www.youtube.com/channel/UCwVg9btOceLQuNCdoQk9CXg,AT9HbX6fg5U,0,category,cat-v1,0.6,24
asmr mukbang  eating random green food shorts food asmr mukbang challenge spicyfood,https://www.youtube.com/watch?v=jJ16zD4IiNA,toby,https://www.youtube.com/channel/UCilcnu178Z2ULEHzJPJbWdQ,jJ16zD4IiNA,0,category,cat-v1,0.6,24
sour candy emoji challenge with my little sister 🤤,https://www.youtube.com/watch?v=nIyYt1fjFuo,spizee,https://www.youtube.com/channel/UCtM58H2QaTXTi7OIRAVgAGg,nIyYt1fjFuo,0,category,cat-v1,0.6,24
red food  vs blue food color challenge dona,https://www.youtube.com/watch?v=3om7Xm9ne0Q,dona english,https://www.youtube.com/channel/UC7jo3cJYMDXbEbHUNw2h7aA,3om7Xm9ne0Q,0,category,cat-v1,0.6,24
1 or 2❤️  simpal kharel new tiktok reels video balamthanedar simpalkharel trending shorts,https://www.youtube.com/watch?v=IGKvQXX9_Do,simpal kharel,https://www.youtube.com/channel/UCewbVCg5R3C9IBVrp-u0VFw,IGKvQXX9_Do,0,category,cat-v1,0.6,24
my daughters 24 hour trampoline park challenge,https://www.youtube.com/watch?v=2fseQJvR7eQ,jordan matter,https://www.youtube.com/channel/UCKaCalz5N5ienIbfPzEbYuA,2fseQJvR7eQ,0,category,cat-v1,0.6,24
the impossible challenge  shorts challenge interesting,https://www.youtube.com/watch?v=e_AaiVLPSk8,the savage square,https://www.youtube.com/channel/UCUeHUOy5fwWXaCJwzw-UiPw,e_AaiVLPSk8,0,category,cat-v1,0.6,24
extreme try not to laugh challenge,https://www.youtube.com/watch?v=9jzUrudNUWo,beast reacts,https://www.youtube.com/channel/UCUaT_39o1x6qWjz7K2pWcgw,9jzUrudNUWo,0,category,cat-v1,0.6,24
survive 30 days on an island with your ex win 250000,https://www.youtube.com/watch?v=AaMdXZMvT3w,mrbeast,https://www.youtube.com/channel/UCX6OQ3DkcsbYNE6H8uQQuVA,AaMdXZMvT3w,0,category,cat-v1,0.6,24
best friend telepathy challenge shorts,https://www.youtube.com/watch?v=gO6zCoFk_o8,jordan matter,https://www.youtube.com/channel/UCKaCalz5N5ienIbfPzEbYuA,gO6zCoFk_o8,0,category,cat-v1,0.6,24
no breaks no second chance  so many levels of challenges  who focus to balance the final ball ,https://www.youtube.com/watch?v=ppPr_SfcD7k,ss food challenge,https://www.youtube.com/channel/UCx1prWrMNDAInA97EU2QUEg,ppPr_SfcD7k,0,category,cat-v1,0.6,24
i made biggest toilet seat,https://www.youtube.com/watch?v=K0Opm50V6xs,pragati verma,https://www.youtube.com/channel/UCBu8GHpHy9vX8ixdTb38kIQ,K0Opm50V6xs,0,category,cat-v1,0.6,24
genius food hacks  shorts,https://www.youtube.com/watch?v=yvr4U1sF1P0,mr degree,https://www.youtube.com/channel/UCeYTfGpNCmVhlxjQxBDrGPA,yvr4U1sF1P0,0,category,cat-v1,0.6,24
10 second bottle candy challenge   1000 rs  chocolate challenge🤑 shorts ashortaday minkutinku,https://www.youtube.com/watch?v=04lil4qOPBw,minku tinku,https://www.youtube.com/channel/UCxi0dzokH2oIL6NfCgqmAsw,04lil4qOPBw,0,category,cat-v1,0.6,24
raja vs spicy challenge 🥵,https://www.youtube.com/watch?v=hemt6Yw6csc,sourav das,https://www.youtube.com/channel/UCxT6k4MFbmV9VWtg25ZcTKw,hemt6Yw6csc,0,category,cat-v1,0.6,24
choose your food challenge  she thought shed get a second donut 🧐 shorts best video by hmelkofm,https://www.youtube.com/watch?v=-dDW6FxFpuo,hmelkofm,https://www.youtube.com/channel/UCE8o2AWXA7SXZj7dcTQGZRA,-dDW6FxFpuo,0,category,cat-v1,0.6,24
extreme try not to laugh challenge,https://www.youtube.com/watch?v=Q-Kc5EfIRlk,beast reacts,https://www.youtube.com/channel/UCUaT_39o1x6qWjz7K2pWcgw,Q-Kc5EfIRlk,0,category,cat-v1,0.6,24
this interview gets the funniest answers ever,https://www.youtube.com/watch?v=VSR6aYFTt88,dojadog,https://www.youtube.com/channel/UCIzKvGZN703WXCbtOANr63A,VSR6aYFTt88,0,category,cat-v1,0.6,24
paying celebrities to guess my age at coachella shorts,https://www.youtube.com/watch?v=veHvGDJ8d4Y,jordan matter,https://www.youtube.com/channel/UCKaCalz5N5ienIbfPzEbYuA,veHvGDJ8d4Y,0,category,cat-v1,0.6,24
does tom holland think hes hotter than timothée chalamet ,https://www.youtube.com/watch?v=gH96b2U293Y,ladbible stories,https://www.youtube.com/channel/UC4oVjJptcsvtgIMrdIUQYlQ,gH96b2U293Y,0,category,cat-v1,0.6,24
tom holland gets pranked in interview,https://www.youtube.com/watch?v=2kCQk0fkfFc,julseyhiphop,https://www.youtube.com/channel/UCeQcGsHJVcdvvkNP9Q8wO_w,2kCQk0fkfFc,0,category,cat-v1,0.6,24
pov youre looking for a date in the 80s shorts,https://www.youtube.com/watch?v=3wrs1wCIlX4,the graham norton show,https://www.youtube.com/channel/UC4PziMH5MvvsmqM0VCZTy-g,3wrs1wCIlX4,0,category,cat-v1,0.6,24
selena gomez answers 73 questions  vogue,https://www.youtube.com/watch?v=_GFkHA5EZdE,vogue,https://www.youtube.com/channel/UCRXiA3h1no_PFkb1JCP0yMA,_GFkHA5EZdE,0,category,cat-v1,0.6,24
73 questions with taylor swift  vogue,https://www.youtube.com/watch?v=XnbCSboujF4,vogue,https://www.youtube.com/channel/UCRXiA3h1no_PFkb1JCP0yMA,XnbCSboujF4,0,category,cat-v1,0.6,24
top 4 funny movie cast moments marvel movie funny,https://www.youtube.com/watch?v=WdlNJ1xZY0M,randomthoughtss,https://www.youtube.com/channel/UC4BLaHDIH8Dw_a3RtfAapbg,WdlNJ1xZY0M,0,category,cat-v1,0.6,24
zendaya the puppy interview coming tomorrow at 12pm pt zendaya dunemovie puppies,https://www.youtube.com/watch?v=EDJa3UYNggk,buzzfeed celeb,https://www.youtube.com/channel/UCPRUgAl_MV9PajsrG_BmT9w,EDJa3UYNggk,0,category,cat-v1,0.6,24
jennifer lawrence explains how good she is at archery,https://www.youtube.com/watch?v=TmnKpKMMcyo,wired,https://www.youtube.com/channel/UCftwRNsjfRo08xYE31tkiyw,TmnKpKMMcyo,0,category,cat-v1,0.6,24
jennifer lawrence caught in 4k ✈️ shorts,https://www.youtube.com/watch?v=oVZhrdMXRs4,the graham norton show,https://www.youtube.com/channel/UC4PziMH5MvvsmqM0VCZTy-g,oVZhrdMXRs4,0,category,cat-v1,0.6,24
ajay devgn  kajol reveal what cuisine their kids like to eat the most  curly tales shorts,https://www.youtube.com/watch?v=3bLYO-1bTuo,curly tales ,https://www.youtube.com/channel/UCDnq05Q89oYq-Tz5boL73Tw,3bLYO-1bTuo,0,category,cat-v1,0.6,24
aishwarya rai clever reply to oprah winfrey aishwaryarai shorts women trending womenempowerment,https://www.youtube.com/watch?v=TB6ctjf8WrY,ailsa binge ,https://www.youtube.com/channel/UC0YIFf84JvJI7aqU5Itv8Vw,TB6ctjf8WrY,0,category,cat-v1,0.6,24
these 5 celebrities just admitted to taking juice bodybuilding fitness nattyornot,https://www.youtube.com/watch?v=WOS5PDqWvP8,paris demers,https://www.youtube.com/channel/UCNuKUn3ruRJFZ7heGBa55ow,WOS5PDqWvP8,0,category,cat-v1,0.6,24
ryan gosling and harrison ford lose it at hilarious interview  this morning,https://www.youtube.com/watch?v=bAb8KIhgVAI,this morning,https://www.youtube.com/channel/UChFsYLqPUyLiZnfRog6wiZA,bAb8KIhgVAI,0,category,cat-v1,0.6,24
why keanu reeves is the most humble celebrity  joe rogan,https://www.youtube.com/watch?v=FbtpVHE8QZQ,the sigma life,https://www.youtube.com/channel/UCeprKTQ1H41te5juHLPP6KA,FbtpVHE8QZQ,0,category,cat-v1,0.6,24
fukrainsaan vs thakur sisters mixed bag celebrity trivia quiz part115 thakursisters trivia,https://www.youtube.com/watch?v=OBCfkWzszRc,thakur sisters,https://www.youtube.com/channel/UCl90rgsYqIKsVHDJLHqKp_Q,OBCfkWzszRc,0,category,cat-v1,0.6,24
is priyanka chopra jonas vegan,https://www.youtube.com/watch?v=JC0H6xIIUt4,wired,https://www.youtube.com/channel/UCftwRNsjfRo08xYE31tkiyw,JC0H6xIIUt4,0,category,cat-v1,0.6,24
ajith sir number என்கிட்ட இல்ல trisha actresstrisha ajithkumar thalapathyvijay dhanush raangi,https://www.youtube.com/watch?v=VGZ_rrGo6Zw,wow tamizhaa,https://www.youtube.com/channel/UCMkpWZfMBmu3eFbc32MVFRg,VGZ_rrGo6Zw,0,category,cat-v1,0.6,24
top 5 jennifer lawrence iconic momentsjenniferlawrence celebrity fyp funny,https://www.youtube.com/watch?v=J7Mh2GS69_0,comedifying,https://www.youtube.com/channel/UCacgeB3GHyAF5kFs5aJ9onw,J7Mh2GS69_0,0,category,cat-v1,0.6,24
kevin hart cant stop attacking old celebrities shorts,https://www.youtube.com/watch?v=fOOmJWqEQ0Y,peacock,https://www.youtube.com/channel/UCPgMAS8woHJ_o_OZdTR7kcQ,fOOmJWqEQ0Y,0,category,cat-v1,0.6,24
keanu reeves touching words to sandra bullock celebrity shorts,https://www.youtube.com/watch?v=Wj3Xt-Js_fE,thoughts,https://www.youtube.com/channel/UC1r1vWPiVafAOk3XgN5Dlgg,Wj3Xt-Js_fE,0,category,cat-v1,0.6,24
aubrey plaza’s friends thought her stroke was a joke,https://www.youtube.com/watch?v=3emC0o8Yd9E,letterman,https://www.youtube.com/channel/UCVUx0VcNxnHx7ZjuZK5Sthw,3emC0o8Yd9E,0,category,cat-v1,0.6,24
how not to start an interview,https://www.youtube.com/watch?v=yXF8Lhvjqa8,take5tv,https://www.youtube.com/channel/UC7elOaLAmxd4duvU089njMA,yXF8Lhvjqa8,0,category,cat-v1,0.6,24
saoirse ronan pronouncing irish names jomarch stephen colbert,https://www.youtube.com/watch?v=C7lQEBm553Q,celebrity bizz,https://www.youtube.com/channel/UCzCD3U8XGOP8jKhOLJSnT3A,C7lQEBm553Q,0,category,cat-v1,0.6,24
uncut the nicki minaj interview with stephen colbert,https://www.youtube.com/watch?v=8s9joL_AGfo,the late show with stephen colbert,https://www.youtube.com/channel/UCMtFAi84ehTSYSE9XoHefig,8s9joL_AGfo,0,category,cat-v1,0.6,24
alia bhatt house age  mother name  qa  rapid fire  alia bhatt interview,https://www.youtube.com/watch?v=ZZfy7iW7zbc,learn with krishna,https://www.youtube.com/channel/UC3G5M5sXkvZnUVo9ESB-uug,ZZfy7iW7zbc,0,category,cat-v1,0.6,24
what does margot robbie sleep with each night,https://www.youtube.com/watch?v=mA6LEX5DXUA,ladbible stories,https://www.youtube.com/channel/UC4oVjJptcsvtgIMrdIUQYlQ,mA6LEX5DXUA,0,category,cat-v1,0.6,24
priyanka chopra roasts nick jonas   shorts,https://www.youtube.com/watch?v=51mYGlJjfe0,netflix india shorts,https://www.youtube.com/channel/UCim0ZIz8SAQGPvg4mJHG3JA,51mYGlJjfe0,0,category,cat-v1,0.6,24
no one recognised james bond sips tea shorts,https://www.youtube.com/watch?v=66Q6ADt_WsU,the graham norton show,https://www.youtube.com/channel/UC4PziMH5MvvsmqM0VCZTy-g,66Q6ADt_WsU,0,category,cat-v1,0.6,24
priyanka chopra  nick jonas can priyanka remember the jonas brotherss original name,https://www.youtube.com/watch?v=FdRrAZUYh_s,vogue,https://www.youtube.com/channel/UCRXiA3h1no_PFkb1JCP0yMA,FdRrAZUYh_s,0,category,cat-v1,0.6,24
riteish deshmukh shares srk  the host story  shorts,https://www.youtube.com/watch?v=6UWx5fMIsg0,netflix india shorts,https://www.youtube.com/channel/UCim0ZIz8SAQGPvg4mJHG3JA,6UWx5fMIsg0,0,category,cat-v1,0.6,24
ana de armas shows off her tattoos,https://www.youtube.com/watch?v=1aqTlXqfc28,wired,https://www.youtube.com/channel/UCftwRNsjfRo08xYE31tkiyw,1aqTlXqfc28,0,category,cat-v1,0.6,24
అర్హ పెద్ద వసపిట్ట niharika konidela about allu arha alluarjun mahaamax,https://www.youtube.com/watch?v=XK2d65XkmVo,mahaa max,https://www.youtube.com/channel/UCahlB7NH6FgO-JGQZuPElSQ,XK2d65XkmVo,0,category,cat-v1,0.6,24
times celebs gave unexpectedly honest answers to interview questions,https://www.youtube.com/watch?v=kCu2DVhqxm4,salty,https://www.youtube.com/channel/UCqE1HYsaEArEQT4lTk1xrrQ,kCu2DVhqxm4,0,category,cat-v1,0.6,24
sabrina carpenters reaction to every wing on hot ones 🥵 ,https://www.youtube.com/watch?v=8fAupIQbkB4,first we feast,https://www.youtube.com/channel/UCPD_bxCRGpmmeQcbe2kpPaA,8fAupIQbkB4,0,category,cat-v1,0.6,24
ryan gosling answers ellens personal questions,https://www.youtube.com/watch?v=ZqnSOGhynDo,theellenshow,https://www.youtube.com/channel/UCp0hYYBW6IMayGgR-WeoCvQ,ZqnSOGhynDo,0,category,cat-v1,0.6,24
rihanna answers 15 questions from aap rocky  vogue,https://www.youtube.com/watch?v=EpGCCKB3Oag,vogue,https://www.youtube.com/channel/UCRXiA3h1no_PFkb1JCP0yMA,EpGCCKB3Oag,0,category,cat-v1,0.6,24
ranking the most hilarious interview fails part 2,https://www.youtube.com/watch?v=JRK8SwWPROA,epic rank,https://www.youtube.com/channel/UC2WRFhaI1P3MwdnRr_LEzyQ,JRK8SwWPROA,0,category,cat-v1,0.6,24
unprofessional interviewers ruined the interview,https://www.youtube.com/watch?v=F7C61_ISqzc,salty,https://www.youtube.com/channel/UCqE1HYsaEArEQT4lTk1xrrQ,F7C61_ISqzc,0,category,cat-v1,0.6,24
funniest rapidfire round with laiba khanlaibakhan aliansari usmanpeerzada kaffara  jq1q,https://www.youtube.com/watch?v=91F9tAO730I,celeb city official by drm,https://www.youtube.com/channel/UC5fEui9AMRGGPN1M29Fpzfg,91F9tAO730I,0,category,cat-v1,0.6,24
ryan gosling  margot robbie the puppy interview,https://www.youtube.com/watch?v=s5bI_732Cqs,buzzfeed celeb,https://www.youtube.com/channel/UCPRUgAl_MV9PajsrG_BmT9w,s5bI_732Cqs,0,category,cat-v1,0.6,24
tom holland cuddling puppies ,https://www.youtube.com/watch?v=CaRKq5vSOAw,ladbible entertainment,https://www.youtube.com/channel/UCYRE3PMYatMVXmqmulF0sgA,CaRKq5vSOAw,0,category,cat-v1,0.6,24
savage replies at koffee with karan show  karanjohar bollywood,https://www.youtube.com/watch?v=J2uWdwreZ8A,atomic talks,https://www.youtube.com/channel/UCGsgRKXJ67HUg9LCgQfqbbQ,J2uWdwreZ8A,0,category,cat-v1,0.6,24
impossible questions with priyanka chopra jonas  vogue india,https://www.youtube.com/watch?v=UKfIr9wNpLM,vogue india,https://www.youtube.com/channel/UCh29s-RNWI6z63670hUv71Q,UKfIr9wNpLM,0,category,cat-v1,0.6,24
stranger things cast reveal uncomfortable truths in the hot seat  vanity fair,https://www.youtube.com/watch?v=wlBKZMw88sQ,vanity fair,https://www.youtube.com/channel/UCIsbLox_y9dCIMLd8tdC6qg,wlBKZMw88sQ,0,category,cat-v1,0.6,24
your favourite moments  marathon  the graham norton show,https://www.youtube.com/watch?v=6MgRTFX_7UU,the graham norton show,https://www.youtube.com/channel/UC4PziMH5MvvsmqM0VCZTy-g,6MgRTFX_7UU,0,category,cat-v1,0.6,24
marvel studios avengers infinity war official trailer,https://www.youtube.com/watch?v=6ZfuNTqbHE8,marvel entertainment,https://www.youtube.com/channel/UCvC4D8onUfXzvjTOM-dBfEA,6ZfuNTqbHE8,0,category,cat-v1,0.6,24
salaar hindi trailer  prabhas  prashanth neel  prithvirajshruthihombale films vijay kiragandur,https://www.youtube.com/watch?v=HihakYi5M2I,hombale films,https://www.youtube.com/channel/UCarJoVXH0T2pdtcHBu9J8Bw,HihakYi5M2I,0,category,cat-v1,0.6,24
dhurandhar official trailer  ranveer singh  aditya dhar  storming cinemas worldwide,https://www.youtube.com/watch?v=BKOVzHcjEIo,jiostudios,https://www.youtube.com/channel/UCcXQd6kHKm0b41x8zMVMmMg,BKOVzHcjEIo,0,category,cat-v1,0.6,24
chhaava  official trailer  vicky k  rashmika m  akshaye k  dinesh vijan  laxman u  14th feb,https://www.youtube.com/watch?v=77vRyWNqZjM,maddock films,https://www.youtube.com/channel/UC-LOdiPoxninevJ0DkleCLg,77vRyWNqZjM,0,category,cat-v1,0.6,24
jawan  official hindi trailer  shah rukh khan  atlee  nayanthara  vijay s  deepika p  anirudh,https://www.youtube.com/watch?v=COv52Qyctws,red chillies entertainment,https://www.youtube.com/channel/UCjJKg01HAP01xCLVhDmnLhw,COv52Qyctws,0,category,cat-v1,0.6,24
dhurandhar the revenge official hindi trailer  ranveer s  aditya d  roaring in cinemas now,https://www.youtube.com/watch?v=NHk7scrb_9I,jiostudios,https://www.youtube.com/channel/UCcXQd6kHKm0b41x8zMVMmMg,NHk7scrb_9I,0,category,cat-v1,0.6,24
sikandar official trailer  salman khan rashmika  sajid nadiadwala  ar murugadoss  30th march,https://www.youtube.com/watch?v=BAk5ZCoTWY8,nadiadwalagrandson,https://www.youtube.com/channel/UC7bd9i-yWpUOhvC72fATxrQ,BAk5ZCoTWY8,0,category,cat-v1,0.6,24
bachchhan paandey  official trailer  akshay kriti jacqueline arshad  sajid n farhad s18th march,https://www.youtube.com/watch?v=4d8m59ct2wQ,nadiadwalagrandson,https://www.youtube.com/channel/UC7bd9i-yWpUOhvC72fATxrQ,4d8m59ct2wQ,0,category,cat-v1,0.6,24
sikandar official teaser  salman khan  sajid nadiadwala  ar murugadoss  eid 2025,https://www.youtube.com/watch?v=l2AMaPCsJIQ,nadiadwalagrandson,https://www.youtube.com/channel/UC7bd9i-yWpUOhvC72fATxrQ,l2AMaPCsJIQ,0,category,cat-v1,0.6,24
the bads of bollywood  official trailer  aryan khan  bobby d lakshya raghav sahher,https://www.youtube.com/watch?v=J-0f7teDD2I,netflix india,https://www.youtube.com/channel/UCZSNzBgFub_WWil6TOTYwAg,J-0f7teDD2I,0,category,cat-v1,0.6,24
fighter official trailer  hrithik roshan deepika padukone anil kapoor siddharth anand  25th jan,https://www.youtube.com/watch?v=6amIq_mP4xM,viacom18 studios,https://www.youtube.com/channel/UCs56ffejFhWlCvlvRIdpb9Q,6amIq_mP4xM,0,category,cat-v1,0.6,24
dragon glimpse  telugu  ntr  anil kapoor  rukmini vasanth  ravi basrur  prashanth neel ,https://www.youtube.com/watch?v=bedocP4nRAo,mythri movie makers,https://www.youtube.com/channel/UCKZSn5C-RzrLjuWJF8wWiDw,bedocP4nRAo,0,category,cat-v1,0.6,24
avatar fire and ash  official trailer,https://www.youtube.com/watch?v=nb_fFj_0rq8,avatar,https://www.youtube.com/channel/UCgjxQJ6TlKqhHax8742ZMdA,nb_fFj_0rq8,0,category,cat-v1,0.6,24
the odyssey  official trailer,https://www.youtube.com/watch?v=Mzw2ttJD2qQ,universal pictures,https://www.youtube.com/channel/UCq0OueAsdxH6b8nyAspwViw,Mzw2ttJD2qQ,0,category,cat-v1,0.6,24
peddi official trailer telugu  ram charan  janhvi kapoor  a r rahman  buchi babu sana,https://www.youtube.com/watch?v=sF2dj7ycZvA,vriddhi cinemas,https://www.youtube.com/channel/UC6lsO963dMizsl_EC5qAfJQ,sF2dj7ycZvA,0,category,cat-v1,0.6,24
bhooth bangla official trailer akshay kumar tabu paresh wamiqa priyadarshan in cinemas 16 apr,https://www.youtube.com/watch?v=XW1RkKiRnsg,balaji motion pictures,https://www.youtube.com/channel/UCSHLoG-bXj1aVA2T5y8t84A,XW1RkKiRnsg,0,category,cat-v1,0.6,24
deadpool  wolverine  official trailer  in theaters july 26,https://www.youtube.com/watch?v=73_1biulkYk,marvel entertainment,https://www.youtube.com/channel/UCvC4D8onUfXzvjTOM-dBfEA,73_1biulkYk,0,category,cat-v1,0.6,24
marvel studios’ guardians of the galaxy vol 3  official trailer,https://www.youtube.com/watch?v=u3V5KDHRQvk,marvel entertainment,https://www.youtube.com/channel/UCvC4D8onUfXzvjTOM-dBfEA,u3V5KDHRQvk,0,category,cat-v1,0.6,24
project hail mary  official trailer,https://www.youtube.com/watch?v=m08TxIsFTRI,amazon mgm studios,https://www.youtube.com/channel/UCf5CjDJvsFvtVIhkfmKAwAA,m08TxIsFTRI,0,category,cat-v1,0.6,24
king  title reveal  shah rukh khan  siddharth anand  it’s showtime  2026,https://www.youtube.com/watch?v=Uu2QK9Z9X5E,red chillies entertainment,https://www.youtube.com/channel/UCjJKg01HAP01xCLVhDmnLhw,Uu2QK9Z9X5E,0,category,cat-v1,0.6,24
maalik trailer  rajkummar rao manushi chhillar prosenjit pulkit kumar taurani  jay s11th july,https://www.youtube.com/watch?v=0itY1Fhvnnk,tips films,https://www.youtube.com/channel/UCqXO3ktBw0D0sw1z5hZFeDg,0itY1Fhvnnk,0,category,cat-v1,0.6,24
masters of the universe – official teaser trailer,https://www.youtube.com/watch?v=ZmEx7wQI6RY,amazon mgm studios,https://www.youtube.com/channel/UCf5CjDJvsFvtVIhkfmKAwAA,ZmEx7wQI6RY,0,category,cat-v1,0.6,24
horror movie trailers be like barbie edition shorts funny comedy,https://www.youtube.com/watch?v=XSmi-PPfliA,martin maty,https://www.youtube.com/channel/UCkwRwl6sTAX4Ue8AIQu4JDQ,XSmi-PPfliA,0,category,cat-v1,0.6,24
oromeo official trailer  sajid n  vishal b  shahid k  triptii d  nana p  avinash t  13th feb,https://www.youtube.com/watch?v=2M4hKmuBzUU,nadiadwalagrandson,https://www.youtube.com/channel/UC7bd9i-yWpUOhvC72fATxrQ,2M4hKmuBzUU,0,category,cat-v1,0.6,24
ikkis  official trailer  in cinemas worldwide this new year  1st january 2026,https://www.youtube.com/watch?v=ebAznVtYY84,maddock films,https://www.youtube.com/channel/UC-LOdiPoxninevJ0DkleCLg,ebAznVtYY84,0,category,cat-v1,0.6,24
disclosure day  official teaser,https://www.youtube.com/watch?v=UFe6NRgoXCM,universal pictures,https://www.youtube.com/channel/UCq0OueAsdxH6b8nyAspwViw,UFe6NRgoXCM,0,category,cat-v1,0.6,24
kohrra season 2  official trailer  mona singh barun sobti  netflix india,https://www.youtube.com/watch?v=1yjaLIxs880,netflix india,https://www.youtube.com/channel/UCZSNzBgFub_WWil6TOTYwAg,1yjaLIxs880,0,category,cat-v1,0.6,24
one night only  official trailer,https://www.youtube.com/watch?v=JRG244IfrRE,universal pictures,https://www.youtube.com/channel/UCq0OueAsdxH6b8nyAspwViw,JRG244IfrRE,0,category,cat-v1,0.6,24
insidious out of the further  official trailer 4k,https://www.youtube.com/watch?v=jxU8FU3o75A,sony pictures entertainment,https://www.youtube.com/channel/UCz97F7dMxBNOfGYu3rx8aCw,jxU8FU3o75A,0,category,cat-v1,0.6,24
the odyssey  official new trailer,https://www.youtube.com/watch?v=f_bKjZeJBBI,universal pictures,https://www.youtube.com/channel/UCq0OueAsdxH6b8nyAspwViw,f_bKjZeJBBI,0,category,cat-v1,0.6,24
tu yaa main  trailer  shanaya k adarsh g  bejoy nambiar  aanand l rai  vinod bhanushali,https://www.youtube.com/watch?v=Js8oSyfvtug,colour yellow,https://www.youtube.com/channel/UCzcPG7uIA-R82YR1xB86Wcw,Js8oSyfvtug,0,category,cat-v1,0.6,24
f1® the movie  main trailer,https://www.youtube.com/watch?v=8yh9BPUBbbQ,warner bros,https://www.youtube.com/channel/UCjmJDM5pRKbUlVIzDYYWb6g,8yh9BPUBbbQ,0,category,cat-v1,0.6,24
mere husband ki biwi  official trailer  arjun rakul bhumi  mudassar  21 feb,https://www.youtube.com/watch?v=kPDPBU8eVuo,puja films,https://www.youtube.com/channel/UCw_qKx4QAhnrhuOEwhah8ew,kPDPBU8eVuo,0,category,cat-v1,0.6,24
taskaree the smugglers web  official trailer  netflix,https://www.youtube.com/watch?v=gKhfbEpM45E,netflix india,https://www.youtube.com/channel/UCZSNzBgFub_WWil6TOTYwAg,gKhfbEpM45E,0,category,cat-v1,0.6,24
peek into world of oromeo sajid n  vishal b l shahid k  triptii d  nana p avinash t  13th feb,https://www.youtube.com/watch?v=OCzMAfyisTM,nadiadwalagrandson,https://www.youtube.com/channel/UC7bd9i-yWpUOhvC72fATxrQ,OCzMAfyisTM,0,category,cat-v1,0.6,24
disclosure day  official trailer,https://www.youtube.com/watch?v=SCYT8vb2siQ,universal pictures,https://www.youtube.com/channel/UCq0OueAsdxH6b8nyAspwViw,SCYT8vb2siQ,0,category,cat-v1,0.6,24
spiderman brand new day  official trailer  exclusively in cinemas 31 july,https://www.youtube.com/watch?v=BwntXFBNfOA,sony pictures india,https://www.youtube.com/channel/UCFqyJFbsV-uEcosvNhg0PaQ,BwntXFBNfOA,0,category,cat-v1,0.6,24
thor will return  avengers doomsday in theaters december 18 2026,https://www.youtube.com/watch?v=1clWprLC5Ak,marvel entertainment,https://www.youtube.com/channel/UCvC4D8onUfXzvjTOM-dBfEA,1clWprLC5Ak,0,category,cat-v1,0.6,24
steve rogers will return  avengers doomsday in theaters december 18 2026,https://www.youtube.com/watch?v=UiMg566PREA,marvel entertainment,https://www.youtube.com/channel/UCvC4D8onUfXzvjTOM-dBfEA,UiMg566PREA,0,category,cat-v1,0.6,24
peddi official trailer hindi  ram charan  janhvi kapoor  a r rahman  buchi babu sana,https://www.youtube.com/watch?v=9kYn_vpkiio,jiostudios,https://www.youtube.com/channel/UCcXQd6kHKm0b41x8zMVMmMg,9kYn_vpkiio,0,category,cat-v1,0.6,24
rama  namit malhotra’s ramayana  nitesh tiwari  ranbir yash hans zimmer  ar rahman,https://www.youtube.com/watch?v=YleIZgpTF6w,world of ramayana,https://www.youtube.com/channel/UCE_2NIASLA2RH3BuV6YRv9A,YleIZgpTF6w,0,category,cat-v1,0.6,24
masters of the universe – official trailer,https://www.youtube.com/watch?v=X21JsHLHnY8,amazon mgm studios,https://www.youtube.com/channel/UCf5CjDJvsFvtVIhkfmKAwAA,X21JsHLHnY8,0,category,cat-v1,0.6,24
the xmen will return  avengers doomsday in theaters december 18 2026,https://www.youtube.com/watch?v=kH1XlwHQv9o,marvel entertainment,https://www.youtube.com/channel/UCvC4D8onUfXzvjTOM-dBfEA,kH1XlwHQv9o,0,category,cat-v1,0.6,24
dhurandhar the revenge official hindi teaser  ranveer s  aditya d  roaring in cinemas now,https://www.youtube.com/watch?v=CN0lNff-zm0,jiostudios,https://www.youtube.com/channel/UCcXQd6kHKm0b41x8zMVMmMg,CN0lNff-zm0,0,category,cat-v1,0.6,24
project hail mary  final trailer,https://www.youtube.com/watch?v=P0XN3-n-2Lo,amazon mgm studios,https://www.youtube.com/channel/UCf5CjDJvsFvtVIhkfmKAwAA,P0XN3-n-2Lo,0,category,cat-v1,0.6,24
fockerinlaw  official trailer,https://www.youtube.com/watch?v=vyISuWUWcFs,universal pictures,https://www.youtube.com/channel/UCq0OueAsdxH6b8nyAspwViw,vyISuWUWcFs,0,category,cat-v1,0.6,24
the rajasaab trailer 20 telugu  prabhas  maruthi  thaman s  tg vishwa prasad  jan 9 2026,https://www.youtube.com/watch?v=E08GZ3pFlnk,people media factory,https://www.youtube.com/channel/UCrzx3ZPXEZpzEGLF1gIuORQ,E08GZ3pFlnk,0,category,cat-v1,0.6,24
minecraft movie trailer clip  an ender pearl original vs animated,https://www.youtube.com/watch?v=3er4YQDiXjY,draxdoomer animations,https://www.youtube.com/channel/UCbKHGSFTBHWbnt8LYSzlELQ,3er4YQDiXjY,0,category,cat-v1,0.6,24
maatrubhumi  teaser  salman khan chitrangada singh  apoorva lakhia  17th april 2026,https://www.youtube.com/watch?v=WWthtnGbxUM,salman khan films,https://www.youtube.com/channel/UCz3Mq_cS7AVRatrpGQi7QUQ,WWthtnGbxUM,0,category,cat-v1,0.6,24
marvel televisions daredevil born again  official trailer  disney,https://www.youtube.com/watch?v=7xALolZzhSM,marvel entertainment,https://www.youtube.com/channel/UCvC4D8onUfXzvjTOM-dBfEA,7xALolZzhSM,0,category,cat-v1,0.6,24
behind the scene,https://www.youtube.com/watch?v=U-fKcc8Mft8,younes zarou,https://www.youtube.com/channel/UClR74BSOFXxMOKtuaaPu91Q,U-fKcc8Mft8,0,category,cat-v1,0.6,24
imli behind the scene action scenes shooting imlie action behindthescenes bts imlie short video,https://www.youtube.com/watch?v=sCTu56RM-Pk,i sonu raj,https://www.youtube.com/channel/UCRsggC2uDvUI_CMyn2aSNYw,sCTu56RM-Pk,0,category,cat-v1,0.6,24
behind the scenes shorts,https://www.youtube.com/watch?v=VW33an_YCPY,jasmin and james,https://www.youtube.com/channel/UC5OVPGQqCUm0CCyVzELGITQ,VW33an_YCPY,0,category,cat-v1,0.6,24
behind the scenes of a zach king video shorts,https://www.youtube.com/watch?v=M8Cphfyw35M,zach king compilations,https://www.youtube.com/channel/UCiJUp_NBW2D_UMQIvq2nlPg,M8Cphfyw35M,0,category,cat-v1,0.6,24
who knew this was how it was made 🤯,https://www.youtube.com/watch?v=02jKWPXMEYw,brandon b,https://www.youtube.com/channel/UCUnmH8N8k4E7y3dKfCzDKKg,02jKWPXMEYw,0,category,cat-v1,0.6,24
making of meet the super kids scene  we can be heroes  netflix,https://www.youtube.com/watch?v=vZgnGwyOO2s,still watching netflix,https://www.youtube.com/channel/UCGie8GMlUo3kBKIopdvumVQ,vZgnGwyOO2s,0,category,cat-v1,0.6,24
behind the scenes of twilight 🤣,https://www.youtube.com/watch?v=JmK-EynstrA,tubi,https://www.youtube.com/channel/UCNDsk0uhSlG1-br1Ex2Rgfg,JmK-EynstrA,0,category,cat-v1,0.6,24
how are lego® minifigures made  behind the scenes at the lego factory,https://www.youtube.com/watch?v=ChZotngQ3_8,lego,https://www.youtube.com/channel/UCP-Ng5SXUEt0VE-TXqRdL6g,ChZotngQ3_8,0,category,cat-v1,0.6,24
how zach king makes his videos,https://www.youtube.com/watch?v=_izPT-3KxqA,zach king,https://www.youtube.com/channel/UCq8DICunczvLuJJq414110A,_izPT-3KxqA,0,category,cat-v1,0.6,24
behind the scenes of zach kings thanksgiving trick shorts,https://www.youtube.com/watch?v=F6cjKRFrvS0,zach king compilations,https://www.youtube.com/channel/UCiJUp_NBW2D_UMQIvq2nlPg,F6cjKRFrvS0,0,category,cat-v1,0.6,24
behind the scenes shorts,https://www.youtube.com/watch?v=hpAari9Pxtc,jasmin and james,https://www.youtube.com/channel/UC5OVPGQqCUm0CCyVzELGITQ,hpAari9Pxtc,0,category,cat-v1,0.6,24
behind the scenes of making a tiktok shorts,https://www.youtube.com/watch?v=1YdJWq4lm64,luke davidson,https://www.youtube.com/channel/UCuwJoiGWRxPYStBp0l0WuZw,1YdJWq4lm64,0,category,cat-v1,0.6,24
brave cameramanfilm shooting filmmaking viralshorts shortsfeed shorts bts viral kgf,https://www.youtube.com/watch?v=_gTxKwhw_ME,cinema made simple,https://www.youtube.com/channel/UCOLmd_TAVVq4fK3qUhM3ftg,_gTxKwhw_ME,0,category,cat-v1,0.6,24
making of gerua  kajol shah rukh khan  dilwale  a rohit shetty film,https://www.youtube.com/watch?v=OJWe_yrHU84,red chillies entertainment,https://www.youtube.com/channel/UCjJKg01HAP01xCLVhDmnLhw,OJWe_yrHU84,0,category,cat-v1,0.6,24
bollywood movie shooting behind the scenes  action shooting kaise hoti hai shorts youtubeshorts,https://www.youtube.com/watch?v=WFdD5r2v9H8,join to bollywood,https://www.youtube.com/channel/UCesM8-tQ8Xbph4F5Oup0EOw,WFdD5r2v9H8,0,category,cat-v1,0.6,24
animatic vs animation behind the scenes 1 boyanddragon shorts,https://www.youtube.com/watch?v=gk405Rk4DJA,boy  dragon  wildbrain,https://www.youtube.com/channel/UCsbBEef-l-vFAh0F3clHsrw,gk405Rk4DJA,0,category,cat-v1,0.6,24
dilwale  madness on the set  kajol shah rukh khan kriti sanon varun dhawan,https://www.youtube.com/watch?v=v4PwBHANrCA,red chillies entertainment,https://www.youtube.com/channel/UCjJKg01HAP01xCLVhDmnLhw,v4PwBHANrCA,0,category,cat-v1,0.6,24
it chapter two behind the scenes  pennywise lives again  warner bros entertainment,https://www.youtube.com/watch?v=-4zVqbFoJoA,warner bros entertainment,https://www.youtube.com/channel/UCgKkNPU2Ib7_TcyAl8M2S-w,-4zVqbFoJoA,0,category,cat-v1,0.6,24
thing behind the scenes wednesday,https://www.youtube.com/watch?v=JlwG_WZQV9Q,still watching netflix,https://www.youtube.com/channel/UCGie8GMlUo3kBKIopdvumVQ,JlwG_WZQV9Q,0,category,cat-v1,0.6,24
dancing with michael jackson behind the scenes of this is it tour,https://www.youtube.com/watch?v=B3CJBu3mRnM,sly,https://www.youtube.com/channel/UCDh0HyrAEfzl4LBVknIW2kQ,B3CJBu3mRnM,0,category,cat-v1,0.6,24
making of squid game season 2  best of behind the scenes stunts set visit  funny cast moments,https://www.youtube.com/watch?v=dRUlWLGumos,stream wars,https://www.youtube.com/channel/UC3DOMNPaR3_YihbzMsOJKQw,dRUlWLGumos,0,category,cat-v1,0.6,24
kgf chapter 2 movie behind the scenes  yash  rocky  sanjay dutt   adheera  prashanth neel,https://www.youtube.com/watch?v=NJSy01vBWzw,aditya production,https://www.youtube.com/channel/UCyQQyc5SoZDG1hXg5BjZkEw,NJSy01vBWzw,0,category,cat-v1,0.6,24
behind the scenes shorts,https://www.youtube.com/watch?v=UXNQLdKJeGo,jasmin and james,https://www.youtube.com/channel/UC5OVPGQqCUm0CCyVzELGITQ,UXNQLdKJeGo,0,category,cat-v1,0.6,24
jurassic world final battle  behind the scenes  jurassic world,https://www.youtube.com/watch?v=qzwIBYFtFcc,jurassic world,https://www.youtube.com/channel/UCuTNKMG8HCxb2kYbLXjXTTg,qzwIBYFtFcc,0,category,cat-v1,0.6,24
behind the scenes normally plain jane but i glow up for handsome guys part5  trâm đô shorts viral,https://www.youtube.com/watch?v=nJSXqvekgSc,trâm đô official,https://www.youtube.com/channel/UCDuHqkgeY9NT263eeWH4fjQ,nJSXqvekgSc,0,category,cat-v1,0.6,24
what 8 disney liveaction remakes looked like behind the scenes  movies insider,https://www.youtube.com/watch?v=DroTM9SqcWI,insider,https://www.youtube.com/channel/UCHJuQZuzapBh-CuhRYxIZrg,DroTM9SqcWI,0,category,cat-v1,0.6,24
action behind the scenes  movie shooting  viral serial bollywood shorts like,https://www.youtube.com/watch?v=tuz7Gw4dpHY,rebel boys,https://www.youtube.com/channel/UCr6711mVas_FVHBMca6nF1Q,tuz7Gw4dpHY,0,category,cat-v1,0.6,24
iron man 2008 creating the suit hd marvel behind the scenes,https://www.youtube.com/watch?v=BYdiKocMlCI,joblo superheroes,https://www.youtube.com/channel/UCkRBmTHNrKc6CF6scF_y5kw,BYdiKocMlCI,0,category,cat-v1,0.6,24
avengers infinity war  endgame secret behind the scenes set videos hd marvel,https://www.youtube.com/watch?v=kXpXQQod5so,joblo superheroes,https://www.youtube.com/channel/UCkRBmTHNrKc6CF6scF_y5kw,kXpXQQod5so,0,category,cat-v1,0.6,24
megan behind the scenes,https://www.youtube.com/watch?v=9D-DYj4iRTA,samuraii zero,https://www.youtube.com/channel/UCVqBY8Q7Ntq1yliN24D3a-Q,9D-DYj4iRTA,0,category,cat-v1,0.6,24
underwater scene film shootingshortsviral trendingshorts moviemaking prabhas dailyshorts,https://www.youtube.com/watch?v=FLs54IK1Rco,cinema made simple,https://www.youtube.com/channel/UCOLmd_TAVVq4fK3qUhM3ftg,FLs54IK1Rco,0,category,cat-v1,0.6,24
digital circus trailer behind the scenes  part 1  digitalcircus,https://www.youtube.com/watch?v=NjJ-FvTFM0I,kevin temmer tunes,https://www.youtube.com/channel/UCR4u8Ny7c3V8qkvIF3JJG-Q,NjJ-FvTFM0I,0,category,cat-v1,0.6,24
behind the scenes shorts,https://www.youtube.com/watch?v=1q0v2wB2zeA,jasmin and james,https://www.youtube.com/channel/UC5OVPGQqCUm0CCyVzELGITQ,1q0v2wB2zeA,0,category,cat-v1,0.6,24
behind the scenes shorts,https://www.youtube.com/watch?v=e1Ybt-i2il0,jasmin and james,https://www.youtube.com/channel/UC5OVPGQqCUm0CCyVzELGITQ,e1Ybt-i2il0,0,category,cat-v1,0.6,24
12th fail movie behind the scenes  real shooting locations  brilliant detailing  interesting fact,https://www.youtube.com/watch?v=c6PbtDf5k24,aniket nikam creations,https://www.youtube.com/channel/UCLiBVD0YIEOr7HjAw45wNUw,c6PbtDf5k24,0,category,cat-v1,0.6,24
harry potter characters first scene vs when they die shorts harrypotter,https://www.youtube.com/watch?v=1Jk8o1i0m2Y,collider behind the scenes,https://www.youtube.com/channel/UC4qGmRZ7aLOLfVsSdj5Se2A,1Jk8o1i0m2Y,0,category,cat-v1,0.6,24
behind the scenes hyun bin  son yejin rehearse their first kiss  crash landing on you eng sub,https://www.youtube.com/watch?v=UsdJUv60VsQ,netflix kcontent,https://www.youtube.com/channel/UCpiCK8c6PBktcxq7Az_t4RQ,UsdJUv60VsQ,0,category,cat-v1,0.6,24
🤗join me️behindthescenes dance show ✨✨✨,https://www.youtube.com/watch?v=oIzbc0SHeYM,gvo kids,https://www.youtube.com/channel/UCyAgfkYxkAWDuHlZe6_R8lQ,oIzbc0SHeYM,0,category,cat-v1,0.6,24
exclusive behind the scenes of we can be heroes  netflix,https://www.youtube.com/watch?v=FQVRIrXOJ_Q,still watching netflix,https://www.youtube.com/channel/UCGie8GMlUo3kBKIopdvumVQ,FQVRIrXOJ_Q,0,category,cat-v1,0.6,24
the making of descendants songs   behind the scenes  compilation  descendants 3,https://www.youtube.com/watch?v=Hju_ur0iXgI,disney channel music,https://www.youtube.com/channel/UCJVnKZWT3WXxfG8T6EUdezw,Hju_ur0iXgI,0,category,cat-v1,0.6,24
war 2 movie style action scene film makingbts hrithikroshan war2movie short viral,https://www.youtube.com/watch?v=NbXbyX2foSE,cinema made simple,https://www.youtube.com/channel/UCOLmd_TAVVq4fK3qUhM3ftg,NbXbyX2foSE,0,category,cat-v1,0.6,24
behind the scenes top gun maverick moment was peak tom cruise,https://www.youtube.com/watch?v=bi1fhuHvmjA,collider behind the scenes,https://www.youtube.com/channel/UC4qGmRZ7aLOLfVsSdj5Se2A,bi1fhuHvmjA,0,category,cat-v1,0.6,24
behind the scene  harry potter,https://www.youtube.com/watch?v=sjrUVn9KxX8,harry potter ⚯͛horcrux ▕⃝⃤,https://www.youtube.com/channel/UC49OwZr7xdh-8hoceJhErog,sjrUVn9KxX8,0,category,cat-v1,0.6,24
behind the scenes of squid game season 3 🤯,https://www.youtube.com/watch?v=Q_Se4Fybrnw,cutcutclear,https://www.youtube.com/channel/UCIzeU5dDnutXgJ-28u74_RA,Q_Se4Fybrnw,0,category,cat-v1,0.6,24
avatar scenes without cgi,https://www.youtube.com/watch?v=Cimy6T1nczw,collider behind the scenes,https://www.youtube.com/channel/UC4qGmRZ7aLOLfVsSdj5Se2A,Cimy6T1nczw,0,category,cat-v1,0.6,24
stranger things actors recreating their own scenes shorts,https://www.youtube.com/watch?v=VSCu28l8Djk,collider behind the scenes,https://www.youtube.com/channel/UC4qGmRZ7aLOLfVsSdj5Se2A,VSCu28l8Djk,0,category,cat-v1,0.6,24
stranger things 4 2022 behindthescenes footage,https://www.youtube.com/watch?v=H5S1M8pG6dU,joblo horror 4k,https://www.youtube.com/channel/UCXc2VYUIXG0vXu9cDXgQyMQ,H5S1M8pG6dU,0,category,cat-v1,0.6,24
fast and furious final race supra vs charger behind the scene with miniatures practical effects,https://www.youtube.com/watch?v=_fvCpaAKvf8,movies miniatures effects,https://www.youtube.com/channel/UCjhqUsa1bgFR57lWp-2hxcQ,_fvCpaAKvf8,0,category,cat-v1,0.6,24
making of chennai express movie  shahrukh khan  deepika  behind the scenes,https://www.youtube.com/watch?v=GFf9X-eqol4,db production,https://www.youtube.com/channel/UC3IeKtmWtkr9e0IhPf5DmRg,GFf9X-eqol4,0,category,cat-v1,0.6,24
behind the scenes  shorts,https://www.youtube.com/watch?v=YNzqhHTy5bo,jasmin and james,https://www.youtube.com/channel/UC5OVPGQqCUm0CCyVzELGITQ,YNzqhHTy5bo,0,category,cat-v1,0.6,24
shapeshifting all levels gameplay walkthrough apk ios android game new video kdls08,https://www.youtube.com/watch?v=AMUeao4lYSM,little movies  games  fun,https://www.youtube.com/channel/UC1M_BSOn6xPe5F8NxDrVs5Q,AMUeao4lYSM,0,category,cat-v1,0.6,24
luigis mansion dark moon  gameplay walkthrough part 1  a1 poltergust 5000 nintendo 3ds,https://www.youtube.com/watch?v=9FPWZn7LVnI,zackscottgames,https://www.youtube.com/channel/UCzNhowpzT4AwyIW7Unk_B5Q,9FPWZn7LVnI,0,category,cat-v1,0.6,24
god of war 3 walkthrough complete game,https://www.youtube.com/watch?v=bH5ptvpS1ic,casualgamerreed,https://www.youtube.com/channel/UCN1DFCLTspCf7JvstSqsGwQ,bH5ptvpS1ic,0,category,cat-v1,0.6,24
disney mickey mouse magical mirror  full game walkthrough best mickey mouse game,https://www.youtube.com/watch?v=PF3z__IhmdI,kidsgamingworld,https://www.youtube.com/channel/UCYkkWXOuZHHulXWhNxWL0kQ,PF3z__IhmdI,0,category,cat-v1,0.6,24
thief puzzle weegoon level 251290 android gameplay walkthrough  funny stickman brain puzzle game,https://www.youtube.com/watch?v=i5WCtAwOVkc,mk teev,https://www.youtube.com/channel/UC5Lx-6xVJQwAaAoAdVcH-ew,i5WCtAwOVkc,0,category,cat-v1,0.6,24
i am alive  gameplay walkthrough  part 1  return xbox 360ps3 hd,https://www.youtube.com/watch?v=m4iDaQmuKyE,theradbrad,https://www.youtube.com/channel/UCpqXJOEqGS-TCnazcHCo0rA,m4iDaQmuKyE,0,category,cat-v1,0.6,24
pokemon x and y  gameplay walkthrough part 1  intro and starter evolutions nintendo 3ds,https://www.youtube.com/watch?v=WlmfER_-sJo,zackscottgames,https://www.youtube.com/channel/UCzNhowpzT4AwyIW7Unk_B5Q,WlmfER_-sJo,0,category,cat-v1,0.6,24
inside gameplay walkthrough xboxone  full game  centerstrain01,https://www.youtube.com/watch?v=vPcolQbesz4,centerstrain01,https://www.youtube.com/channel/UC4ADOfWpEKskk04WKQ3Lmpg,vPcolQbesz4,0,category,cat-v1,0.6,24
troll face quest video memes  all levels all secret funny hints gameplay walkthrough,https://www.youtube.com/watch?v=hIN4bu7fvLM,penguin gaming,https://www.youtube.com/channel/UCTDDvSmzjw1OG2WBnDbD28w,hIN4bu7fvLM,0,category,cat-v1,0.6,24
plants vs zombies  gameplay walkthrough part 1  world 1 hd,https://www.youtube.com/watch?v=RmXB07gB-pc,zackscottgames,https://www.youtube.com/channel/UCzNhowpzT4AwyIW7Unk_B5Q,RmXB07gB-pc,0,category,cat-v1,0.6,24
troll face quest video memes  all levels all hints funny full gameplay walkthrough,https://www.youtube.com/watch?v=PLG5s6bB32Q,penguin gaming,https://www.youtube.com/channel/UCTDDvSmzjw1OG2WBnDbD28w,PLG5s6bB32Q,0,category,cat-v1,0.6,24
save the girl  gameplay walkthrough noob vs pro  all levels solutions,https://www.youtube.com/watch?v=8PI2OCjP5KY,mk teev,https://www.youtube.com/channel/UC5Lx-6xVJQwAaAoAdVcH-ew,8PI2OCjP5KY,0,category,cat-v1,0.6,24
angry birds space  gameplay walkthrough part 1  pig bang level teaser,https://www.youtube.com/watch?v=r_-7iL0lVwA,zackscottgames,https://www.youtube.com/channel/UCzNhowpzT4AwyIW7Unk_B5Q,r_-7iL0lVwA,0,category,cat-v1,0.6,24
silent hill downpour  gameplay walkthrough  part 1  intro xbox 360ps3 hd,https://www.youtube.com/watch?v=a0CzZbXjlVk,theradbrad,https://www.youtube.com/channel/UCpqXJOEqGS-TCnazcHCo0rA,a0CzZbXjlVk,0,category,cat-v1,0.6,24
thief puzzle  all levels  funny stickman brain puzzle game  gameplay walkthrough,https://www.youtube.com/watch?v=-8hEH45ELGo,penguin gaming,https://www.youtube.com/channel/UCTDDvSmzjw1OG2WBnDbD28w,-8hEH45ELGo,0,category,cat-v1,0.6,24
prototype 2  gameplay walkthrough  part 1  intro xbox 360ps3pc hd,https://www.youtube.com/watch?v=jhJTOqNYOIk,theradbrad,https://www.youtube.com/channel/UCpqXJOEqGS-TCnazcHCo0rA,jhJTOqNYOIk,0,category,cat-v1,0.6,24
hide my test  escape game  full android gameplay walkthrough guide stage 160 all levels solution,https://www.youtube.com/watch?v=KW2lvZEIgaQ,mk teev,https://www.youtube.com/channel/UC5Lx-6xVJQwAaAoAdVcH-ew,KW2lvZEIgaQ,0,category,cat-v1,0.6,24
draw fly weegoon android gameplay walkthrough  all levels 140  funny stickman brain puzzle game,https://www.youtube.com/watch?v=qnlULOdOpfQ,mk teev,https://www.youtube.com/channel/UC5Lx-6xVJQwAaAoAdVcH-ew,qnlULOdOpfQ,0,category,cat-v1,0.6,24
resident evil operation raccoon city  gameplay walkthrough  part 1  intro xbox 360ps3pc hd,https://www.youtube.com/watch?v=jAfe34cma3Q,theradbrad,https://www.youtube.com/channel/UCpqXJOEqGS-TCnazcHCo0rA,jAfe34cma3Q,0,category,cat-v1,0.6,24
max payne 3  gameplay walkthrough  part 1  hard boiled intro xbox 360ps3pc hd,https://www.youtube.com/watch?v=52vu-uzfbTQ,theradbrad,https://www.youtube.com/channel/UCpqXJOEqGS-TCnazcHCo0rA,52vu-uzfbTQ,0,category,cat-v1,0.6,24
skip wife  funny stickman puzzle games  all levels  gameplay walkthrough,https://www.youtube.com/watch?v=Hf_rz5R13yw,mk gaming,https://www.youtube.com/channel/UCAE1LNLq46ceBeWK-qwn8EA,Hf_rz5R13yw,0,category,cat-v1,0.6,24
syndicate  gameplay walkthrough  part 1 milestone 1  2 xbox 360ps3pc,https://www.youtube.com/watch?v=WIkhm7VUfBo,theradbrad,https://www.youtube.com/channel/UCpqXJOEqGS-TCnazcHCo0rA,WIkhm7VUfBo,0,category,cat-v1,0.6,24
true crime new york city  full game walkthrough 4k,https://www.youtube.com/watch?v=uOQq0X1knXw,willzyyy,https://www.youtube.com/channel/UCEwF-3J5lp1lnrm6xbEmJ_w,uOQq0X1knXw,0,category,cat-v1,0.6,24
just draw  drawing puzzles all levels  gameplay walkthrough,https://www.youtube.com/watch?v=x-DjU33HVCQ,mk gaming,https://www.youtube.com/channel/UCAE1LNLq46ceBeWK-qwn8EA,x-DjU33HVCQ,0,category,cat-v1,0.6,24
skip love  stickman puzzle game   all levels  gameplay walkthrough,https://www.youtube.com/watch?v=H3_TP9_Kc-Q,mk gaming,https://www.youtube.com/channel/UCAE1LNLq46ceBeWK-qwn8EA,H3_TP9_Kc-Q,0,category,cat-v1,0.6,24
heavy rain gameplay walkthrough  part 1  im not ready to be a father,https://www.youtube.com/watch?v=UVSVh5gtREc,theradbrad,https://www.youtube.com/channel/UCpqXJOEqGS-TCnazcHCo0rA,UVSVh5gtREc,0,category,cat-v1,0.6,24
purple super bear vs all bosses 1 super bear adventure gameplay walkthrough  ska,https://www.youtube.com/watch?v=iIIU0xG9zfo,super kid adventure,https://www.youtube.com/channel/UC-i0zpdWgsqm3Ce9cQzpxdg,iIIU0xG9zfo,0,category,cat-v1,0.6,24
silent hill 2  gameplay walkthrough  part 1  intro xbox 360ps3pc hd,https://www.youtube.com/watch?v=Q_W9QwhAguM,theradbrad,https://www.youtube.com/channel/UCpqXJOEqGS-TCnazcHCo0rA,Q_W9QwhAguM,0,category,cat-v1,0.6,24
mass effect 2 gameplay walkthrough  part 1 epic opening  prologue lets play,https://www.youtube.com/watch?v=PEwEjl4Khkk,tetraninja,https://www.youtube.com/channel/UCSVv3TMby4KxNOVT1lYy9oA,PEwEjl4Khkk,0,category,cat-v1,0.6,24
ghost recon future soldier  gameplay walkthrough  part 1 mission 1 xbox 360ps3pc hd,https://www.youtube.com/watch?v=pBGkWVyinyg,theradbrad,https://www.youtube.com/channel/UCpqXJOEqGS-TCnazcHCo0rA,pBGkWVyinyg,0,category,cat-v1,0.6,24
silent hill downpour  gameplay walkthrough  part 3  the otherworld xbox 360ps3 hd,https://www.youtube.com/watch?v=nqbi73DzWZU,theradbrad,https://www.youtube.com/channel/UCpqXJOEqGS-TCnazcHCo0rA,nqbi73DzWZU,0,category,cat-v1,0.6,24
save herweegoon gameplay walkthrough  all levels 140 solution  funny stickman brain puzzle game,https://www.youtube.com/watch?v=_Nt7eePJufo,mk teev,https://www.youtube.com/channel/UC5Lx-6xVJQwAaAoAdVcH-ew,_Nt7eePJufo,0,category,cat-v1,0.6,24
draw fly weegoon android gameplay walkthrough all levels 4180  funny stickman brain puzzle game,https://www.youtube.com/watch?v=WdvsWPBwHlk,mk teev,https://www.youtube.com/channel/UC5Lx-6xVJQwAaAoAdVcH-ew,WdvsWPBwHlk,0,category,cat-v1,0.6,24
scary horror 2 chapter 1 full walkthrough with solutions escape adventure games,https://www.youtube.com/watch?v=XY64LERZ0Ps,zapptheory,https://www.youtube.com/channel/UCe2jZ0M2scYGEdsB7ZQVTng,XY64LERZ0Ps,0,category,cat-v1,0.6,24
throw things who needsweegoon gameplay walkthrough all levels 4180  funny stickman puzzle game,https://www.youtube.com/watch?v=rFq54Wjj4E8,mk teev,https://www.youtube.com/channel/UC5Lx-6xVJQwAaAoAdVcH-ew,rFq54Wjj4E8,0,category,cat-v1,0.6,24
stick shot  all levels   stickman vs zombies  gameplay walkthrough,https://www.youtube.com/watch?v=spE4sQKamlQ,penguin gaming,https://www.youtube.com/channel/UCTDDvSmzjw1OG2WBnDbD28w,spE4sQKamlQ,0,category,cat-v1,0.6,24
attack draw line weegoon gameplay walkthrough  all levels 150  funny stickman brain puzzle game,https://www.youtube.com/watch?v=JgaB3YD6OXo,mk teev,https://www.youtube.com/channel/UC5Lx-6xVJQwAaAoAdVcH-ew,JgaB3YD6OXo,0,category,cat-v1,0.6,24
draw fly weegoon gameplay walkthrough  all levels 81110  funny stickman brain puzzle game,https://www.youtube.com/watch?v=_-tMaD5fz0w,mk teev,https://www.youtube.com/channel/UC5Lx-6xVJQwAaAoAdVcH-ew,_-tMaD5fz0w,0,category,cat-v1,0.6,24
the darkness 2 gameplay walkthrough part 1  intro xbox 360pcps3,https://www.youtube.com/watch?v=Yhfj1rnk7O4,theradbrad,https://www.youtube.com/channel/UCpqXJOEqGS-TCnazcHCo0rA,Yhfj1rnk7O4,0,category,cat-v1,0.6,24
resident evil operation raccoon city  gameplay walkthrough  part 2  nicholai xbox 360ps3pc,https://www.youtube.com/watch?v=gDyjZBxg_Jo,theradbrad,https://www.youtube.com/channel/UCpqXJOEqGS-TCnazcHCo0rA,gDyjZBxg_Jo,0,category,cat-v1,0.6,24
true crime streets of la  full game walkthrough,https://www.youtube.com/watch?v=pC-p-jFSAu0,willzyyy,https://www.youtube.com/channel/UCEwF-3J5lp1lnrm6xbEmJ_w,pC-p-jFSAu0,0,category,cat-v1,0.6,24
driver san francisco  full game walkthrough 4k,https://www.youtube.com/watch?v=RSHUUGSNGvs,willzyyy,https://www.youtube.com/channel/UCEwF-3J5lp1lnrm6xbEmJ_w,RSHUUGSNGvs,0,category,cat-v1,0.6,24
dont starve  gameplay walkthrough part 1  lets play pc,https://www.youtube.com/watch?v=m9-Wjz_Gn-8,zackscottgames,https://www.youtube.com/channel/UCzNhowpzT4AwyIW7Unk_B5Q,m9-Wjz_Gn-8,0,category,cat-v1,0.6,24
drop the itemweegoon  all levels 150  android gameplay walkthrough  funny stickman puzzle game,https://www.youtube.com/watch?v=BOftRdAEkPk,mk teev,https://www.youtube.com/channel/UC5Lx-6xVJQwAaAoAdVcH-ew,BOftRdAEkPk,0,category,cat-v1,0.6,24
heavy rain gameplay walkthrough  part 2  ive lost mah boy,https://www.youtube.com/watch?v=ezZWqN9htC4,theradbrad,https://www.youtube.com/channel/UCpqXJOEqGS-TCnazcHCo0rA,ezZWqN9htC4,0,category,cat-v1,0.6,24
hide my test  escape game  gameplay walkthrough android part 5 stage 6072 all levels solution hd,https://www.youtube.com/watch?v=3dfv9Lwlq8c,mk teev,https://www.youtube.com/channel/UC5Lx-6xVJQwAaAoAdVcH-ew,3dfv9Lwlq8c,0,category,cat-v1,0.6,24
sandwich runner  speedrun all levels gameplay walkthrough androidios new update ep74,https://www.youtube.com/watch?v=b-j2d0TIuPs,daily games,https://www.youtube.com/channel/UC9NYLbY5Ncs1t9xCJ84pNng,b-j2d0TIuPs,0,category,cat-v1,0.6,24
mr bounce weegoon  gameplay walkthrough  all levels 130  funny stickman brain puzzle game,https://www.youtube.com/watch?v=Z0F5H4LEjIU,mk teev,https://www.youtube.com/channel/UC5Lx-6xVJQwAaAoAdVcH-ew,Z0F5H4LEjIU,0,category,cat-v1,0.6,24
the incredible hulk full game walkthrough gameplay  4k 60fps  no commentary,https://www.youtube.com/watch?v=wWZsr8wKr0U,geração power up,https://www.youtube.com/channel/UCxoXTZdivJ5zLmN3XC7g8RQ,wWZsr8wKr0U,0,category,cat-v1,0.6,24
draw fly weegoon gameplay walkthrough  all levels 111130  funny stickman brain puzzle game,https://www.youtube.com/watch?v=kBvtBSf5uXE,mk teev,https://www.youtube.com/channel/UC5Lx-6xVJQwAaAoAdVcH-ew,kBvtBSf5uXE,0,category,cat-v1,0.6,24
kyle vs colton 6000 championship game  thebreadbasketofficial popdartsgame espn,https://www.youtube.com/watch?v=kOi_At_sp0E,pop darts prodigy,https://www.youtube.com/channel/UCtUlRFpRUSM1PSIfHBh_n-A,kOi_At_sp0E,0,category,cat-v1,0.6,24
snatch game’s most unforgettable moments ✨ rupauls drag race,https://www.youtube.com/watch?v=V6ZMh9bJ_nQ,rupauls drag race,https://www.youtube.com/channel/UC0sEIyXXalzD1lbwm3D2xpA,V6ZMh9bJ_nQ,0,category,cat-v1,0.6,24
im retired,https://www.youtube.com/watch?v=KwO5F46qSWc,pewdiepie highlights,https://www.youtube.com/channel/UCQ4zIVlfhsmvds7WuKeL2Bw,KwO5F46qSWc,0,category,cat-v1,0.6,24
the 15 most popular gaming backsongs ii best neffex songs of all time,https://www.youtube.com/watch?v=KZL29Iot4X4,haz gaming,https://www.youtube.com/channel/UC9IwoNd8nu7lb2G8caHQT0g,KZL29Iot4X4,0,category,cat-v1,0.6,24
mortuary assistant on extreme difficulty,https://www.youtube.com/watch?v=NsPlq8MBfUY,kingwoolz games,https://www.youtube.com/channel/UC3RYNOKIpKE_2P-5ZapWIYg,NsPlq8MBfUY,0,category,cat-v1,0.6,24
the 32 most popular gaming backsongs ii best neffex songs of all time  2 hour neffex nonstop,https://www.youtube.com/watch?v=2xUjwvPb3s8,haz gaming,https://www.youtube.com/channel/UC9IwoNd8nu7lb2G8caHQT0g,2xUjwvPb3s8,0,category,cat-v1,0.6,24
đủ đẳng cấp chưa  bdngaming freefire nghilecungff,https://www.youtube.com/watch?v=emVytetk14k,nguyên đây,https://www.youtube.com/channel/UCvTF6BPZlJydj4l-dXVAwIA,emVytetk14k,0,category,cat-v1,0.6,24
new broken waylay tech,https://www.youtube.com/watch?v=qu9BgVJbXSQ,cjaiye,https://www.youtube.com/channel/UCFqS4Fw5LrAWXk-kqvvFAMg,qu9BgVJbXSQ,0,category,cat-v1,0.6,24
the 12 most popular gaming backsongs  best neffex songs of all time,https://www.youtube.com/watch?v=Ed9uW3EVtyw,haz gaming,https://www.youtube.com/channel/UC9IwoNd8nu7lb2G8caHQT0g,Ed9uW3EVtyw,0,category,cat-v1,0.6,24
i tried gaming on the macbook neo,https://www.youtube.com/watch?v=_NWKD7Odc8k,the chandler,https://www.youtube.com/channel/UCc6X0hdss1Ufh73V_A5obYQ,_NWKD7Odc8k,0,category,cat-v1,0.6,24
michael jackson horror game ,https://www.youtube.com/watch?v=HhINP10RefQ,kingwoolz games,https://www.youtube.com/channel/UC3RYNOKIpKE_2P-5ZapWIYg,HhINP10RefQ,0,category,cat-v1,0.6,24
light hits sparg0 with shine into dragdown fair  goml 2023 highlights,https://www.youtube.com/watch?v=xLNp8DKBGwI,tectonic smash,https://www.youtube.com/channel/UCpqqDR3zplZ4INKCW9nYtaw,xLNp8DKBGwI,0,category,cat-v1,0.6,24
this jumpscare was uncalled for ,https://www.youtube.com/watch?v=VpYfVVxBVRo,kingwoolz games,https://www.youtube.com/channel/UC3RYNOKIpKE_2P-5ZapWIYg,VpYfVVxBVRo,0,category,cat-v1,0.6,24
the 10 most popular gaming backsongs  best neffex songs of all time,https://www.youtube.com/watch?v=euJpj2xOfOI,haz gaming,https://www.youtube.com/channel/UC9IwoNd8nu7lb2G8caHQT0g,euJpj2xOfOI,0,category,cat-v1,0.6,24
jackson holliday cycle challenge mlb the show 24 gaming shorts baseball mlb mlbtheshow foryou,https://www.youtube.com/watch?v=JsVulN9Hpo0,lombo,https://www.youtube.com/channel/UCW32wjUWxzJ0HWBBDB02sNw,JsVulN9Hpo0,0,category,cat-v1,0.6,24
mkleo plays perfectly for two entire stocks  genesis 9 highlights,https://www.youtube.com/watch?v=NoT8pWp1JLM,tectonic smash,https://www.youtube.com/channel/UCpqqDR3zplZ4INKCW9nYtaw,NoT8pWp1JLM,0,category,cat-v1,0.6,24
iqoo 13 the gaming beast🥵 killer phone remix shorts shortsfeed,https://www.youtube.com/watch?v=OTU4NwXnDaU, amayra ff,https://www.youtube.com/channel/UCLr6JRXntlxx17dc_9N9CDw,OTU4NwXnDaU,0,category,cat-v1,0.6,24
glutonny reverse 3 stocks ken and lives over 200  delfino maza highlights,https://www.youtube.com/watch?v=z5G9dp_E6bs,tectonic smash,https://www.youtube.com/channel/UCpqqDR3zplZ4INKCW9nYtaw,z5G9dp_E6bs,0,category,cat-v1,0.6,24
flightreacts to 2 spurs at 1 thunder  full game 5 highlights  may 26 2026,https://www.youtube.com/watch?v=NlnxamiTq3M,notyouraverageflight,https://www.youtube.com/channel/UCoGIPQ7M4NWai7LRgRhaSOg,NlnxamiTq3M,0,category,cat-v1,0.6,24
top react gaming highlights  aprilmay 2018,https://www.youtube.com/watch?v=B88wxtbe-qQ,react,https://www.youtube.com/channel/UC0v-tlzsn0QZwJnkiaUSJVQ,B88wxtbe-qQ,0,category,cat-v1,0.6,24
funniestt highlight ft soulregaltos9810 krutikaplays  bgmi  sheek gaming  s8ul sheek,https://www.youtube.com/watch?v=XVu1i57p4NU,sheek gaming,https://www.youtube.com/channel/UCkju3XWemmndq3OL7Q4lrsQ,XVu1i57p4NU,0,category,cat-v1,0.6,24
hiểu ý liênquânmobile trending gaming highlights trendingshorts,https://www.youtube.com/watch?v=iUvaK7mQz90,tian,https://www.youtube.com/channel/UCsXfGRe82vAgPWhTIIcDQrA,iUvaK7mQz90,0,category,cat-v1,0.6,24
gaming cake  chaos devaansh’s 10th birthday highlights shorts youtubeshorts party friends fun,https://www.youtube.com/watch?v=IgFXc3JGfo0,mom and kids creativity,https://www.youtube.com/channel/UC44uXk6I06oQUlDGV3_TD1g,IgFXc3JGfo0,0,category,cat-v1,0.6,24
boa1 pain gaming highlights by gotar,https://www.youtube.com/watch?v=kf2gmQUOh9k,pain gaming,https://www.youtube.com/channel/UCL1gqxC7e4SxrOPengZpiTg,kf2gmQUOh9k,0,category,cat-v1,0.6,24
nfl on nickelodeon highlights  nfl wild card game bears vs saints,https://www.youtube.com/watch?v=JGIbzxFLpqg,nickelodeon,https://www.youtube.com/channel/UC5M_h2S8Ldoc9M6f7B-_m6A,JGIbzxFLpqg,0,category,cat-v1,0.6,24
the best 16 year old player in the world clutch gaming pubgmobile highlights,https://www.youtube.com/watch?v=t8g1Cv3UzhA,krakken,https://www.youtube.com/channel/UCSkKPQ3K0cDkdVeyBgmqyVg,t8g1Cv3UzhA,0,category,cat-v1,0.6,24
he could not believe it highlights gaming streamer shorts,https://www.youtube.com/watch?v=FjowZAPa8zs,winnablespin,https://www.youtube.com/channel/UCSMRmZNQqlCuX8JYwc7VyPg,FjowZAPa8zs,0,category,cat-v1,0.6,24
d4vd shares his gaming highlights of the year    romantic homicide d4vd gaminghighlights,https://www.youtube.com/watch?v=Rql1DjmjDvA,bred,https://www.youtube.com/channel/UC1nn95-9j_ynxfknM1i7qOQ,Rql1DjmjDvA,0,category,cat-v1,0.6,24
bru vs wag insane moments in international lobby esports tournament  free fire max esports,https://www.youtube.com/watch?v=ByKSnNOODOE,black bolt ff,https://www.youtube.com/channel/UCIkv9_E15wcrUeclyNSGWiA,ByKSnNOODOE,0,category,cat-v1,0.6,24
tamilgaming browsing history got leaked   internet cafe simulator 2  tamilgaming  gaming,https://www.youtube.com/watch?v=DhePXImzZLo,tamil gaming highlights,https://www.youtube.com/channel/UCWAJGKS9KUohWe3Hrn1oH-A,DhePXImzZLo,0,category,cat-v1,0.6,24
mandy’s highlights 4 brawlstars brawl gaming supercell memesbrawlstars memes funny,https://www.youtube.com/watch?v=8s-G_q05bBM,isengar,https://www.youtube.com/channel/UCRvhNBwqb0jKi94cwS4hrvw,8s-G_q05bBM,0,category,cat-v1,0.6,24
mr ig ❌ settu ji ✅ uraiyaadal with tamil gaming  shorts tamilgaming,https://www.youtube.com/watch?v=LYD0fSdXMfw,tamil gaming highlights,https://www.youtube.com/channel/UCWAJGKS9KUohWe3Hrn1oH-A,LYD0fSdXMfw,0,category,cat-v1,0.6,24
mokka commentry x tamil gaming podcast ❌ investigation ✅  tamil gaming highlights,https://www.youtube.com/watch?v=i1JQEtSPXtA,tamil gaming highlights,https://www.youtube.com/channel/UCWAJGKS9KUohWe3Hrn1oH-A,i1JQEtSPXtA,0,category,cat-v1,0.6,24
ai cản bộ đôi này lại đi gaming highlights trendingshorts tian trending liênquânmobile,https://www.youtube.com/watch?v=8JOhO4hU-ps,tian,https://www.youtube.com/channel/UCsXfGRe82vAgPWhTIIcDQrA,8JOhO4hU-ps,0,category,cat-v1,0.6,24
c4 gaming clear cổng trời ở rank thách đấu siêu đỉnh freefire shots games,https://www.youtube.com/watch?v=wpH0o3HggoY,chung black tv,https://www.youtube.com/channel/UCW7Q4Y2I5FkwhZrdzQ-8UQw,wpH0o3HggoY,0,category,cat-v1,0.6,24
our pookie man  nandhish bro edit tamil gaming shorts nandhish,https://www.youtube.com/watch?v=LU4XLtkh7H8,tamil gaming highlights,https://www.youtube.com/channel/UCWAJGKS9KUohWe3Hrn1oH-A,LU4XLtkh7H8,0,category,cat-v1,0.6,24
mandy’s highlights brawlstars brawl gaming supercell memesbrawlstars brawlstarsgame memes,https://www.youtube.com/watch?v=8uB2qepm03Y,isengar,https://www.youtube.com/channel/UCRvhNBwqb0jKi94cwS4hrvw,8uB2qepm03Y,0,category,cat-v1,0.6,24
cần lắm những người như thế này liênquânmobile gaming highlights trending trendingshorts,https://www.youtube.com/watch?v=koFT4anqCLA,tian,https://www.youtube.com/channel/UCsXfGRe82vAgPWhTIIcDQrA,koFT4anqCLA,0,category,cat-v1,0.6,24
supersus funny momentsbest moments compilation 1  tamil gaming highlights recap,https://www.youtube.com/watch?v=HLcWU0NK9zA,tamil gaming highlights,https://www.youtube.com/channel/UCWAJGKS9KUohWe3Hrn1oH-A,HLcWU0NK9zA,0,category,cat-v1,0.6,24
é assim que se joga de yoru  dgzin valorant gaming funny,https://www.youtube.com/watch?v=t8CKfzQ2zwk,dgzin,https://www.youtube.com/channel/UCS8HW0DdlyXxy3ovYl4Ogsg,t8CKfzQ2zwk,0,category,cat-v1,0.6,24
diablo que hedshot le di🤣randomfreefireconmemesgamingfrefiregarenafunnyhighlights,https://www.youtube.com/watch?v=ckvkSruquto,reptal,https://www.youtube.com/channel/UCq7bFFJNVDWC81o2A0BxD6A,ckvkSruquto,0,category,cat-v1,0.6,24
sát thủ 1 giây tian highlights liênquânmobile gaming trendingshorts trending,https://www.youtube.com/watch?v=FDl4btJroCU,tian,https://www.youtube.com/channel/UCsXfGRe82vAgPWhTIIcDQrA,FDl4btJroCU,0,category,cat-v1,0.6,24
swapper with vanmam  tamil gaming imposter gameplay  supersus • tamil gaming highlights,https://www.youtube.com/watch?v=l2p-OnCricQ,tamil gaming highlights,https://www.youtube.com/channel/UCWAJGKS9KUohWe3Hrn1oH-A,l2p-OnCricQ,0,category,cat-v1,0.6,24
pê gaming tv i pegamingtv freefire garenafreefire shorts highlights gamingdisplay ff gaming,https://www.youtube.com/watch?v=jvYj7NYo5oc,pê gaming tv,https://www.youtube.com/channel/UCGKUMntRxklkbQ-H1GQyzWQ,jvYj7NYo5oc,0,category,cat-v1,0.6,24
she gave him this highlights gaming streamer shorts,https://www.youtube.com/watch?v=J1UA2fgnP_U,winnablespin,https://www.youtube.com/channel/UCSMRmZNQqlCuX8JYwc7VyPg,J1UA2fgnP_U,0,category,cat-v1,0.6,24
ninja warrior speed runparkour viral,https://www.youtube.com/watch?v=LdqfFjomyDA,asa lachesa,https://www.youtube.com/channel/UCO5B4ENQ6-usaSpet8F0B8w,LdqfFjomyDA,0,category,cat-v1,0.6,24
parkour speedrun puzzle 🧩,https://www.youtube.com/watch?v=h0DvPEKs7-s,matt larose,https://www.youtube.com/channel/UCATWUurs5SImDMX_prUtxng,h0DvPEKs7-s,0,category,cat-v1,0.6,24
how many does it takes to  speedrun,https://www.youtube.com/watch?v=k0zUNBawXpc,agnit shorts,https://www.youtube.com/channel/UCu6eDhSb-UJq7_vLgKe4vHw,k0zUNBawXpc,0,category,cat-v1,0.6,24
when bus driver decides to do a speedrun,https://www.youtube.com/watch?v=1UEv0yFQKtY,themermaidscales,https://www.youtube.com/channel/UCxd6ifFZycyUB45d2t9VPQw,1UEv0yFQKtY,0,category,cat-v1,0.6,24
i broke a minecraft record,https://www.youtube.com/watch?v=TN5pJh1uf9g,camman18,https://www.youtube.com/channel/UCiZ2z8F8ilr6SC7lOaxAQ4g,TN5pJh1uf9g,0,category,cat-v1,0.6,24
my dog speedruns minecraft shorts,https://www.youtube.com/watch?v=G2gzanbkmpc,ethobot,https://www.youtube.com/channel/UCzrlI6MuQz0IzprmuUZb8-Q,G2gzanbkmpc,0,category,cat-v1,0.6,24
dreams livestreams speedrunning minecraft be like shorts,https://www.youtube.com/watch?v=9t3fnIlND-4,mugo,https://www.youtube.com/channel/UCPOC7MO1VlSm_FpwdAZQHgA,9t3fnIlND-4,0,category,cat-v1,0.6,24
minecraft speedrun soda edition shorts,https://www.youtube.com/watch?v=8mAVniJfd48,ethobot,https://www.youtube.com/channel/UCzrlI6MuQz0IzprmuUZb8-Q,8mAVniJfd48,0,category,cat-v1,0.6,24
gta sa speedrun world record,https://www.youtube.com/watch?v=xaW_nNCV2Nk,flyingkitty,https://www.youtube.com/channel/UCYQT13AtrJC0gsM1far_zJg,xaW_nNCV2Nk,0,category,cat-v1,0.6,24
this is what speed 255 looks like,https://www.youtube.com/watch?v=TrfswC3wg5w,camman18,https://www.youtube.com/channel/UCiZ2z8F8ilr6SC7lOaxAQ4g,TrfswC3wg5w,0,category,cat-v1,0.6,24
drawing kirby speedrun any,https://www.youtube.com/watch?v=ozmtjCYYon4,iwin,https://www.youtube.com/channel/UCTjWonllhdoO70SxGvd4Taw,ozmtjCYYon4,0,category,cat-v1,0.6,24
mario speedruns super mario 64,https://www.youtube.com/watch?v=bEQBtnP43rg,smg4,https://www.youtube.com/channel/UC8LcA3grYZg0GNpxlXh8owg,bEQBtnP43rg,0,category,cat-v1,0.6,24
the hardest seed in minecraft was beaten,https://www.youtube.com/watch?v=nYI_sVs70jQ,camman18,https://www.youtube.com/channel/UCiZ2z8F8ilr6SC7lOaxAQ4g,nYI_sVs70jQ,0,category,cat-v1,0.6,24
speedrunning the new achievement,https://www.youtube.com/watch?v=izsh2M3ImKw,camman18,https://www.youtube.com/channel/UCiZ2z8F8ilr6SC7lOaxAQ4g,izsh2M3ImKw,0,category,cat-v1,0.6,24
making a friday night funkin mod speedrun any shaggy god eater edition,https://www.youtube.com/watch?v=N3vDGPNC9NY,iwin,https://www.youtube.com/channel/UCTjWonllhdoO70SxGvd4Taw,N3vDGPNC9NY,0,category,cat-v1,0.6,24
un speedrun de los 4 obbys de roblox andie,https://www.youtube.com/watch?v=0eoUEsjFohY,andiesita,https://www.youtube.com/channel/UCJRIPXlXCsupN4l7ASRVr7w,0eoUEsjFohY,0,category,cat-v1,0.6,24
the fastest bridging method in minecraft,https://www.youtube.com/watch?v=uIEtpMSgwzo,camman18,https://www.youtube.com/channel/UCiZ2z8F8ilr6SC7lOaxAQ4g,uIEtpMSgwzo,0,category,cat-v1,0.6,24
animating kirby speedrun any,https://www.youtube.com/watch?v=UQlR8-HHJ-I,iwin,https://www.youtube.com/channel/UCTjWonllhdoO70SxGvd4Taw,UQlR8-HHJ-I,0,category,cat-v1,0.6,24
the most outrageous speedrun ive ever seen,https://www.youtube.com/watch?v=i96ekKOZXRw,jonny razer,https://www.youtube.com/channel/UCjztW-DlDg05_YM6-oTJTPA,i96ekKOZXRw,0,category,cat-v1,0.6,24
they denied my speedrun,https://www.youtube.com/watch?v=768OaqPMakE,camman18,https://www.youtube.com/channel/UCiZ2z8F8ilr6SC7lOaxAQ4g,768OaqPMakE,0,category,cat-v1,0.6,24
beating prestonplayzs record,https://www.youtube.com/watch?v=9u8410Rjq3A,camman18,https://www.youtube.com/channel/UCiZ2z8F8ilr6SC7lOaxAQ4g,9u8410Rjq3A,0,category,cat-v1,0.6,24
making a friday night funkin mod speedrun any madness edition,https://www.youtube.com/watch?v=mT5f62wXh7o,iwin,https://www.youtube.com/channel/UCTjWonllhdoO70SxGvd4Taw,mT5f62wXh7o,0,category,cat-v1,0.6,24
speedrunning life,https://www.youtube.com/watch?v=UNJj6h63Vh4,ninye,https://www.youtube.com/channel/UCUvw__zQnaI_pcvMy2O0v6g,UNJj6h63Vh4,0,category,cat-v1,0.6,24
making an entire friday night funkin mod speedrun any,https://www.youtube.com/watch?v=XuBD0uU3kQI,iwin,https://www.youtube.com/channel/UCTjWonllhdoO70SxGvd4Taw,XuBD0uU3kQI,0,category,cat-v1,0.6,24
this speedrun is insane,https://www.youtube.com/watch?v=hRbIshSsrt4,royalpear,https://www.youtube.com/channel/UCyoW_EfdNy0Z3FudNgeEqdA,hRbIshSsrt4,0,category,cat-v1,0.6,24
minecraft speedrunners be like shorts,https://www.youtube.com/watch?v=GHjpZyhUfrM,ethobot,https://www.youtube.com/channel/UCzrlI6MuQz0IzprmuUZb8-Q,GHjpZyhUfrM,0,category,cat-v1,0.6,24
minecraft going to heaven speedrun shorts,https://www.youtube.com/watch?v=KHIL8A2JuO4,ethobot,https://www.youtube.com/channel/UCzrlI6MuQz0IzprmuUZb8-Q,KHIL8A2JuO4,0,category,cat-v1,0.6,24
this speedrun is crazy,https://www.youtube.com/watch?v=vRTVy6AXuMM,royalpear,https://www.youtube.com/channel/UCyoW_EfdNy0Z3FudNgeEqdA,vRTVy6AXuMM,0,category,cat-v1,0.6,24
youtube apology video speedrun 100 world record,https://www.youtube.com/watch?v=9k8VvdfM-sg,jojas makes videos,https://www.youtube.com/channel/UCSSBut8RMbMbUfC-R91fdOA,9k8VvdfM-sg,0,category,cat-v1,0.6,24
halflife in 2041,https://www.youtube.com/watch?v=VtI5HM7GVGY,quadrazid,https://www.youtube.com/channel/UCrnwJGzxsYtetcWPAMQMfIQ,VtI5HM7GVGY,0,category,cat-v1,0.6,24
worst speedrun ever,https://www.youtube.com/watch?v=ey-ycoZQifw,penguinz0,https://www.youtube.com/channel/UCq6VFHwMzcMXbuKyG7SQYIg,ey-ycoZQifw,0,category,cat-v1,0.6,24
speedrunning full netherite in minecraft shorts,https://www.youtube.com/watch?v=bMYzwqM7Jns,ethobot,https://www.youtube.com/channel/UCzrlI6MuQz0IzprmuUZb8-Q,bMYzwqM7Jns,0,category,cat-v1,0.6,24
i wasted hundreds of hours speedrunning wool,https://www.youtube.com/watch?v=Mt3nPnpmt-U,camman18,https://www.youtube.com/channel/UCiZ2z8F8ilr6SC7lOaxAQ4g,Mt3nPnpmt-U,0,category,cat-v1,0.6,24
beating my own world record,https://www.youtube.com/watch?v=jNgaGjvGgYw,camman18,https://www.youtube.com/channel/UCiZ2z8F8ilr6SC7lOaxAQ4g,jNgaGjvGgYw,0,category,cat-v1,0.6,24
the greatest minecraft speedrun ever almost,https://www.youtube.com/watch?v=UWF4WzsvcSI,camman18,https://www.youtube.com/channel/UCiZ2z8F8ilr6SC7lOaxAQ4g,UWF4WzsvcSI,0,category,cat-v1,0.6,24
this 50 second speedrun took weeks,https://www.youtube.com/watch?v=eTSsm0hGDJI,camman18,https://www.youtube.com/channel/UCiZ2z8F8ilr6SC7lOaxAQ4g,eTSsm0hGDJI,0,category,cat-v1,0.6,24
i speedran minecrafts stupidest item,https://www.youtube.com/watch?v=kjkt_TXN0Sw,camman18,https://www.youtube.com/channel/UCiZ2z8F8ilr6SC7lOaxAQ4g,kjkt_TXN0Sw,0,category,cat-v1,0.6,24
happy ghast speedruns minecraft shorts,https://www.youtube.com/watch?v=zrz9jXeh17I,ethobot,https://www.youtube.com/channel/UCzrlI6MuQz0IzprmuUZb8-Q,zrz9jXeh17I,0,category,cat-v1,0.6,24
dream helps peppa pig speedrun minecraft,https://www.youtube.com/watch?v=6sSEmtv--k4,thegiantworm,https://www.youtube.com/channel/UC8BKzv4LdVZ__CXrtGvqrlA,6sSEmtv--k4,0,category,cat-v1,0.6,24
brainrot song test speedrun futbol edition 2,https://www.youtube.com/watch?v=MhIBpZ23Ig8,pitux,https://www.youtube.com/channel/UClxhk-zz2J2QM2pl5jyiTKA,MhIBpZ23Ig8,0,category,cat-v1,0.6,24
i speedran netherite,https://www.youtube.com/watch?v=jknG9OANed0,camman18,https://www.youtube.com/channel/UCiZ2z8F8ilr6SC7lOaxAQ4g,jknG9OANed0,0,category,cat-v1,0.6,24
this speedrun is apparently impossible,https://www.youtube.com/watch?v=10cPXzipeE0,royalpear,https://www.youtube.com/channel/UCyoW_EfdNy0Z3FudNgeEqdA,10cPXzipeE0,0,category,cat-v1,0.6,24
speedrunning a random item while evbo hunts me,https://www.youtube.com/watch?v=0nZlVp3ovL0,camman18,https://www.youtube.com/channel/UCiZ2z8F8ilr6SC7lOaxAQ4g,0nZlVp3ovL0,0,category,cat-v1,0.6,24
speedrunning mrbeast,https://www.youtube.com/watch?v=5xP2nAmVrXk,ninye,https://www.youtube.com/channel/UCUvw__zQnaI_pcvMy2O0v6g,5xP2nAmVrXk,0,category,cat-v1,0.6,24
el speedrun falso de badabun,https://www.youtube.com/watch?v=NEztJy8xwzM,canaladaar,https://www.youtube.com/channel/UCLLfWBu37MxXSQNoyKQLBwg,NEztJy8xwzM,0,category,cat-v1,0.6,24
i set the minecraft record speedrun,https://www.youtube.com/watch?v=82ZorzhKgY4,camman18,https://www.youtube.com/channel/UCiZ2z8F8ilr6SC7lOaxAQ4g,82ZorzhKgY4,0,category,cat-v1,0.6,24
claustrophobia speedrun,https://www.youtube.com/watch?v=NyFLuDQLLhc,daily dose of internet,https://www.youtube.com/channel/UCdC0An4ZPNr_YiFiYoVbwaw,NyFLuDQLLhc,0,category,cat-v1,0.6,24
un speedrun de los obbys más difíciles de roblox andie,https://www.youtube.com/watch?v=fEyLpIQtIys,andiesita,https://www.youtube.com/channel/UCJRIPXlXCsupN4l7ASRVr7w,fEyLpIQtIys,0,category,cat-v1,0.6,24
brainrot test speedrun tralalero tralala 2,https://www.youtube.com/watch?v=V7gTaJ-L02E,pitux,https://www.youtube.com/channel/UClxhk-zz2J2QM2pl5jyiTKA,V7gTaJ-L02E,0,category,cat-v1,0.6,24
despicable me 3 minion game oh no floor is lava lets play roblox with ryans family review,https://www.youtube.com/watch?v=pMrBgcPIG5M,kaji family,https://www.youtube.com/channel/UCsaOzYsyshyrYL4SHCTI8xw,pMrBgcPIG5M,0,category,cat-v1,0.6,24
trapped inside the ipad  adley  dad play a new family game and beach visit my town app review,https://www.youtube.com/watch?v=eAPcJycHuow,a for adley  learning  fun,https://www.youtube.com/channel/UCBJuxfqZuiibvcwSc8ViGsQ,eAPcJycHuow,0,category,cat-v1,0.6,24
adley face the family plays and reviews fun new games inside our house who is a real game master,https://www.youtube.com/watch?v=hxdSiqwlgKQ,a for adley  learning  fun,https://www.youtube.com/channel/UCBJuxfqZuiibvcwSc8ViGsQ,hxdSiqwlgKQ,0,category,cat-v1,0.6,24
lava prison escape  adley app review of roblox game with dad pirate ship and cops obby challenge,https://www.youtube.com/watch?v=t8zJAS6-7bk,a for adley  learning  fun,https://www.youtube.com/channel/UCBJuxfqZuiibvcwSc8ViGsQ,t8zJAS6-7bk,0,category,cat-v1,0.6,24
cô gái ước mơ trở thành game thủ chuyện nghiệp  review phim hàn 2023,https://www.youtube.com/watch?v=aM9jI8Ei50k,queen movies,https://www.youtube.com/channel/UCXVkIAoZH6enQcu7nHmyctw,aM9jI8Ei50k,0,category,cat-v1,0.6,24
adley app reviews  toca life office  family pretend play controlled by game master,https://www.youtube.com/watch?v=1TC_4NGuwso,a for adley  learning  fun,https://www.youtube.com/channel/UCBJuxfqZuiibvcwSc8ViGsQ,1TC_4NGuwso,0,category,cat-v1,0.6,24
who tooted whoopie cushion gas game for kids egg surprise toys with ryan toysreview,https://www.youtube.com/watch?v=fVYjr7W1dLM,ryans world,https://www.youtube.com/channel/UChGJGhZ9SOOHvBB0Y4DOO_w,fVYjr7W1dLM,0,category,cat-v1,0.6,24
family game morning  play  review new games with mom  dad adley sleep darts parents won’t wakeup,https://www.youtube.com/watch?v=n1oeDgF7kF4,a for adley  learning  fun,https://www.youtube.com/channel/UCBJuxfqZuiibvcwSc8ViGsQ,n1oeDgF7kF4,0,category,cat-v1,0.6,24
gamer girls sekora and sefari play tag with ryan  game review,https://www.youtube.com/watch?v=U0fiGQ7RbJ4,sekora and sefari play,https://www.youtube.com/channel/UCLaZsVGWtAbL1GPemt6HThQ,U0fiGQ7RbJ4,0,category,cat-v1,0.6,24
calculator game review  the amazing world of gumball  cartoon network,https://www.youtube.com/watch?v=YeAp15OmW2s,cartoon network,https://www.youtube.com/channel/UCMsgXPD3wzzt8RxHJmXH7hQ,YeAp15OmW2s,0,category,cat-v1,0.6,24
mr beast squid game review,https://www.youtube.com/watch?v=sA2bR0BRfVY,pewdiepie,https://www.youtube.com/channel/UC-lHJZR3Gqxm24_Vd_AJ5Yw,sA2bR0BRfVY,0,category,cat-v1,0.6,24
worst ign reviews ever,https://www.youtube.com/watch?v=ZZqnPnESGYM,penguinz0,https://www.youtube.com/channel/UCq6VFHwMzcMXbuKyG7SQYIg,ZZqnPnESGYM,0,category,cat-v1,0.6,24
quá khứ búp bê squid game  sheep shorts,https://www.youtube.com/watch?v=S3KO1TxzDlM,sheep,https://www.youtube.com/channel/UCj_LC4oQW2nEr9X4XPs2uFw,S3KO1TxzDlM,0,category,cat-v1,0.6,24
ign reviews  elder scrolls v skyrim game review,https://www.youtube.com/watch?v=bH1GUi8rNQk,ign,https://www.youtube.com/channel/UCKy1dAqELo0zrOtPkf0eTMw,bH1GUi8rNQk,0,category,cat-v1,0.6,24
might be the worst review ive ever seen,https://www.youtube.com/watch?v=G-Aq6XT0Rdc,penguinz0,https://www.youtube.com/channel/UCq6VFHwMzcMXbuKyG7SQYIg,G-Aq6XT0Rdc,0,category,cat-v1,0.6,24
classic game room  grand theft auto san andreas review,https://www.youtube.com/watch?v=3D8_2UIEGxc,classic game room,https://www.youtube.com/channel/UCh4syoTtvmYlDMeMnwS5dmA,3D8_2UIEGxc,0,category,cat-v1,0.6,24
nostalgia main ps1 sampai ps5 🥹,https://www.youtube.com/watch?v=wtRyaGzuzzc,medy renaldy,https://www.youtube.com/channel/UCaTnE9YXQ-re5774VD_ck3A,wtRyaGzuzzc,0,category,cat-v1,0.6,24
ranking all 5 arkhamverse games,https://www.youtube.com/watch?v=5RmjAaqa4eY,doomblazer,https://www.youtube.com/channel/UCURi92if12l0kyMCH6xfpTA,5RmjAaqa4eY,0,category,cat-v1,0.6,24
the game awards situation,https://www.youtube.com/watch?v=ogB1lwKUqoI,penguinz0,https://www.youtube.com/channel/UCq6VFHwMzcMXbuKyG7SQYIg,ogB1lwKUqoI,0,category,cat-v1,0.6,24
is 710 a good average or bad review score gaming,https://www.youtube.com/watch?v=dXaUU4zMo0o,luke stephens live,https://www.youtube.com/channel/UC5Pi8DHUItNgbGVhjh4kVgQ,dXaUU4zMo0o,0,category,cat-v1,0.6,24
squid game season 3 was bad,https://www.youtube.com/watch?v=mJDhemCXWuA,penguinz0,https://www.youtube.com/channel/UCq6VFHwMzcMXbuKyG7SQYIg,mJDhemCXWuA,0,category,cat-v1,0.6,24
ign reviews  zelda skyward sword game review,https://www.youtube.com/watch?v=vRd5hd2BlC0,ign,https://www.youtube.com/channel/UCKy1dAqELo0zrOtPkf0eTMw,vRd5hd2BlC0,0,category,cat-v1,0.6,24
classic game room  ben 10 triple pack nintendo ds review,https://www.youtube.com/watch?v=whoW6nV7ybw,classic game room,https://www.youtube.com/channel/UCh4syoTtvmYlDMeMnwS5dmA,whoW6nV7ybw,0,category,cat-v1,0.6,24
ign reviews  batman arkham city game review,https://www.youtube.com/watch?v=glQ7fTxaWPI,ign,https://www.youtube.com/channel/UCKy1dAqELo0zrOtPkf0eTMw,glQ7fTxaWPI,0,category,cat-v1,0.6,24
game chạy bo mà tưởng game kinh dị review  reels funny shorts cosplay cavangvuive,https://www.youtube.com/watch?v=yKmF7ZM1jwE,cá vàng vui vẻ,https://www.youtube.com/channel/UCpQ2tIygiRZMxuJlDFEcVAw,yKmF7ZM1jwE,0,category,cat-v1,0.6,24
super mario galaxy game review wii,https://www.youtube.com/watch?v=qg-0ff7L7hw,knightwing01,https://www.youtube.com/channel/UCmzwIHGPWtxd3SgNG9qlctg,qg-0ff7L7hw,0,category,cat-v1,0.6,24
worst games of the year,https://www.youtube.com/watch?v=X4hKFXBIb40,penguinz0,https://www.youtube.com/channel/UCq6VFHwMzcMXbuKyG7SQYIg,X4hKFXBIb40,0,category,cat-v1,0.6,24
lgr  elder scrolls daggerfall  dos pc game review,https://www.youtube.com/watch?v=LyXpbK5aPEo,lgr,https://www.youtube.com/channel/UCLx053rWZxCiYWsBETgdKrQ,LyXpbK5aPEo,0,category,cat-v1,0.6,24
ranking all game of thrones seasons gameofthrones review shorts themoviefan recommended,https://www.youtube.com/watch?v=ZHPF_Yvw6SI,the movie fan,https://www.youtube.com/channel/UCByTundTiWsFsZ0GL5yqj7A,ZHPF_Yvw6SI,0,category,cat-v1,0.6,24
squid game mùa 2 nhưng tôi thiểu năng,https://www.youtube.com/watch?v=KmWJxtac2ag,the reviewer,https://www.youtube.com/channel/UCOUIsSGwrFY52YctxX0gmEg,KmWJxtac2ag,0,category,cat-v1,0.6,24
ign reviews  modern warfare 3 game review,https://www.youtube.com/watch?v=SgLgytuJhXk,ign,https://www.youtube.com/channel/UCKy1dAqELo0zrOtPkf0eTMw,SgLgytuJhXk,0,category,cat-v1,0.6,24
journey  game review,https://www.youtube.com/watch?v=bKqeD7ojynw,ign,https://www.youtube.com/channel/UCKy1dAqELo0zrOtPkf0eTMw,bKqeD7ojynw,0,category,cat-v1,0.6,24
the embarrassing failure of jump force,https://www.youtube.com/watch?v=qsP3PuzGcFw,chewiedog1,https://www.youtube.com/channel/UCySq3MZX4J9P7nm2vuyCZdw,qsP3PuzGcFw,0,category,cat-v1,0.6,24
ign reviews  rage game review,https://www.youtube.com/watch?v=OJvF-MBJMB8,ign,https://www.youtube.com/channel/UCKy1dAqELo0zrOtPkf0eTMw,OJvF-MBJMB8,0,category,cat-v1,0.6,24
beast games 2 strongsmart an exhaustive review,https://www.youtube.com/watch?v=2ubYGdMCQTA,folding ideas,https://www.youtube.com/channel/UCyNtlmLB73-7gtlBz00XOQQ,2ubYGdMCQTA,0,category,cat-v1,0.6,24
mình tự sửa máy chơi game có được không nhỉ shorts chiuctoy review,https://www.youtube.com/watch?v=9RXxvkfcNQM,chiuctoy,https://www.youtube.com/channel/UCfhpishilrZLtjCPDILOWVA,9RXxvkfcNQM,0,category,cat-v1,0.6,24
squid game web series review  deeksha sharma,https://www.youtube.com/watch?v=okxx-cdfJMg,filmi indian,https://www.youtube.com/channel/UCeiAKuJGZrIjYvaq0nMwbJg,okxx-cdfJMg,0,category,cat-v1,0.6,24
the amazing spiderman 2 game review,https://www.youtube.com/watch?v=JA2GLJAZYtc,ign,https://www.youtube.com/channel/UCKy1dAqELo0zrOtPkf0eTMw,JA2GLJAZYtc,0,category,cat-v1,0.6,24
classic game room hd  goldeneye 007 for nintendo 64 review,https://www.youtube.com/watch?v=wfbq7O0vg7k,classic game room,https://www.youtube.com/channel/UCh4syoTtvmYlDMeMnwS5dmA,wfbq7O0vg7k,0,category,cat-v1,0.6,24
lgr  midtown madness  pc game review,https://www.youtube.com/watch?v=qLfmFLRr4Kk,lgr,https://www.youtube.com/channel/UCLx053rWZxCiYWsBETgdKrQ,qLfmFLRr4Kk,0,category,cat-v1,0.6,24
pajama sam 3  pc game review  brutalmoose,https://www.youtube.com/watch?v=EhzRdwR0qfw,brutalmoose,https://www.youtube.com/channel/UC18ju52OET36bdewLRHzPdQ,EhzRdwR0qfw,0,category,cat-v1,0.6,24
classic game room hd  fuel review for xbox 360,https://www.youtube.com/watch?v=anWDwL_jODk,classic game room,https://www.youtube.com/channel/UCh4syoTtvmYlDMeMnwS5dmA,anWDwL_jODk,0,category,cat-v1,0.6,24
i tried gaming on the iphone 17 pro,https://www.youtube.com/watch?v=XJ_Pbwq0S4w,the chandler,https://www.youtube.com/channel/UCc6X0hdss1Ufh73V_A5obYQ,XJ_Pbwq0S4w,0,category,cat-v1,0.6,24
classic game room  playstation 3 game console review ps3,https://www.youtube.com/watch?v=Qu9m-WRNQKg,classic game room,https://www.youtube.com/channel/UCh4syoTtvmYlDMeMnwS5dmA,Qu9m-WRNQKg,0,category,cat-v1,0.6,24
saints row the third game review,https://www.youtube.com/watch?v=s6hmPLJp_QQ,ign,https://www.youtube.com/channel/UCKy1dAqELo0zrOtPkf0eTMw,s6hmPLJp_QQ,0,category,cat-v1,0.6,24
ign reviews  battlefield 3 pc game review,https://www.youtube.com/watch?v=AacqQWurFqg,ign,https://www.youtube.com/channel/UCKy1dAqELo0zrOtPkf0eTMw,AacqQWurFqg,0,category,cat-v1,0.6,24
ign reviews  dead island game review,https://www.youtube.com/watch?v=CcqIuP2E4pk,ign,https://www.youtube.com/channel/UCKy1dAqELo0zrOtPkf0eTMw,CcqIuP2E4pk,0,category,cat-v1,0.6,24
the coolest board game of the 90s forbidden bridge,https://www.youtube.com/watch?v=6H1PK0Rr6xY,old crappy couch,https://www.youtube.com/channel/UCHa40rX1psb_WZZf9gagZ_g,6H1PK0Rr6xY,0,category,cat-v1,0.6,24
lgr  rune  pc game review,https://www.youtube.com/watch?v=JZXjKaioNl8,lgr,https://www.youtube.com/channel/UCLx053rWZxCiYWsBETgdKrQ,JZXjKaioNl8,0,category,cat-v1,0.6,24
ylvis  the fox what does the fox say official music video hd,https://www.youtube.com/watch?v=jofNR_WkoCE,tv norge,https://www.youtube.com/channel/UCYM3pKj9tFQOXc2XcJmj8Vg,jofNR_WkoCE,0,category,cat-v1,0.6,24
juice wrld  lucid dreams official music video,https://www.youtube.com/watch?v=mzB1VGEGcSU,lyrical lemonade,https://www.youtube.com/channel/UCtylTUUVIGY_i5afsQYeBZA,mzB1VGEGcSU,0,category,cat-v1,0.6,24
eminem  godzilla ft juice wrld official music video,https://www.youtube.com/watch?v=r_0JjYUe5jo,lyrical lemonade,https://www.youtube.com/channel/UCtylTUUVIGY_i5afsQYeBZA,r_0JjYUe5jo,0,category,cat-v1,0.6,24
lil baby freestyle official music video,https://www.youtube.com/watch?v=MHryuYVyHhk,lil baby official ,https://www.youtube.com/channel/UCVS88tG_NYgxF6Udnx2815Q,MHryuYVyHhk,0,category,cat-v1,0.6,24
how cute is she🥺🥺🥺 cupsong thevoicekids shorts,https://www.youtube.com/watch?v=qbJg-sIP3L4,the voice kids,https://www.youtube.com/channel/UCsaKxIA9snv1Wrh_sw1DFvg,qbJg-sIP3L4,0,category,cat-v1,0.6,24
lil tecca  ransom official music video,https://www.youtube.com/watch?v=1XzY2ij_vL4,lyrical lemonade,https://www.youtube.com/channel/UCtylTUUVIGY_i5afsQYeBZA,1XzY2ij_vL4,0,category,cat-v1,0.6,24
juice wrld  robbery official music video,https://www.youtube.com/watch?v=iI34LYmJ1Fs,lyrical lemonade,https://www.youtube.com/channel/UCtylTUUVIGY_i5afsQYeBZA,iI34LYmJ1Fs,0,category,cat-v1,0.6,24
being awesome ninja kidz music video,https://www.youtube.com/watch?v=DOMPU26i7Xw,ninja kidz tv,https://www.youtube.com/channel/UCpZ88DWlKW0H_AYDaUZptcw,DOMPU26i7Xw,0,category,cat-v1,0.6,24
juice wrld  bandit ft nba youngboy official music video,https://www.youtube.com/watch?v=Sw5fNI400E4,lyrical lemonade,https://www.youtube.com/channel/UCtylTUUVIGY_i5afsQYeBZA,Sw5fNI400E4,0,category,cat-v1,0.6,24
youngboy never broke again  genie official music video,https://www.youtube.com/watch?v=nQ1mmVG-G1g,yb vault,https://www.youtube.com/channel/UCaDkWNQDehTPsKlCBwcgSjQ,nQ1mmVG-G1g,0,category,cat-v1,0.6,24
juice wrld  all girls are the same official music video,https://www.youtube.com/watch?v=h3EJICKwITw,lyrical lemonade,https://www.youtube.com/channel/UCtylTUUVIGY_i5afsQYeBZA,h3EJICKwITw,0,category,cat-v1,0.6,24
joji  slow dancing in the dark,https://www.youtube.com/watch?v=K3Qzzggn--s,88rising,https://www.youtube.com/channel/UCZW5lIUz93q_aZIkJPAC0IQ,K3Qzzggn--s,0,category,cat-v1,0.6,24
nle choppa  shotta flow remix ft blueface official music video,https://www.youtube.com/watch?v=2KDlDuS6r6I,lyrical lemonade,https://www.youtube.com/channel/UCtylTUUVIGY_i5afsQYeBZA,2KDlDuS6r6I,0,category,cat-v1,0.6,24
princess  the popstar official music video  barbie,https://www.youtube.com/watch?v=gsyha_CeetM,barbie,https://www.youtube.com/channel/UCadtap8RYMNy8w4K9lXhzpQ,gsyha_CeetM,0,category,cat-v1,0.6,24
lil mosey  blueberry faygo official music video,https://www.youtube.com/watch?v=V_jHc_n0p9c,lyrical lemonade,https://www.youtube.com/channel/UCtylTUUVIGY_i5afsQYeBZA,V_jHc_n0p9c,0,category,cat-v1,0.6,24
lil skies  nowadays ft landon cube official music video,https://www.youtube.com/watch?v=DlFmfxACvig,lyrical lemonade,https://www.youtube.com/channel/UCtylTUUVIGY_i5afsQYeBZA,DlFmfxACvig,0,category,cat-v1,0.6,24
lil mosey  noticed official music video,https://www.youtube.com/watch?v=nceqQyqIa5o,lyrical lemonade,https://www.youtube.com/channel/UCtylTUUVIGY_i5afsQYeBZA,nceqQyqIa5o,0,category,cat-v1,0.6,24
youngboy never broke again  untouchable official music video,https://www.youtube.com/watch?v=ipM9SkIkwCY,yb vault,https://www.youtube.com/channel/UCaDkWNQDehTPsKlCBwcgSjQ,ipM9SkIkwCY,0,category,cat-v1,0.6,24
little big  uno  russia   official music video  eurovision 2020,https://www.youtube.com/watch?v=L_dWvTCdDQ4,eurovision song contest,https://www.youtube.com/channel/UCRpjHHu8ivVWs73uxHlWwFA,L_dWvTCdDQ4,0,category,cat-v1,0.6,24
full song the fall of jake paul official video feat why dont we,https://www.youtube.com/watch?v=oeCytho8wq4,logan paul,https://www.youtube.com/channel/UCG8rbF3g2AMX70yOd8vqIZg,oeCytho8wq4,0,category,cat-v1,0.6,24
jojo siwa  kid in a candy store official video,https://www.youtube.com/watch?v=ue0qAm5HVmU,jojo siwa,https://www.youtube.com/channel/UCeV2O_6QmFaaKBZHY3bJgsA,ue0qAm5HVmU,0,category,cat-v1,0.6,24
blueface  thotiana remix ft cardi b official music video,https://www.youtube.com/watch?v=V6EpIABAKKo,lyrical lemonade,https://www.youtube.com/channel/UCtylTUUVIGY_i5afsQYeBZA,V6EpIABAKKo,0,category,cat-v1,0.6,24
nle choppa  camelot official music video,https://www.youtube.com/watch?v=0II-EFw9J0A,lyrical lemonade,https://www.youtube.com/channel/UCtylTUUVIGY_i5afsQYeBZA,0II-EFw9J0A,0,category,cat-v1,0.6,24
nardo wick  who want smoke ft lil durk 21 savage  g herbo official music video,https://www.youtube.com/watch?v=U2SNwtE-0Us,lyrical lemonade,https://www.youtube.com/channel/UCtylTUUVIGY_i5afsQYeBZA,U2SNwtE-0Us,0,category,cat-v1,0.6,24
central cee  doja official music video,https://www.youtube.com/watch?v=_VuJA-VQRcY,lyrical lemonade,https://www.youtube.com/channel/UCtylTUUVIGY_i5afsQYeBZA,_VuJA-VQRcY,0,category,cat-v1,0.6,24
jojo siwa  dream the music video,https://www.youtube.com/watch?v=HJt9xW-2GXI,jojo siwa,https://www.youtube.com/channel/UCeV2O_6QmFaaKBZHY3bJgsA,HJt9xW-2GXI,0,category,cat-v1,0.6,24
trey songz  slow motion official music video,https://www.youtube.com/watch?v=dXTBbM21plg,trey songz,https://www.youtube.com/channel/UC7DpParfqYQEbFGt5eTX5pQ,dXTBbM21plg,0,category,cat-v1,0.6,24
birdy  wings official music video,https://www.youtube.com/watch?v=WJTXDCh2YiA,birdy,https://www.youtube.com/channel/UCk3NOb_PipJJwzMuaBhEfQg,WJTXDCh2YiA,0,category,cat-v1,0.6,24
so big official music video   iyaz,https://www.youtube.com/watch?v=H3samZDs0ak,iyazlive,https://www.youtube.com/channel/UCXPjxIofFid9z2JlKT6Jb3w,H3samZDs0ak,0,category,cat-v1,0.6,24
ziggy zagga official music video  gen halilintar 11 kids,https://www.youtube.com/watch?v=BCOjopku3bk,gen halilintar,https://www.youtube.com/channel/UCfRNJiafEm1LBBGFTTq4cXw,BCOjopku3bk,0,category,cat-v1,0.6,24
dobre brothers  you know you lit official music video,https://www.youtube.com/watch?v=Bbadat0Q0Ds,lucas and marcus,https://www.youtube.com/channel/UCwD4x63A9KC7Si2RuSfg-SA,Bbadat0Q0Ds,0,category,cat-v1,0.6,24
the hes flying song irl   spongebob shorts,https://www.youtube.com/watch?v=5Bt_op2Tqr4,spongebob squarepants official,https://www.youtube.com/channel/UCx27Pkk8plpiosF14qXq-VA,5Bt_op2Tqr4,0,category,cat-v1,0.6,24
beiman  arman alif  sahriar rafat  official music video  bangla song 2018,https://www.youtube.com/watch?v=DB3YrZIObyQ,cmv,https://www.youtube.com/channel/UCIjLRyywnG8olYXAEVYGYgQ,DB3YrZIObyQ,0,category,cat-v1,0.6,24
woman ultimate mix 2020  john lennon official music video hd,https://www.youtube.com/watch?v=ZhfWiU8wGCc,johnlennon,https://www.youtube.com/channel/UCYU4eunPInnHTNWfGvOgkbg,ZhfWiU8wGCc,0,category,cat-v1,0.6,24
inna feat daddy yankee  more than friends official music video,https://www.youtube.com/watch?v=NaEbWyb9bOA,spinnin records,https://www.youtube.com/channel/UCpDJl2EmP7Oh90Vylx0dZtA,NaEbWyb9bOA,0,category,cat-v1,0.6,24
minecraft rtx 187 short fuse shorts,https://www.youtube.com/watch?v=XzKHvOVIviE,jake fellman,https://www.youtube.com/channel/UCEnqwW6f7bYidXHAI13hhMA,XzKHvOVIviE,0,category,cat-v1,0.6,24
act goes wrong on bgt 2022 shorts,https://www.youtube.com/watch?v=w-Ku1hTa9NQ,top talent,https://www.youtube.com/channel/UCD2GdZBCsUa0TIssLai6Skw,w-Ku1hTa9NQ,0,category,cat-v1,0.6,24
magnus haven  imahe official lyric video,https://www.youtube.com/watch?v=WerQABDxisM,magnus haven,https://www.youtube.com/channel/UCKXPKHSUrhU3TYjBg1zHO2w,WerQABDxisM,0,category,cat-v1,0.6,24
kaash paige  love songs  official music video,https://www.youtube.com/watch?v=uwIIVeGq4Xg,kaash paige,https://www.youtube.com/channel/UCqLcZ9ksQuE3QIf-pNCVSjA,uwIIVeGq4Xg,0,category,cat-v1,0.6,24
then and now sophia grace and rosie performing super bass ellen shorts,https://www.youtube.com/watch?v=VjdSzajrg0k,theellenshow,https://www.youtube.com/channel/UCp0hYYBW6IMayGgR-WeoCvQ,VjdSzajrg0k,0,category,cat-v1,0.6,24
joji  sanctuary official video,https://www.youtube.com/watch?v=YWN81V7ojOE,88rising,https://www.youtube.com/channel/UCZW5lIUz93q_aZIkJPAC0IQ,YWN81V7ojOE,0,category,cat-v1,0.6,24
never grow up official music video the fun squad sings on kids fun tv,https://www.youtube.com/watch?v=Q3qIWRXcw2Q,the fun squad,https://www.youtube.com/channel/UChsFzlDgXxa4MDlFp-28FxQ,Q3qIWRXcw2Q,0,category,cat-v1,0.6,24
best friends forever official music video by jazzy skye,https://www.youtube.com/watch?v=2JqKgHnI8Xg,jazzy skye,https://www.youtube.com/channel/UCdgERiTAAvvQmhvSvo_09WA,2JqKgHnI8Xg,0,category,cat-v1,0.6,24
pov the generational cycle for the rulers of elements,https://www.youtube.com/watch?v=mt4dWYVdXC0,jessica kaylee,https://www.youtube.com/channel/UCZ7HzTBmljSCMBNRoNgHuJA,mt4dWYVdXC0,0,category,cat-v1,0.6,24
trey songz  touchin lovin ft nicki minaj official music video,https://www.youtube.com/watch?v=cEmrvCiEapM,trey songz,https://www.youtube.com/channel/UC7DpParfqYQEbFGt5eTX5pQ,cEmrvCiEapM,0,category,cat-v1,0.6,24
jojo siwa  high top shoes official video,https://www.youtube.com/watch?v=MeGCWNytrxk,jojo siwa,https://www.youtube.com/channel/UCeV2O_6QmFaaKBZHY3bJgsA,MeGCWNytrxk,0,category,cat-v1,0.6,24
masaka kids africana  back to school official music video,https://www.youtube.com/watch?v=Zbf79dFxpE8,masaka kids afrikana,https://www.youtube.com/channel/UCEl0pHvvSK6gb61YRvs0bOw,Zbf79dFxpE8,0,category,cat-v1,0.6,24
my life is ruined,https://www.youtube.com/watch?v=EFoqFZ3mdTA,ben azelart,https://www.youtube.com/channel/UCwVg9btOceLQuNCdoQk9CXg,EFoqFZ3mdTA,0,category,cat-v1,0.6,24
the last goodbye  billy boyd official music video  the hobbit the battle of the five armies,https://www.youtube.com/watch?v=q8ir8rVl2Z4,watertower music,https://www.youtube.com/channel/UCGkQCAeRjyP9BpNwVFMaJaw,q8ir8rVl2Z4,0,category,cat-v1,0.6,24
stand up  official lyric video  performed by cynthia erivo,https://www.youtube.com/watch?v=sn19xvfoXvk,focus features,https://www.youtube.com/channel/UCU4SM3j_9TNWaSu8KdGV50g,sn19xvfoXvk,0,category,cat-v1,0.6,24
claws out  four more shots please,https://www.youtube.com/watch?v=UF19xtv6_HM,prime video,https://www.youtube.com/channel/UCQJWtTnAHhEG5w4uN0udnUQ,UF19xtv6_HM,0,category,cat-v1,0.6,24
🤣 kid comedian roasts his dad  agt,https://www.youtube.com/watch?v=3vjryPUkX48,americas got talent,https://www.youtube.com/channel/UCT2X19JJaJGUN7mrYuImANQ,3vjryPUkX48,0,category,cat-v1,0.6,24
franco escamilla  stand up  comedy central méxico,https://www.youtube.com/watch?v=qo7G516Hjak,comedy central latinoamérica,https://www.youtube.com/channel/UCJGanRdrtdqYlDPoBEM_C_A,qo7G516Hjak,0,category,cat-v1,0.6,24
madurai muthu  best stand up comedy  t rajendar  vadivelu  volume  1  vision time,https://www.youtube.com/watch?v=xa1-W2PPsL4,vision time tamil,https://www.youtube.com/channel/UCOpUWgNJq1kUlB3Z5KM7X-A,xa1-W2PPsL4,0,category,cat-v1,0.6,24
how to sneeze girls vs boys  part  1,https://www.youtube.com/watch?v=t5Agv1wQ4j0,only standup,https://www.youtube.com/channel/UCIaezueWjrDDGR9KmVaDFpQ,t5Agv1wQ4j0,0,category,cat-v1,0.6,24
the best of stand up comedian daliso chaponda on britains got talent,https://www.youtube.com/watch?v=MLhCTuHqloY,punchline,https://www.youtube.com/channel/UCKk1DfbCOBm_42PMyz7HqEA,MLhCTuHqloY,0,category,cat-v1,0.6,24
florin siriac a făcut senzaţie pe scena iumor bendeac e o specie ciudată de umor involuntar,https://www.youtube.com/watch?v=dciBhziy7JA,iumor,https://www.youtube.com/channel/UCLX_Uieu2QfoAW8MYRE181g,dciBhziy7JA,0,category,cat-v1,0.6,24
funniest comedy auditions that won the golden buzzer  amazing auditions,https://www.youtube.com/watch?v=JyPxyjwGj4A,amazing auditions,https://www.youtube.com/channel/UCTi3mRHhtqqrz5rXgw0F3mw,JyPxyjwGj4A,0,category,cat-v1,0.6,24
the fake id ft samay raina  comicstaan  primevideoindia,https://www.youtube.com/watch?v=h0nXHjcfI8Q,prime video india,https://www.youtube.com/channel/UC4zWG9LccdWGUlF77LZ8toA,h0nXHjcfI8Q,0,category,cat-v1,0.6,24
salary negotiations gone right ft zakir khan   tathastu   primevideoindia,https://www.youtube.com/watch?v=McKSgBepFyI,prime video india,https://www.youtube.com/channel/UC4zWG9LccdWGUlF77LZ8toA,McKSgBepFyI,0,category,cat-v1,0.6,24
8 bacche 1 ghar  crowdwork stand up comedy,https://www.youtube.com/watch?v=CfHbbYxmAXk,rajat sood,https://www.youtube.com/channel/UCfRxj2eDIc21mGQyZyEOlyg,CfHbbYxmAXk,0,category,cat-v1,0.6,24
sunil grover  kapil sharma epic roast comebacks   tgiks  netflix india,https://www.youtube.com/watch?v=Jzk0g977Hns,netflix india,https://www.youtube.com/channel/UCZSNzBgFub_WWil6TOTYwAg,Jzk0g977Hns,0,category,cat-v1,0.6,24
never judge a book by its cover piers,https://www.youtube.com/watch?v=79UxVQOy6iM,top viral talent,https://www.youtube.com/channel/UCDnEa2HC2eeT-cN3pAKnNTw,79UxVQOy6iM,0,category,cat-v1,0.6,24
printing engineering  standup comedy by samay raina,https://www.youtube.com/watch?v=KKnhgkmV7k8,samay raina,https://www.youtube.com/channel/UCAov2BBv1ZJav0c_yHEciAw,KKnhgkmV7k8,0,category,cat-v1,0.6,24
sports bike ka craze  gurleen pannu  standup comedy  comicstaan primevideoindia,https://www.youtube.com/watch?v=th8MsSdXegk,prime video india,https://www.youtube.com/channel/UC4zWG9LccdWGUlF77LZ8toA,th8MsSdXegk,0,category,cat-v1,0.6,24
mongol lagu fatal indonesia mongolstres standupcomedy standup videolucu komedi videokomedi,https://www.youtube.com/watch?v=Qhx3gM7WV5k,vavinoz,https://www.youtube.com/channel/UC4cFWsE-k1TharauX18uq9w,Qhx3gM7WV5k,0,category,cat-v1,0.6,24
junior  senior crowd work,https://www.youtube.com/watch?v=eU_Bo3GhoS8,only standup,https://www.youtube.com/channel/UCIaezueWjrDDGR9KmVaDFpQ,eU_Bo3GhoS8,0,category,cat-v1,0.6,24
sedikit bocoran rigen rakelna stand up fest 2023 shorts,https://www.youtube.com/watch?v=cCohNgPFWhk,rigen rakelna,https://www.youtube.com/channel/UC4MbJ66pRUSdvFqJPOE3kew,cCohNgPFWhk,0,category,cat-v1,0.6,24
zehreele chutkule with naman arora  india’s got latent,https://www.youtube.com/watch?v=Lpy1gOdxaBk,indias got latent clips,https://www.youtube.com/channel/UCx1Fxl7pFuccFkcOA4mSfZA,Lpy1gOdxaBk,0,category,cat-v1,0.6,24
bhure kutte kale ho gye🤣 swati sachdeva stand up comedyswatisachdeva95 ytshorts standupcomedy,https://www.youtube.com/watch?v=6w8x8SIfEMs,scroll with ganesh,https://www.youtube.com/channel/UCk9NsGu5YWLlGIKtssVUrug,6w8x8SIfEMs,0,category,cat-v1,0.6,24
standup comedy bintang emon  naik gunung ketemu macan komedi klasik,https://www.youtube.com/watch?v=AHNP7H7Fbu0,khong guan biscuits indonesia,https://www.youtube.com/channel/UChGdL5MaAE9Kj4yljYUihGg,AHNP7H7Fbu0,0,category,cat-v1,0.6,24
mongol stres bikin presiden jokowi tertawa hingga manggutmanggut dengar usulannya,https://www.youtube.com/watch?v=N_2M4HhIhV8,pesiarnet,https://www.youtube.com/channel/UCp9fW2f4vUmEB1_9IrIw-Ug,N_2M4HhIhV8,0,category,cat-v1,0.6,24
british vs american food jimmycarr hecklers standup crowdwork heckles,https://www.youtube.com/watch?v=X2WOqAanZHk,jimmy carr,https://www.youtube.com/channel/UCf9BO33b-MnIxB5y0azrxmg,X2WOqAanZHk,0,category,cat-v1,0.6,24
how indian couples fight  amit tandon standup comedy  netflix india,https://www.youtube.com/watch?v=npfahtvaWOk,netflix india,https://www.youtube.com/channel/UCZSNzBgFub_WWil6TOTYwAg,npfahtvaWOk,0,category,cat-v1,0.6,24
i thought he was messing with me standup standupcomedy funny jokes crowdwork funnyvideos,https://www.youtube.com/watch?v=ygMpxdoLMt0,jeff arcuri,https://www.youtube.com/channel/UCpbWmV3trWP4kqbNawlXIcQ,ygMpxdoLMt0,0,category,cat-v1,0.6,24
prakhar gupta x ravi gupta  pgx 24 raviguptacomedy,https://www.youtube.com/watch?v=j9LYOxngnL4,prakhar gupta,https://www.youtube.com/channel/UCHOKvQW2N4kLVhKYn2bvF7A,j9LYOxngnL4,0,category,cat-v1,0.6,24
how the english language would sound if silent letters weren’t silent  bbc,https://www.youtube.com/watch?v=BrJv_wUEKko,bbc,https://www.youtube.com/channel/UCCj956IF62FbT7Gouszaj9w,BrJv_wUEKko,0,category,cat-v1,0.6,24
abhishek upmanyu in kapil sharma show❤️never miss the endshorts viral,https://www.youtube.com/watch?v=xuN9BoATvGo,shortswithharsh,https://www.youtube.com/channel/UC6E5QWCdlrWR0RPVtUQDaMw,xuN9BoATvGo,0,category,cat-v1,0.6,24
we pretended to be stand up comedians kicked out,https://www.youtube.com/watch?v=b7VqAueVVa0,beta squad,https://www.youtube.com/channel/UCxOzbkk0bdVl6-tH1Fcajfg,b7VqAueVVa0,0,category,cat-v1,0.6,24
yaa bottle￼ ka kya kare gi   funny standupcomedy indianlaughs comedy standup yt samayraina,https://www.youtube.com/watch?v=TpK3EtoS84I,dineshdrops,https://www.youtube.com/channel/UCtJm2hpKT4Kpf0dYy8YHRjw,TpK3EtoS84I,0,category,cat-v1,0.6,24
sunil grover’s amazing akshay kumar mimicry will leave you wanting more ❤  tgiks  netflix india,https://www.youtube.com/watch?v=HVuhuQWLBew,netflix india,https://www.youtube.com/channel/UCZSNzBgFub_WWil6TOTYwAg,HVuhuQWLBew,0,category,cat-v1,0.6,24
mera ladka barbie,https://www.youtube.com/watch?v=d5vOaKwnJtw,only standup,https://www.youtube.com/channel/UCIaezueWjrDDGR9KmVaDFpQ,d5vOaKwnJtw,0,category,cat-v1,0.6,24
assembly meeting in schools  part 3 team plan,https://www.youtube.com/watch?v=7w-MepCzUgw,only standup,https://www.youtube.com/channel/UCIaezueWjrDDGR9KmVaDFpQ,7w-MepCzUgw,0,category,cat-v1,0.6,24
samay raina vs rohan joshi the ultimate roast battle,https://www.youtube.com/watch?v=noaK_zhsiDQ,netflix india,https://www.youtube.com/channel/UCZSNzBgFub_WWil6TOTYwAg,noaK_zhsiDQ,0,category,cat-v1,0.6,24
gurleens hilarious friends  comicstaan  standup comedy primevideoindia,https://www.youtube.com/watch?v=NGNDZ8u_t_0,prime video india,https://www.youtube.com/channel/UC4zWG9LccdWGUlF77LZ8toA,NGNDZ8u_t_0,0,category,cat-v1,0.6,24
boys trip   standup comedy primevideo,https://www.youtube.com/watch?v=oWy7uRTzAwk,prime video india,https://www.youtube.com/channel/UC4zWG9LccdWGUlF77LZ8toA,oWy7uRTzAwk,0,category,cat-v1,0.6,24
kevin hart at his absolute funniest for 14 minutes straight,https://www.youtube.com/watch?v=DzfdLu_f4kg,pop potion ,https://www.youtube.com/channel/UCBDPtMdQPMTqYjPNKDUTPug,DzfdLu_f4kg,0,category,cat-v1,0.6,24
hasao kamao  ep2  triggeredinsaan  abhishek malhan ,https://www.youtube.com/watch?v=6msZaegj2Jc,fukra insaan,https://www.youtube.com/channel/UClfos9f7uDdoun8ZyE9jYFg,6msZaegj2Jc,0,category,cat-v1,0.6,24
kevin hart has no patience for unattractive people but let him finish  kevin hart reality check,https://www.youtube.com/watch?v=AD4raVw11xU,peacock,https://www.youtube.com/channel/UCPgMAS8woHJ_o_OZdTR7kcQ,AD4raVw11xU,0,category,cat-v1,0.6,24
kevin hart roasting celebrities to their face,https://www.youtube.com/watch?v=aG3kwScSsWI,papa ruzz,https://www.youtube.com/channel/UCXBHxggVOPm-I_UzdeprHYA,aG3kwScSsWI,0,category,cat-v1,0.6,24
foreign peoples vs indian peoples indians in other country,https://www.youtube.com/watch?v=gVeAo9LBNwA,only standup,https://www.youtube.com/channel/UCIaezueWjrDDGR9KmVaDFpQ,gVeAo9LBNwA,0,category,cat-v1,0.6,24
standup girl episode 1  zara noor abbas  danyal zafar   eng cc  21st dec 2023  green tv,https://www.youtube.com/watch?v=qTnlesoGQhg,green tv entertainment,https://www.youtube.com/channel/UCF2ltLX1dnPa6-L1paPaMzw,qTnlesoGQhg,0,category,cat-v1,0.6,24
protection in cricket nonveg joke,https://www.youtube.com/watch?v=ft0nCU0Gn_Y,only standup,https://www.youtube.com/channel/UCIaezueWjrDDGR9KmVaDFpQ,ft0nCU0Gn_Y,0,category,cat-v1,0.6,24
madurai muthu stand up comedy  kalakka povadhu yaaru champions,https://www.youtube.com/watch?v=c3d9kHZVfUM,vijay television,https://www.youtube.com/channel/UCvrhwpnp2DHYQ1CbXby9ypQ,c3d9kHZVfUM,0,category,cat-v1,0.6,24
stand up mihai bobonete momentele mele de la sala palatului craciun fericit sa aveti,https://www.youtube.com/watch?v=2du1eukfpYw,da bravo by mihai bobonete,https://www.youtube.com/channel/UCF0WTIjRThqdekNZxPFSS6A,2du1eukfpYw,0,category,cat-v1,0.6,24
finding indian resturant in foreign country,https://www.youtube.com/watch?v=T3c29Y8w6rQ,only standup,https://www.youtube.com/channel/UCIaezueWjrDDGR9KmVaDFpQ,T3c29Y8w6rQ,0,category,cat-v1,0.6,24
daaru party  jaspreet singh standup comedy,https://www.youtube.com/watch?v=lDtJtkBOBj0,jaspreet singh,https://www.youtube.com/channel/UCmQCEVKEYpKxG8NwXnfIbCw,lDtJtkBOBj0,0,category,cat-v1,0.6,24
bra a standup comedy by sumit mishra,https://www.youtube.com/watch?v=Vk5MleTS750,sumit mishra,https://www.youtube.com/channel/UC69WHEDM1kIVeOWbftmkgLA,Vk5MleTS750,0,category,cat-v1,0.6,24
all star comedy jam  standup comedy,https://www.youtube.com/watch?v=cbE9ncf9aFY,the boxoffice society,https://www.youtube.com/channel/UCvkjZxo8se2ex6tLPrrwTBg,cbE9ncf9aFY,0,category,cat-v1,0.6,24
make this kick win super bowl tickets,https://www.youtube.com/watch?v=NnNZLCl78Ao,mrbeast,https://www.youtube.com/channel/UCX6OQ3DkcsbYNE6H8uQQuVA,NnNZLCl78Ao,0,category,cat-v1,0.6,24
baseball tic tac toe vs mlb pro,https://www.youtube.com/watch?v=4yx9ZJDfyKk,mrbeast,https://www.youtube.com/channel/UCX6OQ3DkcsbYNE6H8uQQuVA,4yx9ZJDfyKk,0,category,cat-v1,0.6,24
20 impossible moments in sports history,https://www.youtube.com/watch?v=CAs0DjbH92s,wave of trend,https://www.youtube.com/channel/UCy2WOudK6eTlvcFN9ik52-A,CAs0DjbH92s,0,category,cat-v1,0.6,24
illusion trick shot w dude perfect shorts,https://www.youtube.com/watch?v=RtYbZzlUVxM,zach king,https://www.youtube.com/channel/UCq8DICunczvLuJJq414110A,RtYbZzlUVxM,0,category,cat-v1,0.6,24
wyd if a db clamps you like this  shorts,https://www.youtube.com/watch?v=JrHK_ru2zEU,deestroying,https://www.youtube.com/channel/UC4mLlRa_dezwvytudo9s1sw,JrHK_ru2zEU,0,category,cat-v1,0.6,24
1 in a million moments in sports history,https://www.youtube.com/watch?v=vIRZfVOwKkE,wave of trend,https://www.youtube.com/channel/UCy2WOudK6eTlvcFN9ik52-A,vIRZfVOwKkE,0,category,cat-v1,0.6,24
looking beautiful jacquelinefernandez at ispl match ❤️ trendingshorts ytshorts shorts,https://www.youtube.com/watch?v=J6abOhYEHCg,bollywood viral 73,https://www.youtube.com/channel/UCPqjf89pM3D4BRVLKWCf2Jw,J6abOhYEHCg,0,category,cat-v1,0.6,24
best sports fails  which fail wins the playoff,https://www.youtube.com/watch?v=cdmKVXynX3I,failarmy,https://www.youtube.com/channel/UCPDis9pjXuqyI7RYLJ-TTSA,cdmKVXynX3I,0,category,cat-v1,0.6,24
jon jones vs lyoto machida scary submission full fight highlights shorts,https://www.youtube.com/watch?v=FpdbTj57Vk0,mma clipmaster,https://www.youtube.com/channel/UCw3_6RgkhkNLpNAhIX36Xig,FpdbTj57Vk0,0,category,cat-v1,0.6,24
the infamous ‘c gap’ play thepatmcafeeshow,https://www.youtube.com/watch?v=5Cxf2VjPDQM,steelersu,https://www.youtube.com/channel/UC99Q6iQUZDwf3dtZk6nfAZA,5Cxf2VjPDQM,0,category,cat-v1,0.6,24
the chennai super kings celebrate their ipl 2023 win ipl cricket csk  chennaisuperkings,https://www.youtube.com/watch?v=e5QfMPc8lbs,gold fm,https://www.youtube.com/channel/UC7ewzzOQ1aYrcFU1VdI9QzQ,e5QfMPc8lbs,0,category,cat-v1,0.6,24
pov you get your first nfl interception 🤦‍♂️ w dk shorts football nfl,https://www.youtube.com/watch?v=vuu--ELZnmI,dockery,https://www.youtube.com/channel/UCFWAXGzg3lc60ydrrZMGhsA,vuu--ELZnmI,0,category,cat-v1,0.6,24
ali head movement,https://www.youtube.com/watch?v=SEd-p86Tha0,hannan golf,https://www.youtube.com/channel/UC8LPp-_XkkepGWWgjM0_Pwg,SEd-p86Tha0,0,category,cat-v1,0.6,24
ryan garcia  quickest knockout punch 🤜,https://www.youtube.com/watch?v=z_EDAy6npTY,cory lee boxing,https://www.youtube.com/channel/UCFoc49Q9WcdkxlrKjJr7DfQ,z_EDAy6npTY,0,category,cat-v1,0.6,24
cristiano ronaldo goals by age 1838,https://www.youtube.com/watch?v=ImAlhkOerlY,proham,https://www.youtube.com/channel/UCeAP6fOO6PNDVpvn9AOcQ0w,ImAlhkOerlY,0,category,cat-v1,0.6,24
evolution of nba basketball,https://www.youtube.com/watch?v=US_jfpm5FQc,bucketsquad,https://www.youtube.com/channel/UCQ1et8w2Ul5dns087mRdF0w,US_jfpm5FQc,0,category,cat-v1,0.6,24
rajon rondo quick action finish at the rim  shorts,https://www.youtube.com/watch?v=i7_11P8GCkU,chrisjohnsonhoops,https://www.youtube.com/channel/UCSWVIwg0PgMx5xTNHKVvUsQ,i7_11P8GCkU,0,category,cat-v1,0.6,24
gypsy traveller epic bare knuckle  part 1 ,https://www.youtube.com/watch?v=PBLziLkur5Y,davo devigne,https://www.youtube.com/channel/UCiGZ7b48-hzI8B8EIGD3KLg,PBLziLkur5Y,0,category,cat-v1,0.6,24
islam makhachev sent charles oliveira back to the bronx,https://www.youtube.com/watch?v=ysz4Nc2rHH8,mma clipmaster,https://www.youtube.com/channel/UCw3_6RgkhkNLpNAhIX36Xig,ysz4Nc2rHH8,0,category,cat-v1,0.6,24
this was satisfying  shorts nba,https://www.youtube.com/watch?v=KRoSohvCyok,fingeroll,https://www.youtube.com/channel/UC7oT6ExHCW6LeiUSWQejfBQ,KRoSohvCyok,0,category,cat-v1,0.6,24
how far can i shoot,https://www.youtube.com/watch?v=pr49W_Udqmw,kristopher london,https://www.youtube.com/channel/UCUJ0Qif41Vfwds2Q_k6HO2g,pr49W_Udqmw,0,category,cat-v1,0.6,24
james harrison is a bad man shorts steelers,https://www.youtube.com/watch?v=RxjC-w8D_jM,steelersu,https://www.youtube.com/channel/UC99Q6iQUZDwf3dtZk6nfAZA,RxjC-w8D_jM,0,category,cat-v1,0.6,24
professor shows jason williamsnba legend a crazy move,https://www.youtube.com/watch?v=5ceAw-ewl9o,professor live,https://www.youtube.com/channel/UC5zJwsFtEs9WYe3A76p7xIA,5ceAw-ewl9o,0,category,cat-v1,0.6,24
ppaaa🥺 enna match uh5th time champion❤️ shorts csk,https://www.youtube.com/watch?v=HXCn6t8klfo,imsubu official,https://www.youtube.com/channel/UCbNFYkTWQVUTs_n5Hqbt8bg,HXCn6t8klfo,0,category,cat-v1,0.6,24
novak djokovic couldn’t hold back the tears when his son smiled at him 🥹 wimbledon iplayer,https://www.youtube.com/watch?v=sSSSajrLFJg,bbc,https://www.youtube.com/channel/UCCj956IF62FbT7Gouszaj9w,sSSSajrLFJg,0,category,cat-v1,0.6,24
nfl catches that’d be insane ‍ football nfl shorts fyp,https://www.youtube.com/watch?v=_noCTI13jec,dockery,https://www.youtube.com/channel/UCFWAXGzg3lc60ydrrZMGhsA,_noCTI13jec,0,category,cat-v1,0.6,24
nba ankle breakers collection 🥶 part 5 shorts nba,https://www.youtube.com/watch?v=GGqoFwjWhN8,fingeroll,https://www.youtube.com/channel/UC7oT6ExHCW6LeiUSWQejfBQ,GGqoFwjWhN8,0,category,cat-v1,0.6,24
thierry henry picks bergkamp over messi ,https://www.youtube.com/watch?v=8Xihkv4dN0E,capotv,https://www.youtube.com/channel/UC9ZUovZ3uJMdr5FtEb6aF6g,8Xihkv4dN0E,0,category,cat-v1,0.6,24
he hurdled the catcher ,https://www.youtube.com/watch?v=eI4-TA-C-qI,sportsnation,https://www.youtube.com/channel/UCQZi2YXSxc6BSK4mZHql8ag,eI4-TA-C-qI,0,category,cat-v1,0.6,24
lebron james and kobe bryant unforgettable moments all star game ,https://www.youtube.com/watch?v=Uhdn0NzvHoc,nba best clips,https://www.youtube.com/channel/UCN-8EAqZYoZRJI01-MN7wCg,Uhdn0NzvHoc,0,category,cat-v1,0.6,24
daniel padilla nagkainjury sa last quarter ng star magic all star basketball game,https://www.youtube.com/watch?v=a1yfceTTyk0,starmometer,https://www.youtube.com/channel/UCdFVzFF2CFibENmkGOBPiEA,a1yfceTTyk0,0,category,cat-v1,0.6,24
most intense softball player i’ve seen a breakdown sports softball athlete texas longhorns,https://www.youtube.com/watch?v=mX9KZ7iZxfM,jomboy media,https://www.youtube.com/channel/UCl9E4Zxa8CVr2LBLD0_TaNg,mX9KZ7iZxfM,0,category,cat-v1,0.6,24
despite of their busy schedule they still make time to watch each others game happy 33rd kkdwight ♡,https://www.youtube.com/watch?v=TLz4Bgs-Cgw,kkdwight official,https://www.youtube.com/channel/UC74bzJOVPLNrXbCcAEtT_Ew,TLz4Bgs-Cgw,0,category,cat-v1,0.6,24
dennis rodman i never talked to michael jordan or scottie pippen,https://www.youtube.com/watch?v=Q_boi6majIA,graham bensinger,https://www.youtube.com/channel/UCBs5YS0JTDAU5hwN9bGVk_A,Q_boi6majIA,0,category,cat-v1,0.6,24
most intense staredown between cro cop and wanderlei silva leads to brutal headkick knockout,https://www.youtube.com/watch?v=2Q1WlxZbv2U,mma clipmaster,https://www.youtube.com/channel/UCw3_6RgkhkNLpNAhIX36Xig,2Q1WlxZbv2U,0,category,cat-v1,0.6,24
he nearly took his head off  eurosport tennis  shorts,https://www.youtube.com/watch?v=P_cl54ewrhs,eurosport tennis,https://www.youtube.com/channel/UCxyDulPLBU9WiiN43xTs5FQ,P_cl54ewrhs,0,category,cat-v1,0.6,24
ketika kevin sanjaya dicurangi wasit langsung dibalas tengil  kevinsanjaya  badmintonindonesia,https://www.youtube.com/watch?v=fxHyzPwLI5E,seputar atlet,https://www.youtube.com/channel/UC1qcCzQLI2r08fRIprnqpzw,fxHyzPwLI5E,0,category,cat-v1,0.6,24
best griddy in the nfl ,https://www.youtube.com/watch?v=KSfMqSHmLGM,nick sports,https://www.youtube.com/channel/UC_HtdXPLlb1H0saqnGJ-SfA,KSfMqSHmLGM,0,category,cat-v1,0.6,24
tyler lockett has still not taken a single hit this year shorts nfl tylerlockett,https://www.youtube.com/watch?v=MRGek_jRFfM,hangtime,https://www.youtube.com/channel/UCdIFTflafikgEEUuKZia3jQ,MRGek_jRFfM,0,category,cat-v1,0.6,24
deiveson figueiredo vs brandon moreno crazy slug fest full fight highlights ufc shorts,https://www.youtube.com/watch?v=UTjJHUrLFSw,mma clipmaster,https://www.youtube.com/channel/UCw3_6RgkhkNLpNAhIX36Xig,UTjJHUrLFSw,0,category,cat-v1,0.6,24
🤯 she’s a star craziest women’s football moments you’ll replay soccer football shorts,https://www.youtube.com/watch?v=aBH3eLXRb_M,viral vision hd,https://www.youtube.com/channel/UC-MeFI2sQpSoi0zxavR5dLw,aBH3eLXRb_M,0,category,cat-v1,0.6,24
ceo breaks silence after snatching hat from kid at us open,https://www.youtube.com/watch?v=r8udy9UuIsg,ms spotlight,https://www.youtube.com/channel/UCaef9SiftBWVqhVmes0imdw,r8udy9UuIsg,0,category,cat-v1,0.6,24
the time troy polamalu ‘lost control’ shorts steelers,https://www.youtube.com/watch?v=IrqJeZq0owE,steelersu,https://www.youtube.com/channel/UC99Q6iQUZDwf3dtZk6nfAZA,IrqJeZq0owE,0,category,cat-v1,0.6,24
juan lebrón hace un golpe imposible para ganar el punto 🤯 shorts,https://www.youtube.com/watch?v=xpx1wHD-mqg,padel tv,https://www.youtube.com/channel/UCt3cVoMxBn1Mb88JlJ2SMQA,xpx1wHD-mqg,0,category,cat-v1,0.6,24
pwba bowler has super smooth release shorts bowling bowlingchampionship sports bowlingchamp,https://www.youtube.com/watch?v=R3XK7QtASAk,championship bowling,https://www.youtube.com/channel/UCrZDixNgZmVkYoZlgxYwFsA,R3XK7QtASAk,0,category,cat-v1,0.6,24
the greatest goalkeeper of alltime,https://www.youtube.com/watch?v=ZQ1dG0waA2s,cbs sports golazo,https://www.youtube.com/channel/UCET00YnetHT7tOpu12v8jxg,ZQ1dG0waA2s,0,category,cat-v1,0.6,24
e yung ang angas ni eruption magtiting ting ting lang pala,https://www.youtube.com/watch?v=AhY2BMVvMnw,pikapika showbiz,https://www.youtube.com/channel/UCb3LvKfhvq06H8lb_2lJUDA,AhY2BMVvMnw,0,category,cat-v1,0.6,24
david miller insane challenge by kevin peterson  shorts,https://www.youtube.com/watch?v=csdGmCiMRIA,irk cric,https://www.youtube.com/channel/UCuNbzokj5qVTjtpoQ1q49lQ,csdGmCiMRIA,0,category,cat-v1,0.6,24
sarah the assassin silverman is a glitch on the mound funny shorts bluejays mlb,https://www.youtube.com/watch?v=b4XmErG0Ggk,the joyride kidz,https://www.youtube.com/channel/UCzLzMQHqLSjR9aZcFspFM0Q,b4XmErG0Ggk,0,category,cat-v1,0.6,24
the 123 double play  baseball highlights  shorts,https://www.youtube.com/watch?v=O2gMLu2KF20,chubbstubbs,https://www.youtube.com/channel/UCvJNQAzaLCH5hIezHY1NE0g,O2gMLu2KF20,0,category,cat-v1,0.6,24
10 ways to jump into a pool,https://www.youtube.com/watch?v=T8jU3J_xyw8,colin amazing,https://www.youtube.com/channel/UCMCzQGnRBx29bemSKM4nA4w,T8jU3J_xyw8,0,category,cat-v1,0.6,24
5 year old plays 10 years of piano 🤯 jelijah diaz piano childprodigy talentedkids youngtalent,https://www.youtube.com/watch?v=RVKlEv6FdRU,jelijah diaz,https://www.youtube.com/channel/UCiLdGbyH5D6pbBP5n8EfoZQ,RVKlEv6FdRU,0,category,cat-v1,0.6,24
chris plays with friends and toys  best stories for kids,https://www.youtube.com/watch?v=89uATInB8eI,vlad and niki,https://www.youtube.com/channel/UCvlE5gTbOvjiolFlEm-c_Ow,89uATInB8eI,0,category,cat-v1,0.6,24
lets build numberblocks multiclick blocks 110 play and learn set   keiths toy box,https://www.youtube.com/watch?v=E2ngKkof39E,keiths toy box,https://www.youtube.com/channel/UCRgt_gSlRqtTeAKxu4w853g,E2ngKkof39E,0,category,cat-v1,0.6,24
top 10 most difficult piano pieces,https://www.youtube.com/watch?v=4gv0LiOe4dg,vinheteiro,https://www.youtube.com/channel/UCSE6yilNScIz1SLTNQvrXMw,4gv0LiOe4dg,0,category,cat-v1,0.6,24
top 10 female guitarists of all time,https://www.youtube.com/watch?v=8ywolhltzVA,watchmojocom,https://www.youtube.com/channel/UCaWd5_7JhbQBe4dknZhsHJg,8ywolhltzVA,0,category,cat-v1,0.6,24
top 10 monster jam stunts countdown,https://www.youtube.com/watch?v=V1A9otJFVIs,spin master power zone,https://www.youtube.com/channel/UCRAN2mbMEEQe52yJQ62z0cw,V1A9otJFVIs,0,category,cat-v1,0.6,24
top 10 best victorious songs playlist   nick music,https://www.youtube.com/watch?v=n_2TzRhA0i8,nick music,https://www.youtube.com/channel/UCf4nYHJi6V0_lil4uGX4HwQ,n_2TzRhA0i8,0,category,cat-v1,0.6,24
kuroko no  basket last game best momentsplays 2   kuroko vs jabberwock,https://www.youtube.com/watch?v=jWtZ6sSmmYk,mytopanime,https://www.youtube.com/channel/UC6p1-6C-WaSDK_61TIplZKw,jWtZ6sSmmYk,0,category,cat-v1,0.6,24
can i play the top 10 basslines of all times,https://www.youtube.com/watch?v=USYOsgyYiuU,davie504,https://www.youtube.com/channel/UCgFvT6pUq9HLOvKBYERzXSQ,USYOsgyYiuU,0,category,cat-v1,0.6,24
cristiano ronaldo top10 champions league goals  man united madrid juve  cbs golazo,https://www.youtube.com/watch?v=knAjYN1wIug,cbs sports golazo,https://www.youtube.com/channel/UCET00YnetHT7tOpu12v8jxg,knAjYN1wIug,0,category,cat-v1,0.6,24
top inhuman plays in football ,https://www.youtube.com/watch?v=Ef9UzP0NywY,footyranks,https://www.youtube.com/channel/UCLQc7gcDAXeMOCsRvCgSX4Q,Ef9UzP0NywY,0,category,cat-v1,0.6,24
dota 2 top plays weekly  ep 50 hall of fame,https://www.youtube.com/watch?v=CxE-e5OrtHM,dotacinema,https://www.youtube.com/channel/UCNRQ-DWUXf4UVN9L31Y9f3Q,CxE-e5OrtHM,0,category,cat-v1,0.6,24
top legendary fake plays in football,https://www.youtube.com/watch?v=Y5KvUslNHzA,footyranks,https://www.youtube.com/channel/UCLQc7gcDAXeMOCsRvCgSX4Q,Y5KvUslNHzA,0,category,cat-v1,0.6,24
10 ais play mafia,https://www.youtube.com/watch?v=JhBtg-lyKdo,turing games,https://www.youtube.com/channel/UCX_o-hHyIPhU43N_aGQG1GA,JhBtg-lyKdo,0,category,cat-v1,0.6,24
top 10 touchdown leaps of all time  nfl,https://www.youtube.com/watch?v=CpYPnEtpNjw,nfl,https://www.youtube.com/channel/UCDVYQ4Zhbm3S2dlz7P1GBDg,CpYPnEtpNjw,0,category,cat-v1,0.6,24
hot sauces top 10 streetball plays,https://www.youtube.com/watch?v=k2NOZdOn_7I,alberto entertainment,https://www.youtube.com/channel/UCuxeB1GFWj3HULgk05bw18Q,k2NOZdOn_7I,0,category,cat-v1,0.6,24
top 10 funnest guitar riffs to play,https://www.youtube.com/watch?v=HDW8x3BqzDo,steve terreberry,https://www.youtube.com/channel/UCl16xaNY2arX3OzZBvTlsPQ,HDW8x3BqzDo,0,category,cat-v1,0.6,24
top 10 things hamilton got factually right and wrong,https://www.youtube.com/watch?v=zJHdO1jIdgY,watchmojocom,https://www.youtube.com/channel/UCaWd5_7JhbQBe4dknZhsHJg,zJHdO1jIdgY,0,category,cat-v1,0.6,24
top 10 ted lasso moments that made us ugly cry,https://www.youtube.com/watch?v=B42ql1PDx6E,msmojo,https://www.youtube.com/channel/UC3rLoj87ctEHCcS7BuvIzkQ,B42ql1PDx6E,0,category,cat-v1,0.6,24
best free games to play on steam pt7🤫,https://www.youtube.com/watch?v=XJnuDR19w14,brewsterisalive,https://www.youtube.com/channel/UCwdHRvl8JLguKRhB-eBLv0w,XJnuDR19w14,0,category,cat-v1,0.6,24
best plays in nba history,https://www.youtube.com/watch?v=7WYelMjjhiw,team jesser,https://www.youtube.com/channel/UCs6ZQr6vTKU83dLhTABrN4g,7WYelMjjhiw,0,category,cat-v1,0.6,24
professor top 10 embarrass defender moments of 2023,https://www.youtube.com/watch?v=kpvYJlmzy18,professor live,https://www.youtube.com/channel/UC5zJwsFtEs9WYe3A76p7xIA,kpvYJlmzy18,0,category,cat-v1,0.6,24
greatest pg ever thot king kyrie irving top 10 crossovers  plays reaction,https://www.youtube.com/watch?v=HUx5ngplon0,clark,https://www.youtube.com/channel/UCLegnNLfivOIBlM97QUwefQ,HUx5ngplon0,0,category,cat-v1,0.6,24
10 ais play among us,https://www.youtube.com/watch?v=cx-Cwz3GdEI,turing games,https://www.youtube.com/channel/UCX_o-hHyIPhU43N_aGQG1GA,cx-Cwz3GdEI,0,category,cat-v1,0.6,24
top 10 most subscribed gaming youtubers ,https://www.youtube.com/watch?v=Erm_VocuNZA,dexerto,https://www.youtube.com/channel/UCWWCHrEqzME9N6JTuL6YUaw,Erm_VocuNZA,0,category,cat-v1,0.6,24
flightreacts to the top 100 plays of the 202425 nba regular season,https://www.youtube.com/watch?v=rNRlve3Pxxw,notyouraverageflight,https://www.youtube.com/channel/UCoGIPQ7M4NWai7LRgRhaSOg,rNRlve3Pxxw,0,category,cat-v1,0.6,24
the most legendary plays in brawl stars 🥇,https://www.youtube.com/watch?v=BB5PDzrgb9s,nicosan bs,https://www.youtube.com/channel/UCBSLxhPZPNR2f1N-JRo53YQ,BB5PDzrgb9s,0,category,cat-v1,0.6,24
hes literally floating derrick rose top 10 plays  dunks reaction,https://www.youtube.com/watch?v=6TTxKwhj_XU,clark,https://www.youtube.com/channel/UCLegnNLfivOIBlM97QUwefQ,6TTxKwhj_XU,0,category,cat-v1,0.6,24
how is he making that kobe bryant top 10 plays  dunks reaction,https://www.youtube.com/watch?v=YwJVzGcFBvY,clark,https://www.youtube.com/channel/UCLegnNLfivOIBlM97QUwefQ,YwJVzGcFBvY,0,category,cat-v1,0.6,24
top ten espnmlg halo 3 1,https://www.youtube.com/watch?v=pnF0aH3fDZg,major league gaming,https://www.youtube.com/channel/UCzSItlUKaVNWbd7ybbfnFhg,pnF0aH3fDZg,0,category,cat-v1,0.6,24
simon hates the accordion but not the way this guy plays it,https://www.youtube.com/watch?v=XMpEBqZLjS8,top 10 talent,https://www.youtube.com/channel/UCeBWh-0p7vgBeD6HOHBpfwQ,XMpEBqZLjS8,0,category,cat-v1,0.6,24
10 craziest baseball plays of the year a breakdown,https://www.youtube.com/watch?v=Zy29UAE0tlI,jomboy media,https://www.youtube.com/channel/UCl9E4Zxa8CVr2LBLD0_TaNg,Zy29UAE0tlI,0,category,cat-v1,0.6,24
dota 2 top 10 weekly  ep 64 ti3 edition,https://www.youtube.com/watch?v=dAkl2zgrsRM,dotacinema,https://www.youtube.com/channel/UCNRQ-DWUXf4UVN9L31Y9f3Q,dAkl2zgrsRM,0,category,cat-v1,0.6,24
top 10 barry sanders touchdowns of all time  nfl legend highlights,https://www.youtube.com/watch?v=GykaB6Fip8U,nfl,https://www.youtube.com/channel/UCDVYQ4Zhbm3S2dlz7P1GBDg,GykaB6Fip8U,0,category,cat-v1,0.6,24
top 10 greatest tom brady moments of all time,https://www.youtube.com/watch?v=nSB8xHT4ITQ,watchmojocom,https://www.youtube.com/channel/UCaWd5_7JhbQBe4dknZhsHJg,nSB8xHT4ITQ,0,category,cat-v1,0.6,24
nastiest buzzerbeater ever russell westbrook top 10 dunks  plays reaction,https://www.youtube.com/watch?v=eABfFRy7AE4,clark,https://www.youtube.com/channel/UCLegnNLfivOIBlM97QUwefQ,eABfFRy7AE4,0,category,cat-v1,0.6,24
best survivor idol plays of all time  compilation,https://www.youtube.com/watch?v=g9m5KTzaafo,antmallstar,https://www.youtube.com/channel/UCmiHL5-U3gHYHz5UqW1y7ZA,g9m5KTzaafo,0,category,cat-v1,0.6,24
the most disrespectful man alive blake griffin top 10 dunks  plays reaction,https://www.youtube.com/watch?v=Pd62twzRApk,clark,https://www.youtube.com/channel/UCLegnNLfivOIBlM97QUwefQ,Pd62twzRApk,0,category,cat-v1,0.6,24
im on espn sportscenters top 10 plays of the week,https://www.youtube.com/watch?v=kHuxtO0GjoQ,cashnastyreacts,https://www.youtube.com/channel/UCG5_ENrBMOXHDL1LM6_WzLg,kHuxtO0GjoQ,0,category,cat-v1,0.6,24
top 15 highlights m2 world championship  crazy play from psycho lemon  karltzy must watched,https://www.youtube.com/watch?v=Qca_NwJmYgI,spin esports,https://www.youtube.com/channel/UCMjGExXij4DrKdUuO1QAkzQ,Qca_NwJmYgI,0,category,cat-v1,0.6,24
greatest sports moment ever michael jordan top 10 dunks  plays reaction,https://www.youtube.com/watch?v=WPzCOOjiSrk,clark,https://www.youtube.com/channel/UCLegnNLfivOIBlM97QUwefQ,WPzCOOjiSrk,0,category,cat-v1,0.6,24
top 10 antonio brown highlights of 2015  nfl,https://www.youtube.com/watch?v=kMnK6LnWF9I,nfl,https://www.youtube.com/channel/UCDVYQ4Zhbm3S2dlz7P1GBDg,kMnK6LnWF9I,0,category,cat-v1,0.6,24
top 10 calvin johnson career highlights  nfl,https://www.youtube.com/watch?v=xNdpxWNAe1Q,nfl,https://www.youtube.com/channel/UCDVYQ4Zhbm3S2dlz7P1GBDg,xNdpxWNAe1Q,0,category,cat-v1,0.6,24
top 10 rob gronkowski plays of 2015  nfl,https://www.youtube.com/watch?v=kmwFhWbB1Co,nfl,https://www.youtube.com/channel/UCDVYQ4Zhbm3S2dlz7P1GBDg,kmwFhWbB1Co,0,category,cat-v1,0.6,24
rgiiis top 10 career highlightsso far  nfl,https://www.youtube.com/watch?v=QQTfiVtGSOg,nfl,https://www.youtube.com/channel/UCDVYQ4Zhbm3S2dlz7P1GBDg,QQTfiVtGSOg,0,category,cat-v1,0.6,24
top 10 bucket drumming beats of all time 🥁 by bucketdrummingnet 🥁,https://www.youtube.com/watch?v=NRg6Xo_Me0E,sammy foster,https://www.youtube.com/channel/UCwLQrcQCrOtt3wYOOjME32w,NRg6Xo_Me0E,0,category,cat-v1,0.6,24
10 minutes of screams best csgo moments,https://www.youtube.com/watch?v=bR3o4dLTfyo,radiant  csgo,https://www.youtube.com/channel/UCSpfyvsoPL5mc1hPGtx4tGw,bR3o4dLTfyo,0,category,cat-v1,0.6,24
baron davis ranks the top 10 handles in nba history ,https://www.youtube.com/watch?v=TuHxQKOewao,the deep 3,https://www.youtube.com/channel/UCmgMQUgO5nJxM5ORoz59MXg,TuHxQKOewao,0,category,cat-v1,0.6,24
the greatest video ever allen iverson top 10 plays  crossovers reaction,https://www.youtube.com/watch?v=KVpaUt-HYHw,clark,https://www.youtube.com/channel/UCLegnNLfivOIBlM97QUwefQ,KVpaUt-HYHw,0,category,cat-v1,0.6,24
a day in my life as a 10th grader minivlog shorts study,https://www.youtube.com/watch?v=K3bpzYuyWpk,real aman,https://www.youtube.com/channel/UCJZqkPpOCwlM4gooRYFq8WQ,K3bpzYuyWpk,0,category,cat-v1,0.6,24
a day in my life shipping cookies across the world ‍ bakerlife bakeryowner bakeryshop,https://www.youtube.com/watch?v=Ut-M3TDMqBE,brooki,https://www.youtube.com/channel/UC0DXdgJ9iWXOrtXlykFsUvQ,Ut-M3TDMqBE,0,category,cat-v1,0.6,24
best day of my life sung by kade skye music video cover,https://www.youtube.com/watch?v=F-3oY3aq2dU,kade skye,https://www.youtube.com/channel/UC2kNBmv8cq5ejn4N65MkEZg,F-3oY3aq2dU,0,category,cat-v1,0.6,24
pov a day in the life of a pick me girl 🥺 pov vlog skit satire dayinmylife grwm makeup,https://www.youtube.com/watch?v=LkSFvOSj38E,kayla aimée,https://www.youtube.com/channel/UCDBS--BPmRv_OLSOXBIElHw,LkSFvOSj38E,0,category,cat-v1,0.6,24
a day in my life,https://www.youtube.com/watch?v=vwBJm7au7jE,jennie,https://www.youtube.com/channel/UCNYi_zGmR519r5gYdOKLTjQ,vwBJm7au7jE,0,category,cat-v1,0.6,24
a week in my life vlog,https://www.youtube.com/watch?v=kaPgGH5HC0w,sydney serena,https://www.youtube.com/channel/UCWI1AJmkMm_sbTX_Ps8gQAw,kaPgGH5HC0w,0,category,cat-v1,0.6,24
♥️ a day in my life ✅ shorts adayinmylife rehnaimiya,https://www.youtube.com/watch?v=6fE769Q-oxc,rehna imiya,https://www.youtube.com/channel/UC1gJbqUCNA4CsHnZcPGO5ww,6fE769Q-oxc,0,category,cat-v1,0.6,24
а day in my life  munkhtsetseg vlog  part 1,https://www.youtube.com/watch?v=t4rHyv13VYs,yoj lol,https://www.youtube.com/channel/UCDuaGIAb-FTUMA5whEodA3g,t4rHyv13VYs,0,category,cat-v1,0.6,24
making the backrooms in real life day 4,https://www.youtube.com/watch?v=cdawBSpMPZ8,socks,https://www.youtube.com/channel/UCv6RbK5kLN0hXKk8b8q62bA,cdawBSpMPZ8,0,category,cat-v1,0.6,24
ambu’s day in my life  short sketch ,https://www.youtube.com/watch?v=SVVk06OmRzA,praveen pranav,https://www.youtube.com/channel/UCf5_MpffBB9OJ2a2jPFMJRQ,SVVk06OmRzA,0,category,cat-v1,0.6,24
spend a day with moni   day in my life ,https://www.youtube.com/watch?v=6RqEoBu-juE,nrfmvoice,https://www.youtube.com/channel/UCcvua9n346aMytaevCNCU0A,6RqEoBu-juE,0,category,cat-v1,0.6,24
school day in my life trending minivlog viral,https://www.youtube.com/watch?v=-JxeFz5J-y0,yas sisters,https://www.youtube.com/channel/UCmsH21GqMipvEeFFbj_HEkA,-JxeFz5J-y0,0,category,cat-v1,0.6,24
diml  day in my life vlog ammus school routine  ammu times ,https://www.youtube.com/watch?v=AdPK0pd8Uoc,ammu times,https://www.youtube.com/channel/UC2a3J_HBc7J7gm8DJc7UUEQ,AdPK0pd8Uoc,0,category,cat-v1,0.6,24
a day in the life of a firsttime mom,https://www.youtube.com/watch?v=NoicMWOvLAQ,brooklyn and bailey,https://www.youtube.com/channel/UC6QWhGQqf0YDYdRb0n6ojWw,NoicMWOvLAQ,0,category,cat-v1,0.6,24
5am morning routine in india ⛅️  productive day in my life   aesthetic asmr vlog ✨,https://www.youtube.com/watch?v=Oc_Ra9b3Q94,soosonal,https://www.youtube.com/channel/UCj-Jn4aGy4MJkNs4Jzch8QQ,Oc_Ra9b3Q94,0,category,cat-v1,0.6,24
ആരും പേടിക്കണ്ട ഓടിക്കോ 🥲‍♀️day in my life❤️ youtube dayinmylife vlog minivlog,https://www.youtube.com/watch?v=biHun7KB45Y,creative devu malayalam,https://www.youtube.com/channel/UCoFp-R3lrIvS7RUnK-RgLEg,biHun7KB45Y,0,category,cat-v1,0.6,24
top 1 woman routine how to stay productive healthy  disciplined,https://www.youtube.com/watch?v=zBnrkKdNboI,michaela bento,https://www.youtube.com/channel/UCjtmwPW5sB95RSnFJzPKzAQ,zBnrkKdNboI,0,category,cat-v1,0.6,24
the day my life changed forever,https://www.youtube.com/watch?v=XDwmdUtDIuc,sherman,https://www.youtube.com/channel/UCCiQtqwCnPLL9sRJMZUc_8A,XDwmdUtDIuc,0,category,cat-v1,0.6,24
24 hours of fayas’ life  full day vlog ,https://www.youtube.com/watch?v=Mn16yfl4fKY,nrfmvoice,https://www.youtube.com/channel/UCcvua9n346aMytaevCNCU0A,Mn16yfl4fKY,0,category,cat-v1,0.6,24
getting my life together very productive day lots of deep cleaning shopping etc,https://www.youtube.com/watch?v=wvo49GQiquI,daiz,https://www.youtube.com/channel/UCezoc3VgoN8yPJENDFElzOw,wvo49GQiquI,0,category,cat-v1,0.6,24
a day in my life  munkhtsetseg vlog part 7,https://www.youtube.com/watch?v=B3k4nTbvel8,yoj lol,https://www.youtube.com/channel/UCDuaGIAb-FTUMA5whEodA3g,B3k4nTbvel8,0,category,cat-v1,0.6,24
day in the life as a content creator  calm  productive 8am routine,https://www.youtube.com/watch?v=-0Qo1Y7nNG0,izon icy,https://www.youtube.com/channel/UCp049yVD8k5Ie1xGUAqiiHw,-0Qo1Y7nNG0,0,category,cat-v1,0.6,24
a day in my life  filming buying new ipad charge my car skincare night editing ‍🧺,https://www.youtube.com/watch?v=qCrJsT8UIkI,vibis daily,https://www.youtube.com/channel/UCupql3p6wbQ-EI0zFct2S-Q,qCrJsT8UIkI,0,category,cat-v1,0.6,24
✨ പെരുന്നാൾ day in my life trending minivlog viral vlog eid love emotions yassisters,https://www.youtube.com/watch?v=GWaVjjZBkW0,yas sisters,https://www.youtube.com/channel/UCmsH21GqMipvEeFFbj_HEkA,GWaVjjZBkW0,0,category,cat-v1,0.6,24
the greatest day of my life so i gave hubby full control,https://www.youtube.com/watch?v=h0R63b7KSSs,lady luck hq,https://www.youtube.com/channel/UCPg-XofllkL7388IpY1msBA,h0R63b7KSSs,0,category,cat-v1,0.6,24
a day in my life  aesthetic vlog minivlog shortvideo,https://www.youtube.com/watch?v=ulH6K-RUT_s,ayisha ,https://www.youtube.com/channel/UCfn3b2yenaEBDwXBh_tmrag,ulH6K-RUT_s,0,category,cat-v1,0.6,24
a productive and busy day in my life,https://www.youtube.com/watch?v=rUL5KV8bAp8,sydney serena,https://www.youtube.com/channel/UCWI1AJmkMm_sbTX_Ps8gQAw,rUL5KV8bAp8,0,category,cat-v1,0.6,24
 wayanadan day in my life ✅ shorts minivlog rehnaimiya,https://www.youtube.com/watch?v=NKl9HcIIRvk,rehna imiya,https://www.youtube.com/channel/UC1gJbqUCNA4CsHnZcPGO5ww,NKl9HcIIRvk,0,category,cat-v1,0.6,24
a cozy day in my life vlog,https://www.youtube.com/watch?v=ZVkIjPrVcl0,sydney serena,https://www.youtube.com/channel/UCWI1AJmkMm_sbTX_Ps8gQAw,ZVkIjPrVcl0,0,category,cat-v1,0.6,24
productive and realistic days in my life as a senior in high school,https://www.youtube.com/watch?v=SRORH2Rw7lc,lucas torgesen,https://www.youtube.com/channel/UC7T5vLmfZ_DUqGtw6R8WTew,SRORH2Rw7lc,0,category,cat-v1,0.6,24
 wild day in my life ✅ shorts minivlog rehnaimiya,https://www.youtube.com/watch?v=UqOU2U2iSNI,rehna imiya,https://www.youtube.com/channel/UC1gJbqUCNA4CsHnZcPGO5ww,UqOU2U2iSNI,0,category,cat-v1,0.6,24
day in my live doveindia,https://www.youtube.com/watch?v=hWR_rNsrttQ,anupallavi gowda,https://www.youtube.com/channel/UCJOy1Ta7jPJEvWHSzYwaE0A,hWR_rNsrttQ,0,category,cat-v1,0.6,24
day in my life✨pr3 stylo3 lifestyle,https://www.youtube.com/watch?v=TqnY5f9-BeA,pr3in,https://www.youtube.com/channel/UCSkxTGIdjr1F3YLyQFhmisQ,TqnY5f9-BeA,0,category,cat-v1,0.6,24
a day in my life with my family  surprise celebration for ina  sobrang happy namin lahat  pmsk,https://www.youtube.com/watch?v=FKu0Q2TONZg,pinay mom in south korea,https://www.youtube.com/channel/UC1PEGwrUGWkcIKxQZY-jUMA,FKu0Q2TONZg,0,category,cat-v1,0.6,24
a day in my life  big announcement   alisha saifi  ,https://www.youtube.com/watch?v=amsvRUMVQlU,alisha saifi,https://www.youtube.com/channel/UCoajw6balA2PLn_bxDo1RPQ,amsvRUMVQlU,0,category,cat-v1,0.6,24
mygfkeptmehostage again a day in the life relationships love,https://www.youtube.com/watch?v=5uvOLIXVz-4,rusapo nafisa,https://www.youtube.com/channel/UCrEeEtUWLGOm2-Kq68L2SVg,5uvOLIXVz-4,0,category,cat-v1,0.6,24
eid vlog   malayalam vlog  day in my life eid shorts daysinmylife eid,https://www.youtube.com/watch?v=PdoUNtp-SFY,ayisha ,https://www.youtube.com/channel/UCfn3b2yenaEBDwXBh_tmrag,PdoUNtp-SFY,0,category,cat-v1,0.6,24
exam day in my lifeshortsviralshortsvideoviralvideostudy studentscollege collegelife,https://www.youtube.com/watch?v=o1YRHSli-6s,sneha dahiya,https://www.youtube.com/channel/UClBSB17IHKyxHfBg8hQINvw,o1YRHSli-6s,0,category,cat-v1,0.6,24
un día conmigo🤩️ regina mh ,https://www.youtube.com/watch?v=LtxJ2q62ZhE,regina mh,https://www.youtube.com/channel/UCP4_-5VpRuiqZuljRwTA4sA,LtxJ2q62ZhE,0,category,cat-v1,0.6,24
get motivated before summer with me✨ glowing up from the inside out,https://www.youtube.com/watch?v=wZCHNgeGb9M,michaela bento,https://www.youtube.com/channel/UCjtmwPW5sB95RSnFJzPKzAQ,wZCHNgeGb9M,0,category,cat-v1,0.6,24
days in my life closet reset die virale ysl jeans  shopping haul  adorable caro,https://www.youtube.com/watch?v=wwdkWW8bFjo,adorable caro,https://www.youtube.com/channel/UCHyPYN8f2s3ARI-4Y0Sk67g,wwdkWW8bFjo,0,category,cat-v1,0.6,24
pov foodtruck cooking  day in my life at 26 ,https://www.youtube.com/watch?v=pSM45bJQzak,safal burger pov,https://www.youtube.com/channel/UCjLQpS9mu5Kn9V9fI7GYxUA,pSM45bJQzak,0,category,cat-v1,0.6,24
a cozy day in my life living in nyc,https://www.youtube.com/watch?v=F_KsyDne3Qc,luke eich,https://www.youtube.com/channel/UCUnOjJ0SRzmN7pD8UPugsMA,F_KsyDne3Qc,0,category,cat-v1,0.6,24
a day in my life with my family at pocheon  ang hirap mamasyal kapag kasama si tatay  pmsk,https://www.youtube.com/watch?v=zJSzv3A68so,pinay mom in south korea,https://www.youtube.com/channel/UC1PEGwrUGWkcIKxQZY-jUMA,zJSzv3A68so,0,category,cat-v1,0.6,24
day in my life shashikitchen1,https://www.youtube.com/watch?v=Ed-IU3_e2SM,anupallavi gowda,https://www.youtube.com/channel/UCJOy1Ta7jPJEvWHSzYwaE0A,Ed-IU3_e2SM,0,category,cat-v1,0.6,24
college senior day in my life,https://www.youtube.com/watch?v=QWBYDxMoRgA,andrew alexander,https://www.youtube.com/channel/UCGPGntmm1UZFxcG1IF8Tdzw,QWBYDxMoRgA,0,category,cat-v1,0.6,24
day in the life  productive routine  the perfect night,https://www.youtube.com/watch?v=XrnfFxr1iac,izon icy,https://www.youtube.com/channel/UCp049yVD8k5Ie1xGUAqiiHw,XrnfFxr1iac,0,category,cat-v1,0.6,24
shapewear reviews amazon fashion  beauty haul musthaves with links shorts,https://www.youtube.com/watch?v=D9-HP5V866s,own your card,https://www.youtube.com/channel/UCkFlxI-Gg-mK7QH4geYdN6w,D9-HP5V866s,0,category,cat-v1,0.6,24
they did not🤯,https://www.youtube.com/watch?v=-8nypYvjh6U,simji,https://www.youtube.com/channel/UCTBGH7y-WPy4NPsPKTPXLEw,-8nypYvjh6U,0,category,cat-v1,0.6,24
i bought lost temu packages for cheap,https://www.youtube.com/watch?v=x62UnYWXHBE,hopescope,https://www.youtube.com/channel/UCAM2fyCjEdROyELretVTiiw,x62UnYWXHBE,0,category,cat-v1,0.6,24
i bought 12 presents for my 12 yr old sisters birthday ️ shorts,https://www.youtube.com/watch?v=2L2s438IYpY,justkass,https://www.youtube.com/channel/UCMCMjTKUqJ1pUzmHnKrmiCA,2L2s438IYpY,0,category,cat-v1,0.6,24
uhaul stealth camping in 35 degrees,https://www.youtube.com/watch?v=c5B-9YiU5Ao,steve wallis,https://www.youtube.com/channel/UCSnqXeK94-iNmwqGO__eJ5g,c5B-9YiU5Ao,0,category,cat-v1,0.6,24
mini sephora haul  makeup sephorahaul preppy preppyyyy sephora rarebeauty skincare girly,https://www.youtube.com/watch?v=ksECwv1HKuY,nicolepamela,https://www.youtube.com/channel/UC12klzzYwR81g6tjOr69RCQ,ksECwv1HKuY,0,category,cat-v1,0.6,24
birthday haul pt 2 prymrr,https://www.youtube.com/watch?v=1UZcN60F4J4,prymrr,https://www.youtube.com/channel/UCVoNavsZWF2v-aJmCJECveA,1UZcN60F4J4,0,category,cat-v1,0.6,24
not the same but still was good fyp viral shorts squishy haul funny relatable,https://www.youtube.com/watch?v=up5r7Qt4WB0,inafish,https://www.youtube.com/channel/UC4EAKR8iWpe9VgnYOgUrKlA,up5r7Qt4WB0,0,category,cat-v1,0.6,24
spoiling my sister for her birthday   shorts,https://www.youtube.com/watch?v=xs_auAmh7MA,justkass,https://www.youtube.com/channel/UCMCMjTKUqJ1pUzmHnKrmiCA,xs_auAmh7MA,0,category,cat-v1,0.6,24
mi colección de fundas raras para mi movil rutina haul  shortvideo,https://www.youtube.com/watch?v=2dgXEcMi1GI,karina  marina,https://www.youtube.com/channel/UCfgn1AVa96Rye5DRETetq6g,2dgXEcMi1GI,0,category,cat-v1,0.6,24
mansik santulan update haul,https://www.youtube.com/watch?v=f0KDfHlQYGI,the sound blaze,https://www.youtube.com/channel/UCYuwBoQigvuz4P0PFTsg9Vg,f0KDfHlQYGI,0,category,cat-v1,0.6,24
should i do more hauls like this ✨ themermaidscales,https://www.youtube.com/watch?v=4mx-JwMlYzA,themermaidscales,https://www.youtube.com/channel/UCxd6ifFZycyUB45d2t9VPQw,4mx-JwMlYzA,0,category,cat-v1,0.6,24
i cannot believe the damage i did  shorts,https://www.youtube.com/watch?v=CsJJ9CkaKdA,justkass,https://www.youtube.com/channel/UCMCMjTKUqJ1pUzmHnKrmiCA,CsJJ9CkaKdA,0,category,cat-v1,0.6,24
i founf my 6th grade backpack and you won’t believe what’s inside 🤐🫣 cringe warning,https://www.youtube.com/watch?v=T-h0cn3yBwk,purplestars02,https://www.youtube.com/channel/UC46fZkmsP85pUQDLw1UKezg,T-h0cn3yBwk,0,category,cat-v1,0.6,24
35 shein haul ,https://www.youtube.com/watch?v=M1rIXglHrm8,des p,https://www.youtube.com/channel/UCdHvN6eHruMRa-GR-oiQqQA,M1rIXglHrm8,0,category,cat-v1,0.6,24
you girlies know i love you this is just a joke ❤️ pov sephorakids christmashaul haul satire,https://www.youtube.com/watch?v=4ixecMZ6umw,kaitlin p,https://www.youtube.com/channel/UClqiuoLwBK2F3655HmZhPEQ,4ixecMZ6umw,0,category,cat-v1,0.6,24
i spent 100 on a snack drawer ,https://www.youtube.com/watch?v=jvord8Qc3EM,sarah betts,https://www.youtube.com/channel/UCBLzhBiZVCy0MDyhv6rceJQ,jvord8Qc3EM,0,category,cat-v1,0.6,24
i bought 100 lost sephora packages for cheap shocking results,https://www.youtube.com/watch?v=7FR61BjvG7I,justkass,https://www.youtube.com/channel/UCMCMjTKUqJ1pUzmHnKrmiCA,7FR61BjvG7I,0,category,cat-v1,0.6,24
real vs fake needoh unboxing ✅❌ squishy haul,https://www.youtube.com/watch?v=IlD2eCoLBm8,chillin with rachel ,https://www.youtube.com/channel/UCsUGQ3eJjYOv00609MFs1wQ,IlD2eCoLBm8,0,category,cat-v1,0.6,24
i bought every pop star merch,https://www.youtube.com/watch?v=AxW9ggaKK4c,hopescope,https://www.youtube.com/channel/UCAM2fyCjEdROyELretVTiiw,AxW9ggaKK4c,0,category,cat-v1,0.6,24
❤️  haul,https://www.youtube.com/watch?v=_86A--G6hsY,the sound blaze,https://www.youtube.com/channel/UCYuwBoQigvuz4P0PFTsg9Vg,_86A--G6hsY,0,category,cat-v1,0.6,24
she got scammed  fidget vending machine haul,https://www.youtube.com/watch?v=gwcKpPM3aDA,purplestars02,https://www.youtube.com/channel/UC46fZkmsP85pUQDLw1UKezg,gwcKpPM3aDA,0,category,cat-v1,0.6,24
birthday haul,https://www.youtube.com/watch?v=N2afzlMQlcE,ellaglife,https://www.youtube.com/channel/UC5GkFDlVG0_zW6WJtwG-2Aw,N2afzlMQlcE,0,category,cat-v1,0.6,24
haul shopping shortvideo merefille shortvideo,https://www.youtube.com/watch?v=dn39V79wGho,lasweety,https://www.youtube.com/channel/UCEaFyR0oZE1gkBWAiQFcibg,dn39V79wGho,0,category,cat-v1,0.6,24
what i got for christmas this year ❤️ shorts,https://www.youtube.com/watch?v=rXs6S-WWTOw,justkass,https://www.youtube.com/channel/UCMCMjTKUqJ1pUzmHnKrmiCA,rXs6S-WWTOw,0,category,cat-v1,0.6,24
back to school shopping  haul with a twist2024️✏️,https://www.youtube.com/watch?v=JdeB96YexUA,the mir fam,https://www.youtube.com/channel/UCEogcDBA1X1wWMeBEqANUow,JdeB96YexUA,0,category,cat-v1,0.6,24
shopping haul part 2,https://www.youtube.com/watch?v=mthycKPv57Y,dani klieber,https://www.youtube.com/channel/UC80GNjQxqqukU5kzxVmHAjA,mthycKPv57Y,0,category,cat-v1,0.6,24
my christmas haul❤️ girls shorts,https://www.youtube.com/watch?v=PL4sLq4hqG4,spencer barbosa,https://www.youtube.com/channel/UCU5-kIGMu3q86x4VfThBLzQ,PL4sLq4hqG4,0,category,cat-v1,0.6,24
pleins de cadeaux pour lilo shortvideo shorts sister,https://www.youtube.com/watch?v=0s9vZRy5RLU,lasweety,https://www.youtube.com/channel/UCEaFyR0oZE1gkBWAiQFcibg,0s9vZRy5RLU,0,category,cat-v1,0.6,24
dm haul,https://www.youtube.com/watch?v=kriXdY-9kD0,dani klieber,https://www.youtube.com/channel/UC80GNjQxqqukU5kzxVmHAjA,kriXdY-9kD0,0,category,cat-v1,0.6,24
łapcie wyczekiwany haul z krakowa 🤪 co fajne co do kosza,https://www.youtube.com/watch?v=zYwX0CP8w3w,nicole węcławiak,https://www.youtube.com/channel/UCMltTDEK3tE3NyeFIOB4oJg,zYwX0CP8w3w,0,category,cat-v1,0.6,24
alphalete august amplify  surface try on haul  2022 review very thorough  honest,https://www.youtube.com/watch?v=UHVLDChSUjk,skyler springstun,https://www.youtube.com/channel/UCYSwZd1EfBVy_Lm35M2jAiQ,UHVLDChSUjk,0,category,cat-v1,0.6,24
swimsuit try on haul  summer 2021,https://www.youtube.com/watch?v=UVKesI-XW-I,jacyandkacy,https://www.youtube.com/channel/UCuxRpCqRMfZU5glUi47bWXA,UVKesI-XW-I,0,category,cat-v1,0.6,24
która z tych rzeczy przydałaby ci się najbardziej  zgadujcie co to za sklep 🫢 haul,https://www.youtube.com/watch?v=Aoe-igEJCo8,nicole węcławiak,https://www.youtube.com/channel/UCMltTDEK3tE3NyeFIOB4oJg,Aoe-igEJCo8,0,category,cat-v1,0.6,24
big haul action ,https://www.youtube.com/watch?v=DaFHPu0Kiag,by fannys,https://www.youtube.com/channel/UCNNW4t34XcUbHt2F2Y4Ixzw,DaFHPu0Kiag,0,category,cat-v1,0.6,24
i tried 1 vs 100 halloween costumes,https://www.youtube.com/watch?v=86oja5bVBOI,sssniperwolf,https://www.youtube.com/channel/UCpB959t8iPrxQWj7G6n0ctQ,86oja5bVBOI,0,category,cat-v1,0.6,24
louis vuitton shopping haul🧡🧡 shorts,https://www.youtube.com/watch?v=Dg1O1nqtYQQ,justkass,https://www.youtube.com/channel/UCMCMjTKUqJ1pUzmHnKrmiCA,Dg1O1nqtYQQ,0,category,cat-v1,0.6,24
3am haul,https://www.youtube.com/watch?v=MgtYFTCZz2Y,cortis,https://www.youtube.com/channel/UCZMYvSPulDSUdx7bdtTFdrg,MgtYFTCZz2Y,0,category,cat-v1,0.6,24
️the haul  🤪,https://www.youtube.com/watch?v=I4Wv1JQFtnk,gvo kids,https://www.youtube.com/channel/UCyAgfkYxkAWDuHlZe6_R8lQ,I4Wv1JQFtnk,0,category,cat-v1,0.6,24
clothing haul help i can’t tell if they’re ugly,https://www.youtube.com/watch?v=2xGtmyAM908,sydney morgan,https://www.youtube.com/channel/UCPHuYCxf9QJArw-4ZXXC7Ig,2xGtmyAM908,0,category,cat-v1,0.6,24
bubble skin care haul unboxing,https://www.youtube.com/watch?v=zs-RhzXuvpg,the stella show,https://www.youtube.com/channel/UCvs8YG-yhlHx9qiq8Akrgrw,zs-RhzXuvpg,0,category,cat-v1,0.6,24
big haul shein ,https://www.youtube.com/watch?v=tT5eygj3LR4,by fannys,https://www.youtube.com/channel/UCNNW4t34XcUbHt2F2Y4Ixzw,tT5eygj3LR4,0,category,cat-v1,0.6,24
220€ big haul ce n’est pas une collab haul haulvideo hauls shein sheinhaul,https://www.youtube.com/watch?v=xWBy_ym40jI,sapho,https://www.youtube.com/channel/UCKTdKPZC_xAavVJ0Oku5cjg,xWBy_ym40jI,0,category,cat-v1,0.6,24
✨dmhaul✨,https://www.youtube.com/watch?v=pdkgQpxqNG4,dani klieber,https://www.youtube.com/channel/UC80GNjQxqqukU5kzxVmHAjA,pdkgQpxqNG4,0,category,cat-v1,0.6,24
son temu alışverişimi açıyorum ✨ shorts,https://www.youtube.com/watch?v=CYspvno_2J0,asli güler,https://www.youtube.com/channel/UC0Q_S3hAHvfGpTGPZX6_aoQ,CYspvno_2J0,0,category,cat-v1,0.6,24
inside olivia rodrigo’s vintage fendi bag  in the bag  vogue,https://www.youtube.com/watch?v=gibHrNVNysU,vogue,https://www.youtube.com/channel/UCRXiA3h1no_PFkb1JCP0yMA,gibHrNVNysU,0,category,cat-v1,0.6,24
dm haul,https://www.youtube.com/watch?v=MYWnlxjf-XM,dani klieber,https://www.youtube.com/channel/UC80GNjQxqqukU5kzxVmHAjA,MYWnlxjf-XM,0,category,cat-v1,0.6,24
popular clothes online vs irl edikted 🩷 fyp viral shorts outfit haul beauty trending,https://www.youtube.com/watch?v=viZe6VtZgb0,inafish,https://www.youtube.com/channel/UC4EAKR8iWpe9VgnYOgUrKlA,viZe6VtZgb0,0,category,cat-v1,0.6,24
 what is your favorite thing to collect clothes shopping haul bellaluu tiktok preppy,https://www.youtube.com/watch?v=Ruzlx7Q6X98,bella luu,https://www.youtube.com/channel/UCd_9Zsg4rkXZ79USsYCtmxg,Ruzlx7Q6X98,0,category,cat-v1,0.6,24
birthday haul pt 3 prymrr,https://www.youtube.com/watch?v=z3uCjhw89P4,prymrr,https://www.youtube.com/channel/UCVoNavsZWF2v-aJmCJECveA,z3uCjhw89P4,0,category,cat-v1,0.6,24
pest pistol,https://www.youtube.com/watch?v=QT2hGsmrGf4,vector,https://www.youtube.com/channel/UCzJ53fi4NuDCYWOk9PtEkCA,QT2hGsmrGf4,0,category,cat-v1,0.6,24
unboxing my 200m subscriber play button,https://www.youtube.com/watch?v=sH48lKbayNU,mrbeast,https://www.youtube.com/channel/UCX6OQ3DkcsbYNE6H8uQQuVA,sH48lKbayNU,0,category,cat-v1,0.6,24
asmr unboxing a new miraculous mystery water reveal doll im speechless🫢 shorts,https://www.youtube.com/watch?v=kDAFESFGRw8,rhia official,https://www.youtube.com/channel/UCQdsJ95w9jh-yB0BA6EDGWA,kDAFESFGRw8,0,category,cat-v1,0.6,24
unboxing mainan squishy mazaya,https://www.youtube.com/watch?v=nG7-d26-Wf8,mazaya amania,https://www.youtube.com/channel/UCbmTq3rBbbRSkh61IO_8Klg,nG7-d26-Wf8,0,category,cat-v1,0.6,24
labubu unboxing no reaction beatbox tiktok,https://www.youtube.com/watch?v=PG9ootM3lwY,beatboxjcop,https://www.youtube.com/channel/UCdX5KXiCTPYWYZscfphgQ4g,PG9ootM3lwY,0,category,cat-v1,0.6,24
asmr unboxing a mystery easter fidget bathbomb🫢🥚️ cutest find🥹✨ shorts,https://www.youtube.com/watch?v=whQddzyKHEg,rhia official,https://www.youtube.com/channel/UCQdsJ95w9jh-yB0BA6EDGWA,whQddzyKHEg,0,category,cat-v1,0.6,24
asmr unboxing the new giant magic mixies colour surprise cauldron🪄🧙‍♀️✨ shorts,https://www.youtube.com/watch?v=2vfhgQLSA44,rhia official,https://www.youtube.com/channel/UCQdsJ95w9jh-yB0BA6EDGWA,2vfhgQLSA44,0,category,cat-v1,0.6,24
19 minutes satisfying with unboxing asmr  fun review toys,https://www.youtube.com/watch?v=IvLI-fPijZs,fun toys unboxing,https://www.youtube.com/channel/UCw6AVKkdDqbRt1WqD3cVIjw,IvLI-fPijZs,0,category,cat-v1,0.6,24
satisfying with unboxing  review pink mini kitchen set toy,https://www.youtube.com/watch?v=j8ZxI2no9gw,chopru,https://www.youtube.com/channel/UCn7Joakqt8jLCzIIr3NH-CQ,j8ZxI2no9gw,0,category,cat-v1,0.6,24
new shark dinosaur whale duck toy figures unboxing,https://www.youtube.com/watch?v=EzSq1pi7Wcs,strawberry jam toys,https://www.youtube.com/channel/UCL7UTQpJbDWxzXNBRUyg6lA,EzSq1pi7Wcs,0,category,cat-v1,0.6,24
hot toys pennywise 16 mms555,https://www.youtube.com/watch?v=oB64S5yP2Kk,viiptoys,https://www.youtube.com/channel/UC8tBCcA_cSCWSO4XKhwzlPw,oB64S5yP2Kk,0,category,cat-v1,0.6,24
asmr unboxing the worlds largest mystery toy mystery roblox piggy shorts,https://www.youtube.com/watch?v=ZrUFZ12ZACk,rhia official,https://www.youtube.com/channel/UCQdsJ95w9jh-yB0BA6EDGWA,ZrUFZ12ZACk,0,category,cat-v1,0.6,24
asmr unboxing a mystery fidget water reveal teacup🫢☕️ cutest find🥺 shorts,https://www.youtube.com/watch?v=MaQrPiWsy2I,rhia official,https://www.youtube.com/channel/UCQdsJ95w9jh-yB0BA6EDGWA,MaQrPiWsy2I,0,category,cat-v1,0.6,24
labubu unboxing beatbox tiktok,https://www.youtube.com/watch?v=b9fescmxIxA,beatboxjcop,https://www.youtube.com/channel/UCdX5KXiCTPYWYZscfphgQ4g,b9fescmxIxA,0,category,cat-v1,0.6,24
ranking the best glitter dumpling unboxing moments ✨ shorts  glitterdumpling unboxing trending,https://www.youtube.com/watch?v=QRok1EZtGgE,dayncool,https://www.youtube.com/channel/UCiv1nuw0t-9Nv0JEoaqEZ_g,QRok1EZtGgE,0,category,cat-v1,0.6,24
asmr unboxing a mystery minecraft dig kit✨⛏️️ golden creeper hunt🫢 shorts,https://www.youtube.com/watch?v=pSegaYiuSIE,rhia official,https://www.youtube.com/channel/UCQdsJ95w9jh-yB0BA6EDGWA,pSegaYiuSIE,0,category,cat-v1,0.6,24
asmr unboxing a giant glitter lol mystery bubbly surprise✨ 20 surprises🫢 shorts,https://www.youtube.com/watch?v=qSSLEhorxfc,rhia official,https://www.youtube.com/channel/UCQdsJ95w9jh-yB0BA6EDGWA,qSSLEhorxfc,0,category,cat-v1,0.6,24
62 menit memuaskan dengan membuka kemasan mainan dokter 🩺 koleksi playset ambulans  tinjau mainan,https://www.youtube.com/watch?v=WC6n5CKjn3E,play unboxing,https://www.youtube.com/channel/UCUHWTnn10Dxb31sGqs5SmYg,WC6n5CKjn3E,0,category,cat-v1,0.6,24
61 minutes satisfying with unboxing cute pink ice cream hello kitty smart refrigerator review toys,https://www.youtube.com/watch?v=mf9zGeZTy_U,toytoy unboxing,https://www.youtube.com/channel/UCibwPGKNJfUwAbChSgF5dCg,mf9zGeZTy_U,0,category,cat-v1,0.6,24
siapa suka blindbox angkat tangan shorts itsmeissie unboxmagicalmoments minisoindonesiablindbox,https://www.youtube.com/watch?v=Ga0Xs3Z4oZw,itsmeissie,https://www.youtube.com/channel/UCPOyt9Ii791y25bRdoCT8aQ,Ga0Xs3Z4oZw,0,category,cat-v1,0.6,24
buildrballs unboxing shorts,https://www.youtube.com/watch?v=04HRfEd7lPA,magnetic games,https://www.youtube.com/channel/UCwnjkBGhMfrNjDBA3BjwVeA,04HRfEd7lPA,0,category,cat-v1,0.6,24
lol surprise series 2 full collection with cupcake jr  full case of lol little sisters unboxing,https://www.youtube.com/watch?v=LdHNFogpfYY,cupcakesquad,https://www.youtube.com/channel/UCTRNV3t2jxbkZgBjhyDv8UQ,LdHNFogpfYY,0,category,cat-v1,0.6,24
ranking the funniest squishy dumplings unboxing moments 🥟 shorts squishydumpling,https://www.youtube.com/watch?v=81gOIGJRhV0,newtrend ranks,https://www.youtube.com/channel/UCc7_LdTHDqZ9jRX1e0i1noA,81gOIGJRhV0,0,category,cat-v1,0.6,24
unboxing paket segede istanawow wkkwk shorts itsmeissie,https://www.youtube.com/watch?v=Guz_bmMxb5A,itsmeissie,https://www.youtube.com/channel/UCPOyt9Ii791y25bRdoCT8aQ,Guz_bmMxb5A,0,category,cat-v1,0.6,24
oddly satisfying unboxing asmr shorts asmr fyp unboxing cards,https://www.youtube.com/watch?v=J7aQdIj-jHc,silas noyes,https://www.youtube.com/channel/UCnbrqT13lFTJN9AU9obDGmQ,J7aQdIj-jHc,0,category,cat-v1,0.6,24
unboxing of corolla cross 118 scale diecast  highly detailed model,https://www.youtube.com/watch?v=IwLGIdo1S6s,innorative,https://www.youtube.com/channel/UCEhatfAKNSeCeGSiyylXULQ,IwLGIdo1S6s,0,category,cat-v1,0.6,24
fidget toy advent calendar full unboxing,https://www.youtube.com/watch?v=P6-WfJAP3A4,doctor squish shorts,https://www.youtube.com/channel/UCKPm2tALcheaa9DxB3hyvJg,P6-WfJAP3A4,0,category,cat-v1,0.6,24
asmr unboxing the new 100 mystery disney capsules✨ im in love🫢 shorts,https://www.youtube.com/watch?v=Uh57RYn1tAQ,rhia official,https://www.youtube.com/channel/UCQdsJ95w9jh-yB0BA6EDGWA,Uh57RYn1tAQ,0,category,cat-v1,0.6,24
asmr unboxing the worlds biggest lol mystery bubble surprise🫧 25 finds🫢 shorts,https://www.youtube.com/watch?v=jay39Ij8K-E,rhia official,https://www.youtube.com/channel/UCQdsJ95w9jh-yB0BA6EDGWA,jay39Ij8K-E,0,category,cat-v1,0.6,24
unboxing your used squishies  squishy makeover candidates,https://www.youtube.com/watch?v=1jxcy93fqVQ,moriah elizabeth,https://www.youtube.com/channel/UCYAB7hh1ohA8-iX54EpMdeA,1jxcy93fqVQ,0,category,cat-v1,0.6,24
asmr unboxing my first ever labubus blind boxes🫢✨️ secret rare find shorts,https://www.youtube.com/watch?v=lx-J7vBu9Rw,rhia official,https://www.youtube.com/channel/UCQdsJ95w9jh-yB0BA6EDGWA,lx-J7vBu9Rw,0,category,cat-v1,0.6,24
hello kitty satisfying with unboxing  review miniature kitchen set toys cooking video asmr videos,https://www.youtube.com/watch?v=jAgncOrUtlQ,cute toys,https://www.youtube.com/channel/UC-0QTZh5N_OnODuN2I9oWdQ,jAgncOrUtlQ,0,category,cat-v1,0.6,24
unboxing mainan mrbeast,https://www.youtube.com/watch?v=MegB8VaURRU,jess no limit,https://www.youtube.com/channel/UCvh1at6xpV1ytYOAzxmqUsA,MegB8VaURRU,0,category,cat-v1,0.6,24
a new big challenge,https://www.youtube.com/watch?v=_c-dQXFOutY,souptimmy,https://www.youtube.com/channel/UCpp1GoykvTBuPiZt3FiFHjg,_c-dQXFOutY,0,category,cat-v1,0.6,24
lucu banget casetify❤️❤️ shorts itsmeissie,https://www.youtube.com/watch?v=7l9Ja2xKe_E,itsmeissie,https://www.youtube.com/channel/UCPOyt9Ii791y25bRdoCT8aQ,7l9Ja2xKe_E,0,category,cat-v1,0.6,24
unboxing 12₹ mini gift boxes  diyaishwarya unboxing  diy ,https://www.youtube.com/watch?v=Rv47-I5Ej30,diya ishwarya,https://www.youtube.com/channel/UCtaEISDP67p0divK0Q6HiWA,Rv47-I5Ej30,0,category,cat-v1,0.6,24
i bought the world’s largest labubu  giant labubu unboxing,https://www.youtube.com/watch?v=fZeAhe2IDuw,chillin with rachel ,https://www.youtube.com/channel/UCsUGQ3eJjYOv00609MFs1wQ,fZeAhe2IDuw,0,category,cat-v1,0.6,24
party popper  party time  unboxing unboxing gift party smile shortsfeeds shorts ytshorts,https://www.youtube.com/watch?v=IOVafg_8xkc,mrrana ,https://www.youtube.com/channel/UCxO3Z6I-TN_huhPdps7MG_A,IOVafg_8xkc,0,category,cat-v1,0.6,24
60 minutes satisfying with unboxing ultimate disney frozen elsa toys collection review  asmr,https://www.youtube.com/watch?v=1F_bYtTTaLg,my cute toys,https://www.youtube.com/channel/UCzQ_otizu5yYLHSc_HRzpkA,1F_bYtTTaLg,0,category,cat-v1,0.6,24
unboxing my birthday gifts  tyronia fowler,https://www.youtube.com/watch?v=AigVQSKXic0,mommy toni fowler,https://www.youtube.com/channel/UCFxmja7gSSq0fMmo4SoaCWw,AigVQSKXic0,0,category,cat-v1,0.6,24
clay unboxing asmr,https://www.youtube.com/watch?v=MrFUYu65wKI,medina kreatif,https://www.youtube.com/channel/UCTlrWJPqinbOMezV_APdpjg,MrFUYu65wKI,0,category,cat-v1,0.6,24
asmr unboxing the worlds biggest netflix advent calendar 2024️ boxes 28🫢 shorts,https://www.youtube.com/watch?v=Ulhygh0BWG0,rhia official,https://www.youtube.com/channel/UCQdsJ95w9jh-yB0BA6EDGWA,Ulhygh0BWG0,0,category,cat-v1,0.6,24
pink amazon unboxing 🩷 aesthetic asmr preppyyyy,https://www.youtube.com/watch?v=YjrKgACNtg4,alexis jacobo,https://www.youtube.com/channel/UCjHKIzvzdOfEuy1w8LWxC4A,YjrKgACNtg4,0,category,cat-v1,0.6,24
asmr unboxing the new mystery cookeez makery freezy fridge🫢🥶❄️️ must see shorts,https://www.youtube.com/watch?v=ZAsvCBf4pz4,rhia official,https://www.youtube.com/channel/UCQdsJ95w9jh-yB0BA6EDGWA,ZAsvCBf4pz4,0,category,cat-v1,0.6,24
blindbox anomali brainrot 🤯 blindbox unboxing anomali tungtungtungsahur brainrot,https://www.youtube.com/watch?v=_6DpHqD5JJA,jessica effendy,https://www.youtube.com/channel/UCYidDWZ7UdopiMiHiBlKBMg,_6DpHqD5JJA,0,category,cat-v1,0.6,24
unboxing the strangest items at 3 am  1 amazon fidgets,https://www.youtube.com/watch?v=Zg-4cttU_zo,it’sarah ,https://www.youtube.com/channel/UCNpc6BMk8peBkPMmMZgorQg,Zg-4cttU_zo,0,category,cat-v1,0.6,24
unboxing regalo de sheglam parte 1,https://www.youtube.com/watch?v=1WH2Za5SvoY,fresajapomex,https://www.youtube.com/channel/UCGiyDV_ciwtPsdfkPO2FQgg,1WH2Za5SvoY,0,category,cat-v1,0.6,24
opening the strangest mystery box 🤨 we got pranked,https://www.youtube.com/watch?v=ABGtYYpxxDA,chillin with rachel ,https://www.youtube.com/channel/UCsUGQ3eJjYOv00609MFs1wQ,ABGtYYpxxDA,0,category,cat-v1,0.6,24
ranking the funniest glitter dumpling unboxing reactions ✨ shorts glitterdumpling trend,https://www.youtube.com/watch?v=X2cIg16aUFE,angelie ranks,https://www.youtube.com/channel/UCEIyJJqDz2eNXUXXqCBTOOw,X2cIg16aUFE,0,category,cat-v1,0.6,24
day 2 at a candy shop,https://www.youtube.com/watch?v=XuqSWVPhmLo,milad mirg,https://www.youtube.com/channel/UCWLu3q9FEmPPYKcUAxKZb2A,XuqSWVPhmLo,0,category,cat-v1,0.6,24
when a customer is having a very bad day,https://www.youtube.com/watch?v=9Nki8_rINqU,dani razooqi,https://www.youtube.com/channel/UC3Np7DUewV3LhtmR8BVDrCQ,9Nki8_rINqU,0,category,cat-v1,0.6,24
storytime i was chased by a starbucks employee,https://www.youtube.com/watch?v=Ob2jBvPIisU,little remy food ,https://www.youtube.com/channel/UCMCjKjb89bA2O2LnIxFZmGw,Ob2jBvPIisU,0,category,cat-v1,0.6,24
storytime candy heist gone wrong,https://www.youtube.com/watch?v=7FelQ4h5uNk,little remy food ,https://www.youtube.com/channel/UCMCjKjb89bA2O2LnIxFZmGw,7FelQ4h5uNk,0,category,cat-v1,0.6,24
storytime my sisters noises was the hotel fire alarm,https://www.youtube.com/watch?v=yJkboTmaTrI,little remy food ,https://www.youtube.com/channel/UCMCjKjb89bA2O2LnIxFZmGw,yJkboTmaTrI,0,category,cat-v1,0.6,24
storytime when i left the cringiest youtube comment ever,https://www.youtube.com/watch?v=5qJtmnyA-u0,little remy food ,https://www.youtube.com/channel/UCMCjKjb89bA2O2LnIxFZmGw,5qJtmnyA-u0,0,category,cat-v1,0.6,24
storytime my friend stole all my clothes,https://www.youtube.com/watch?v=RiWv82jicZE,little remy food ,https://www.youtube.com/channel/UCMCjKjb89bA2O2LnIxFZmGw,RiWv82jicZE,0,category,cat-v1,0.6,24
storytime the birthday party betrayal that ended a friendship,https://www.youtube.com/watch?v=wlZoz59qpOk,little remy food ,https://www.youtube.com/channel/UCMCjKjb89bA2O2LnIxFZmGw,wlZoz59qpOk,0,category,cat-v1,0.6,24
storytime my 3am hunger pangs made me eat something weird,https://www.youtube.com/watch?v=f8WVV93dLYs,little remy food ,https://www.youtube.com/channel/UCMCjKjb89bA2O2LnIxFZmGw,f8WVV93dLYs,0,category,cat-v1,0.6,24
storytime my friends mom ruined chocolate milk,https://www.youtube.com/watch?v=c1mJTHZa0Wo,little remy food ,https://www.youtube.com/channel/UCMCjKjb89bA2O2LnIxFZmGw,c1mJTHZa0Wo,0,category,cat-v1,0.6,24
storytime i called the police on my little brother,https://www.youtube.com/watch?v=oZ-GvDBd5X8,little remy food ,https://www.youtube.com/channel/UCMCjKjb89bA2O2LnIxFZmGw,oZ-GvDBd5X8,0,category,cat-v1,0.6,24
storytime my teachers day was ruined by bad behavior,https://www.youtube.com/watch?v=3FOiYdE3BQc,little remy food ,https://www.youtube.com/channel/UCMCjKjb89bA2O2LnIxFZmGw,3FOiYdE3BQc,0,category,cat-v1,0.6,24
storytime that time confessing to my pretend crush went horribly wrong,https://www.youtube.com/watch?v=6cB3wTgcnc8,little remy food ,https://www.youtube.com/channel/UCMCjKjb89bA2O2LnIxFZmGw,6cB3wTgcnc8,0,category,cat-v1,0.6,24
storytime my camp joke traumatized everyone,https://www.youtube.com/watch?v=PAN0rD2Jpb4,little remy food ,https://www.youtube.com/channel/UCMCjKjb89bA2O2LnIxFZmGw,PAN0rD2Jpb4,0,category,cat-v1,0.6,24
storytime i was so bad at english i was placed in esl,https://www.youtube.com/watch?v=-aMbtNj8ErU,little remy food ,https://www.youtube.com/channel/UCMCjKjb89bA2O2LnIxFZmGw,-aMbtNj8ErU,0,category,cat-v1,0.6,24
roasting marshmallows on a volcano storytime shorts,https://www.youtube.com/watch?v=H3LHGYgTlN4,horchata soto,https://www.youtube.com/channel/UCzkOp0ueqFF0yrwpimkjC9Q,H3LHGYgTlN4,0,category,cat-v1,0.6,24
pick me girl in your class comedy,https://www.youtube.com/watch?v=eR_--oLPqFw,frever studios,https://www.youtube.com/channel/UCp8Laxltj1wAgeV64d5ZpGg,eR_--oLPqFw,0,category,cat-v1,0.6,24
storytime my worst childhood business idea,https://www.youtube.com/watch?v=3Dv0Tl8LaWw,little remy food ,https://www.youtube.com/channel/UCMCjKjb89bA2O2LnIxFZmGw,3Dv0Tl8LaWw,0,category,cat-v1,0.6,24
a customer ditched out on her cake and blocked me 🤦‍♀️,https://www.youtube.com/watch?v=CgRPXxxyMQ4,bake my day mimo,https://www.youtube.com/channel/UC1KS73zK21sGvsSvCGV3TUw,CgRPXxxyMQ4,0,category,cat-v1,0.6,24
storytime i almost died on a theme park ride,https://www.youtube.com/watch?v=CffR8tCR0J4,little remy food ,https://www.youtube.com/channel/UCMCjKjb89bA2O2LnIxFZmGw,CffR8tCR0J4,0,category,cat-v1,0.6,24
storytime the dumbest way i pranked my neighbor,https://www.youtube.com/watch?v=qjNnlE_ww1g,little remy food ,https://www.youtube.com/channel/UCMCjKjb89bA2O2LnIxFZmGw,qjNnlE_ww1g,0,category,cat-v1,0.6,24
5th graders storytime shorts,https://www.youtube.com/watch?v=T788Y9dFtaw,horchata soto,https://www.youtube.com/channel/UCzkOp0ueqFF0yrwpimkjC9Q,T788Y9dFtaw,0,category,cat-v1,0.6,24
annoying orange  storytime supercut season 1,https://www.youtube.com/watch?v=xnAfLcgnLpU,annoying orange,https://www.youtube.com/channel/UCi-5OZ2tYuwMLIcEyOsbdRA,xnAfLcgnLpU,0,category,cat-v1,0.6,24
storytime my homework was stolen by a bridge,https://www.youtube.com/watch?v=hAewSp7BnbA,little remy food ,https://www.youtube.com/channel/UCMCjKjb89bA2O2LnIxFZmGw,hAewSp7BnbA,0,category,cat-v1,0.6,24
storytime  sekora  sefari look into the future in toca life world,https://www.youtube.com/watch?v=REAJslY26fs,sekora and sefari play,https://www.youtube.com/channel/UCLaZsVGWtAbL1GPemt6HThQ,REAJslY26fs,0,category,cat-v1,0.6,24
 live storytime with bluey  bluey,https://www.youtube.com/watch?v=qI9cdiBvFZY,bluey  official channel,https://www.youtube.com/channel/UCVzLLZkDuFGAE2BGdBuBNBg,qI9cdiBvFZY,0,category,cat-v1,0.6,24
storytime my most bizarre christmas gift exchange,https://www.youtube.com/watch?v=vpTIFFVOUL8,little remy food ,https://www.youtube.com/channel/UCMCjKjb89bA2O2LnIxFZmGw,vpTIFFVOUL8,0,category,cat-v1,0.6,24
painting on trash 1,https://www.youtube.com/watch?v=tBjMmU4Ssj4,moriah elizabeth,https://www.youtube.com/channel/UCYAB7hh1ohA8-iX54EpMdeA,tBjMmU4Ssj4,0,category,cat-v1,0.6,24
you have to use all your words by midnight part 3,https://www.youtube.com/watch?v=_K6VPSQ1A-s,jessica kaylee,https://www.youtube.com/channel/UCZ7HzTBmljSCMBNRoNgHuJA,_K6VPSQ1A-s,0,category,cat-v1,0.6,24
23 this child tiktoker looks like shes in trouble   shorts,https://www.youtube.com/watch?v=o5An0V3IGjM,wth internet,https://www.youtube.com/channel/UCBoRzk-1EtvaqmoMasB-HBQ,o5An0V3IGjM,0,category,cat-v1,0.6,24
storytime i built a diy restaurant in my kitchen,https://www.youtube.com/watch?v=tzEf9Kt9gA4,little remy food ,https://www.youtube.com/channel/UCMCjKjb89bA2O2LnIxFZmGw,tzEf9Kt9gA4,0,category,cat-v1,0.6,24
storytime i thought my neighbor was a stalker,https://www.youtube.com/watch?v=ZH2pBDiOMUE,little remy food ,https://www.youtube.com/channel/UCMCjKjb89bA2O2LnIxFZmGw,ZH2pBDiOMUE,0,category,cat-v1,0.6,24
reviewing 1 year old returned slime packages 🤢,https://www.youtube.com/watch?v=Cn8GbDNcc-Q,chillin with rachel ,https://www.youtube.com/channel/UCsUGQ3eJjYOv00609MFs1wQ,Cn8GbDNcc-Q,0,category,cat-v1,0.6,24
es que el mar la llama pov humor comedia,https://www.youtube.com/watch?v=Lowo8QPRuH0,notzaarah,https://www.youtube.com/channel/UC9Zkxf0HrwFTfPH499pYKGQ,Lowo8QPRuH0,0,category,cat-v1,0.6,24
esta es la aterradora historia real  de barbie ✨ parte 1,https://www.youtube.com/watch?v=6RDn1TioarI,dipssy,https://www.youtube.com/channel/UC9oLc0vRyX20e4WeoEuwHfQ,6RDn1TioarI,0,category,cat-v1,0.6,24
storytime i forced myself to cry,https://www.youtube.com/watch?v=b2yUObAdkbQ,little remy food ,https://www.youtube.com/channel/UCMCjKjb89bA2O2LnIxFZmGw,b2yUObAdkbQ,0,category,cat-v1,0.6,24
i dropped out of college to become a nail tech ,https://www.youtube.com/watch?v=G30rGEnrppQ,anacrylics,https://www.youtube.com/channel/UCMg6kBf5SkG4tG2I-59Ugiw,G30rGEnrppQ,0,category,cat-v1,0.6,24
story time  too many sweets is not good   kids video,https://www.youtube.com/watch?v=Eause0vTv7Q,toony friends tv,https://www.youtube.com/channel/UC5VCIhG7-ITDiodsL2e_y3w,Eause0vTv7Q,0,category,cat-v1,0.6,24
using the bathroom in school storytime shorts,https://www.youtube.com/watch?v=nTM0qDb-f4s,horchata soto,https://www.youtube.com/channel/UCzkOp0ueqFF0yrwpimkjC9Q,nTM0qDb-f4s,0,category,cat-v1,0.6,24
storytime my family thought i was just sleeping for 3 days straight,https://www.youtube.com/watch?v=YzL7SfsAx3I,little remy food ,https://www.youtube.com/channel/UCMCjKjb89bA2O2LnIxFZmGw,YzL7SfsAx3I,0,category,cat-v1,0.6,24
what’s it’s like having 15 siblings 🥲 shorts,https://www.youtube.com/watch?v=T2woG2mbktM,justkass,https://www.youtube.com/channel/UCMCMjTKUqJ1pUzmHnKrmiCA,T2woG2mbktM,0,category,cat-v1,0.6,24
pete the cat compilation   i love my white shoes  rocking in my school shoes  four groovy buttons,https://www.youtube.com/watch?v=Tl6jX9W1t70,cupcake storytime,https://www.youtube.com/channel/UCRoLJO1T7rKC8eD--RxbDbA,Tl6jX9W1t70,0,category,cat-v1,0.6,24
 cake decorating storytime  best tiktok compilation 63,https://www.youtube.com/watch?v=COgo5_FAJzg,sweet storytime,https://www.youtube.com/channel/UCJdPEWrv-FDr_QkE1683GcA,COgo5_FAJzg,0,category,cat-v1,0.6,24
animated shortsstorytime animatedakinommy storytime animated akinom shorts storytime animated,https://www.youtube.com/watch?v=-Ymqf7qsyOU,akinom,https://www.youtube.com/channel/UCGSjyYn9OHZ_SRREKbIXrAQ,-Ymqf7qsyOU,0,category,cat-v1,0.6,24
storytime that time i survived a movie theater nightmare,https://www.youtube.com/watch?v=prZYAzcKm2g,little remy food ,https://www.youtube.com/channel/UCMCjKjb89bA2O2LnIxFZmGw,prZYAzcKm2g,0,category,cat-v1,0.6,24
storytime i ruined my school project,https://www.youtube.com/watch?v=2TxLItCIo4k,little remy food ,https://www.youtube.com/channel/UCMCjKjb89bA2O2LnIxFZmGw,2TxLItCIo4k,0,category,cat-v1,0.6,24
storytime i tried to be one of the bad kids summervibes,https://www.youtube.com/watch?v=0h3Q3hFHWAA,little remy food ,https://www.youtube.com/channel/UCMCjKjb89bA2O2LnIxFZmGw,0h3Q3hFHWAA,0,category,cat-v1,0.6,24
insane true story 🤯 shorts storytime true,https://www.youtube.com/watch?v=-5t8wNj2BuU,oddities on elm street,https://www.youtube.com/channel/UCTcAa3uYwneFMmp1JNUlumA,-5t8wNj2BuU,0,category,cat-v1,0.6,24
storytime the day i played on the wrong playground,https://www.youtube.com/watch?v=cysrAI7Tx94,little remy food ,https://www.youtube.com/channel/UCMCjKjb89bA2O2LnIxFZmGw,cysrAI7Tx94,0,category,cat-v1,0.6,24
paulas abschminken storytime  mein armes auge ,https://www.youtube.com/watch?v=AiOmqb7zlBA,paula wolf official,https://www.youtube.com/channel/UC1w25Dr5mYY-EKse9Tel-dQ,AiOmqb7zlBA,0,category,cat-v1,0.6,24
